Utterance,Intent
Pay 750 via bob@ybl,pay via UPI ID
Send 2000 to Emma,pay via contacts
"Send 28532 to account 4467829142, IFSC AXIS0001122.",bank_transfer
Display my recent transactions,transaction history
Can you pay 500 to John?,pay via contacts
Can you fetch my payment QR code?,show my QR code
Transfer 20440 to Carlos Silva.,bank_transfer
Self-payment of ₹6000,pay to self
Add ₹100 to my digital wallet,pay to self
I need to see my past transactions,transaction history
Can you fetch my last payments?,transaction history
Send 20440 to IFSC AXIS0001122.,bank_transfer
Transfer 2000 to Bob,pay via contacts
Fund 1541 to 9883430417,pay via number
Move ₹5500 within my accounts,pay to self
Move some funds to my personal account,pay to self
I need to move ₹700 to another account of mine,pay to self
Fund 1541 to 9883430417,pay via number
Pay 1762 to 9621239137,pay via number
Can you fetch my payment QR code?,show my QR code
Send 1336 INR to 9995276216,pay via number
Make a UPI payment of 2000 to bob@ybl,pay via UPI ID
Send 2000 to Bob,pay via contacts
Send 500 to bob@ybl,pay via UPI ID
Transfer 20440.,bank_transfer
Transfer 31401.,bank_transfer
Show my transaction history,transaction history
Transfer money to 9640360845,pay via number
Pay ₹8000 into my own bank,pay to self
Transfer 1657 via 9176273695,pay via number
Send 2000 to emma@paytm,pay via UPI ID
Transfer 2000 using bob@ybl,pay via UPI ID
Can you pay 750 to Alice?,pay via contacts
Transfer 1657 via 9176273695,pay via number
Send 1000 to emma@paytm,pay via UPI ID
Send 500 to Bob,pay via contacts
Transfer to account 8871333370.,bank_transfer
Send 2000 to Alice,pay via contacts
Show my QR code for payment,show my QR code
Transfer to account 9606509765.,bank_transfer
Pay using the scanned QR code,pay via QR code
Can you pay 500 to Bob?,pay via contacts
Send 250 to emma@paytm,pay via UPI ID
Make a payment of 1000 to Alice,pay via contacts
Transfer 28532.,bank_transfer
Do a bank transfer.,bank_transfer
I need my QR code for transactions,show my QR code
Move ₹1000 from checking to savings,pay to self
Transfer 1000 using emma@paytm,pay via UPI ID
Can you process a QR code payment?,pay via QR code
I need my QR code for transactions,show my QR code
Move some funds to my personal account,pay to self
Transfer money to 9640360845,pay via number
Can I transfer ₹5000 to myself?,pay to self
I want to pay myself ₹3000,pay to self
Scan a QR code to pay,pay via QR code
I need to see my past transactions,transaction history
I need to see my past transactions,transaction history
Send 3540 to 9598261481,pay via number
Transfer to account 9180071527.,bank_transfer
Can you fetch my last payments?,transaction history
Transfer 750 using bob@ybl,pay via UPI ID
Can you pay 750 to John?,pay via contacts
Fund transfer to self ₹200,pay to self
I need my QR code for transactions,show my QR code
Can you fetch my payment QR code?,show my QR code
Send 1000 to emma@paytm,pay via UPI ID
Send 1336 INR to 9995276216,pay via number
Can you pay 250 to Emma?,pay via contacts
Move some funds to my personal account,pay to self
Transfer 250 to Alice,pay via contacts
Can I transfer ₹5000 to myself?,pay to self
Make a payment using QR,pay via QR code
Display my QR code,show my QR code
Send 1336 INR to 9995276216,pay via number
Show my QR code for payment,show my QR code
Can you pay 1000 to John?,pay via contacts
Move ₹5500 within my accounts,pay to self
Send 1336 INR to 9995276216,pay via number
Display my QR code,show my QR code
Send 1336 INR to 9995276216,pay via number
Self-payment of ₹6000,pay to self
Transfer 1000 using emma@paytm,pay via UPI ID
Can you fetch my payment QR code?,show my QR code
Send 250 to John,pay via contacts
Send 4209 to IFSC PNB0005432.,bank_transfer
"Send 20503 to account 5265416525, IFSC SBIN0001234.",bank_transfer
Make a payment using QR,pay via QR code
Display my recent transactions,transaction history
Display my QR code,show my QR code
Display my recent transactions,transaction history
Make a payment using QR,pay via QR code
Transfer 5727.,bank_transfer
Send 3540 to 9598261481,pay via number
I need my QR code for transactions,show my QR code
I need my QR code for transactions,show my QR code
I need my QR code for transactions,show my QR code
Can you process a QR code payment?,pay via QR code
Make a UPI payment of 1000 to john@sbi,pay via UPI ID
Can you fetch my last payments?,transaction history
Pay using the scanned QR code,pay via QR code
Can you fetch my last payments?,transaction history
Shift ₹4500 from wallet to bank,pay to self
Scan a QR code to pay,pay via QR code
Display my QR code,show my QR code
Can I send ₹2500 to my own account?,pay to self
"Send 41382 to account 6284165127, IFSC PNB0005432.",bank_transfer
I need to see my past transactions,transaction history
Pay using the scanned QR code,pay via QR code
Transfer 500 to Emma,pay via contacts
Transfer money to 9640360845,pay via number
Display my recent transactions,transaction history
Deposit ₹900 into my account from UPI,pay to self
Pay 1762 to 9621239137,pay via number
Show my transaction history,transaction history
Move ₹1000 from checking to savings,pay to self
Make a payment using QR,pay via QR code
Pay using the scanned QR code,pay via QR code
"Transfer 32617 to Mei Chen, account number 3503310637, IFSC ICIC0009876.",bank_transfer
Transfer 2000 using emma@paytm,pay via UPI ID
Show my transaction history,transaction history
Shift ₹4000 to my savings,pay to self
Can you pay 750 to Bob?,pay via contacts
Transfer 750 using alice@upi,pay via UPI ID
Shift ₹4000 to my savings,pay to self
I need my QR code for transactions,show my QR code
Make a payment using QR,pay via QR code
Transfer 1657 via 9176273695,pay via number
Make a payment using QR,pay via QR code
Send 750 to john@sbi,pay via UPI ID
Transfer money to 9640360845,pay via number
Show my QR code for payment,show my QR code
Pay 2000 via alice@upi,pay via UPI ID
Can you fetch my last payments?,transaction history
Show my transaction history,transaction history
Display my recent transactions,transaction history
Scan a QR code to pay,pay via QR code
Show my QR code for payment,show my QR code
I want to pay myself ₹3000,pay to self
Shift ₹4500 from wallet to bank,pay to self
Show my QR code for payment,show my QR code
Make a payment using QR,pay via QR code
Transfer 2000 to John,pay via contacts
Transfer 1657 via 9176273695,pay via number
Transfer money to my own account,pay to self
Pay 500 via john@sbi,pay via UPI ID
Show my transaction history,transaction history
Show my transaction history,transaction history
Display my recent transactions,transaction history
Show my QR code for payment,show my QR code
Can I transfer ₹5000 to myself?,pay to self
Pay 2000 via bob@ybl,pay via UPI ID
Transfer to account 9446895308.,bank_transfer
Can I send ₹2500 to my own account?,pay to self
Send 1336 INR to 9995276216,pay via number
I need my QR code for transactions,show my QR code
Make a payment of 2000 to Bob,pay via contacts
Can you process a QR code payment?,pay via QR code
Send 1336 INR to 9995276216,pay via number
Scan a QR code to pay,pay via QR code
Pay 750 via emma@paytm,pay via UPI ID
Send 24357 to IFSC AXIS0001122.,bank_transfer
Make a UPI payment of 750 to bob@ybl,pay via UPI ID
Show my transaction history,transaction history
Transfer money to 9640360845,pay via number
Can you process a QR code payment?,pay via QR code
I need my QR code for transactions,show my QR code
Can you pay 500 to Alice?,pay via contacts
Shift ₹4500 from wallet to bank,pay to self
Transfer 4209.,bank_transfer
Pay using the scanned QR code,pay via QR code
Self-payment of ₹6000,pay to self
Can you fetch my payment QR code?,show my QR code
Display my QR code,show my QR code
Can you pay 500 to Bob?,pay via contacts
Transfer 31401.,bank_transfer
Scan a QR code to pay,pay via QR code
Scan a QR code to pay,pay via QR code
Transfer 24477 to Akash Nair.,bank_transfer
Can you fetch my payment QR code?,show my QR code
Shift ₹4500 from wallet to bank,pay to self
I need to see my past transactions,transaction history
Display my recent transactions,transaction history
Pay bill of 463 using 9709787304,pay via number
Do a bank transfer.,bank_transfer
Display my recent transactions,transaction history
Display my recent transactions,transaction history
I need to see my past transactions,transaction history
Can you pay 250 to John?,pay via contacts
Transfer 4867.,bank_transfer
Pay bill of 463 using 9709787304,pay via number
Make a payment using QR,pay via QR code
Display my recent transactions,transaction history
Show my QR code for payment,show my QR code
Send 250 to emma@paytm,pay via UPI ID
Can you fetch my last payments?,transaction history
Show my transaction history,transaction history
Send 2000 to emma@paytm,pay via UPI ID
I need to see my past transactions,transaction history
Pay bill of 463 using 9709787304,pay via number
Fund 1541 to 9883430417,pay via number
Make a payment of 2000 to Alice,pay via contacts
Transfer money to my own account,pay to self
Pay bill of 463 using 9709787304,pay via number
Send 3540 to 9598261481,pay via number
Send ₹3500 from my UPI to my own bank,pay to self
I need my QR code for transactions,show my QR code
Display my recent transactions,transaction history
"Transfer 20440 to Priya Kapoor, account number 5728856473, IFSC AXIS0001122.",bank_transfer
Send 3540 to 9598261481,pay via number
Send 1000 to Emma,pay via contacts
Self-transfer ₹1500,pay to self
Show my transaction history,transaction history
Can you fetch my last payments?,transaction history
Can you fetch my last payments?,transaction history
Pay 1762 to 9621239137,pay via number
Transfer 28532.,bank_transfer
Can you fetch my payment QR code?,show my QR code
Display my QR code,show my QR code
Make a payment of 1000 to John,pay via contacts
Send ₹3500 from my UPI to my own bank,pay to self
Show my transaction history,transaction history
Scan a QR code to pay,pay via QR code
Make a payment using QR,pay via QR code
Can you pay 750 to Alice?,pay via contacts
Make a payment of 2000 to Bob,pay via contacts
Can you fetch my payment QR code?,show my QR code
Transfer 1657 via 9176273695,pay via number
Pay bill of 463 using 9709787304,pay via number
I need my QR code for transactions,show my QR code
Transfer money to 9640360845,pay via number
I need to see my past transactions,transaction history
"Transfer 26997 to Priya Kapoor, account number 4284769487, IFSC YESB0003344.",bank_transfer
Transfer 1657 via 9176273695,pay via number
Send 1336 INR to 9995276216,pay via number
Send 250 to Bob,pay via contacts
"Send money to Carlos Silva, account number 9654334863.",bank_transfer
Can you pay 750 to John?,pay via contacts
Send 41382 to IFSC HDFC0005678.,bank_transfer
Deposit ₹900 into my account from UPI,pay to self
Pay ₹8000 into my own bank,pay to self
Fund transfer to self ₹200,pay to self
I need my QR code for transactions,show my QR code
I need to move ₹700 to another account of mine,pay to self
Can you fetch my last payments?,transaction history
Transfer money to 9640360845,pay via number
Self-payment of ₹6000,pay to self
I need to see my past transactions,transaction history
Transfer 500 using bob@ybl,pay via UPI ID
Make a payment of 250 to John,pay via contacts
Transfer 500 using emma@paytm,pay via UPI ID
Pay ₹8000 into my own bank,pay to self
Add ₹10000 to my secondary account,pay to self
Scan a QR code to pay,pay via QR code
Make a payment using QR,pay via QR code
Fund 1541 to 9883430417,pay via number
Add ₹100 to my digital wallet,pay to self
Pay using the scanned QR code,pay via QR code
Transfer 14720 to Priya Kapoor.,bank_transfer
Display my recent transactions,transaction history
Display my QR code,show my QR code
Transfer to account 8362678849.,bank_transfer
Scan a QR code to pay,pay via QR code
Move some funds to my personal account,pay to self
"Transfer 24477 to Priya Kapoor, account number 6284165127, IFSC PNB0005432.",bank_transfer
Pay 750 via alice@upi,pay via UPI ID
"Transfer 48843 to David Johnson, account number 3075005585, IFSC HDFC0005678.",bank_transfer
Send 3540 to 9598261481,pay via number
Can you fetch my payment QR code?,show my QR code
Transfer to account 9180071527.,bank_transfer
Transfer 2000 to John,pay via contacts
Transfer money to 9640360845,pay via number
Transfer 1000 using bob@ybl,pay via UPI ID
Display my recent transactions,transaction history
Can you pay 750 to Bob?,pay via contacts
Send 500 to bob@ybl,pay via UPI ID
Move some funds to my personal account,pay to self
Deposit ₹900 into my account from UPI,pay to self
Send 3540 to 9598261481,pay via number
Display my QR code,show my QR code
Transfer 1000 using john@sbi,pay via UPI ID
Pay 1762 to 9621239137,pay via number
Pay 2000 via alice@upi,pay via UPI ID
Send 500 to Emma,pay via contacts
Pay 750 via bob@ybl,pay via UPI ID
Add ₹10000 to my secondary account,pay to self
Transfer 1657 via 9176273695,pay via number
Transfer 500 to John,pay via contacts
Add ₹100 to my digital wallet,pay to self
Send 3540 to 9598261481,pay via number
Can you process a QR code payment?,pay via QR code
Pay bill of 463 using 9709787304,pay via number
Transfer 750 to Emma,pay via contacts
Make a UPI payment of 2000 to alice@upi,pay via UPI ID
Show my QR code for payment,show my QR code
Can you fetch my payment QR code?,show my QR code
Pay using the scanned QR code,pay via QR code
Display my recent transactions,transaction history
Can you fetch my last payments?,transaction history
Send 26997 to IFSC PNB0005432.,bank_transfer
Pay 250 via john@sbi,pay via UPI ID
Show my QR code for payment,show my QR code
Show my transaction history,transaction history
Transfer money to 9640360845,pay via number
Show my QR code for payment,show my QR code
Display my QR code,show my QR code
Can you process a QR code payment?,pay via QR code
Make a UPI payment of 500 to john@sbi,pay via UPI ID
Send 1336 INR to 9995276216,pay via number
Send 250 to bob@ybl,pay via UPI ID
I need my QR code for transactions,show my QR code
Transfer to account 7036643460.,bank_transfer
Transfer 1657 via 9176273695,pay via number
Display my recent transactions,transaction history
Move ₹1000 from checking to savings,pay to self
Send 3540 to 9598261481,pay via number
Display my recent transactions,transaction history
Can you fetch my payment QR code?,show my QR code
Pay using the scanned QR code,pay via QR code
Move ₹1000 from checking to savings,pay to self
Transfer 2000 using emma@paytm,pay via UPI ID
Can you process a QR code payment?,pay via QR code
Make a payment using QR,pay via QR code
Can you fetch my last payments?,transaction history
Scan a QR code to pay,pay via QR code
I want to pay myself ₹3000,pay to self
Transfer 1657 via 9176273695,pay via number
"Send 26997 to account 4467829142, IFSC BOFA0006789.",bank_transfer
Send 750 to Alice,pay via contacts
Fund 1541 to 9883430417,pay via number
Pay bill of 463 using 9709787304,pay via number
Send 250 to john@sbi,pay via UPI ID
Show my QR code for payment,show my QR code
Transfer 1657 via 9176273695,pay via number
I need to see my past transactions,transaction history
Fund 1541 to 9883430417,pay via number
Display my recent transactions,transaction history
Send 1336 INR to 9995276216,pay via number
Shift ₹4500 from wallet to bank,pay to self
Transfer money to 9640360845,pay via number
Make a payment using QR,pay via QR code
Pay ₹8000 into my own bank,pay to self
Scan a QR code to pay,pay via QR code
Move some funds to my personal account,pay to self
I need to see my past transactions,transaction history
Can you fetch my payment QR code?,show my QR code
Send 2000 to alice@upi,pay via UPI ID
Pay using the scanned QR code,pay via QR code
Can you process a QR code payment?,pay via QR code
Pay 1000 via alice@upi,pay via UPI ID
Transfer to account 9654334863.,bank_transfer
Pay bill of 463 using 9709787304,pay via number
Pay 1762 to 9621239137,pay via number
Can you pay 2000 to Alice?,pay via contacts
Deposit ₹2000 into my bank account,pay to self
Can you fetch my payment QR code?,show my QR code
I need my QR code for transactions,show my QR code
Make a payment using QR,pay via QR code
Send 3540 to 9598261481,pay via number
Send 250 to Alice,pay via contacts
Can you fetch my payment QR code?,show my QR code
Make a payment using QR,pay via QR code
Transfer 1000 to Emma,pay via contacts
Can you fetch my payment QR code?,show my QR code
"Transfer 37057 to Carlos Silva, account number 5472871348, IFSC SBIN0001234.",bank_transfer
I need my QR code for transactions,show my QR code
Display my QR code,show my QR code
Deposit ₹2000 into my bank account,pay to self
"Send money to Fatima Begum, account number 3870827289.",bank_transfer
Send 750 to alice@upi,pay via UPI ID
"Transfer 37057 to Olivia Brown, account number 5472871348, IFSC SBIN0001234.",bank_transfer
Pay 1000 via john@sbi,pay via UPI ID
Transfer 250 to Emma,pay via contacts
Send 2000 to bob@ybl,pay via UPI ID
Transfer 500 to John,pay via contacts
Display my recent transactions,transaction history
Can you process a QR code payment?,pay via QR code
Show my transaction history,transaction history
Transfer 32617 to Olivia Brown.,bank_transfer
Send 250 to Bob,pay via contacts
I need to see my past transactions,transaction history
Transfer 34700 to Olivia Brown.,bank_transfer
Can I transfer ₹5000 to myself?,pay to self
Move ₹5500 within my accounts,pay to self
Pay using the scanned QR code,pay via QR code
Transfer money to my own account,pay to self
Can you pay 250 to Emma?,pay via contacts
Transfer 14720.,bank_transfer
Make a payment of 500 to John,pay via contacts
Show my QR code for payment,show my QR code
Send ₹3500 from my UPI to my own bank,pay to self
Pay bill of 463 using 9709787304,pay via number
Make a UPI payment of 500 to john@sbi,pay via UPI ID
Transfer to account 5728856473.,bank_transfer
Display my QR code,show my QR code
Send 3540 to 9598261481,pay via number
Send ₹3500 from my UPI to my own bank,pay to self
Transfer 24357 to Fatima Begum.,bank_transfer
Send 1000 to John,pay via contacts
Can you fetch my payment QR code?,show my QR code
Send 1000 to bob@ybl,pay via UPI ID
Scan a QR code to pay,pay via QR code
Show my QR code for payment,show my QR code
Transfer 1657 via 9176273695,pay via number
Can you pay 750 to Bob?,pay via contacts
Fund 1541 to 9883430417,pay via number
Can you process a QR code payment?,pay via QR code
Transfer 41382.,bank_transfer
Send 750 to Alice,pay via contacts
Can you fetch my last payments?,transaction history
"Send 48843 to account 8871333370, IFSC BOFA0006789.",bank_transfer
Send 34700 to IFSC AXIS0001122.,bank_transfer
Make a payment using QR,pay via QR code
Deposit ₹900 into my account from UPI,pay to self
Pay 500 via alice@upi,pay via UPI ID
Make a UPI payment of 750 to emma@paytm,pay via UPI ID
Can you fetch my last payments?,transaction history
I need my QR code for transactions,show my QR code
Can you process a QR code payment?,pay via QR code
Send 24477 to IFSC YESB0003344.,bank_transfer
Make a UPI payment of 250 to john@sbi,pay via UPI ID
I want to pay myself ₹3000,pay to self
Make a payment using QR,pay via QR code
Pay ₹8000 into my own bank,pay to self
I need to see my past transactions,transaction history
Send 1336 INR to 9995276216,pay via number
Pay using the scanned QR code,pay via QR code
Transfer 500 using bob@ybl,pay via UPI ID
Do a bank transfer.,bank_transfer
Transfer 500 to Bob,pay via contacts
Transfer 26997.,bank_transfer
Send 500 to alice@upi,pay via UPI ID
Can I send ₹2500 to my own account?,pay to self
Make a UPI payment of 1000 to bob@ybl,pay via UPI ID
Send 250 to Alice,pay via contacts
Shift ₹4500 from wallet to bank,pay to self
Deposit ₹900 into my account from UPI,pay to self
Transfer 250 using alice@upi,pay via UPI ID
I need my QR code for transactions,show my QR code
Can you fetch my payment QR code?,show my QR code
Transfer money to 9640360845,pay via number
Transfer 1000 to John,pay via contacts
Pay 1762 to 9621239137,pay via number
Pay 750 via bob@ybl,pay via UPI ID
Display my recent transactions,transaction history
I need my QR code for transactions,show my QR code
Send 3540 to 9598261481,pay via number
Show my transaction history,transaction history
Scan a QR code to pay,pay via QR code
Shift ₹4000 to my savings,pay to self
Pay 1762 to 9621239137,pay via number
Can you process a QR code payment?,pay via QR code
Can you pay 2000 to Bob?,pay via contacts
Can you fetch my payment QR code?,show my QR code
Make a payment using QR,pay via QR code
Pay ₹8000 into my own bank,pay to self
"Send 48486 to account 9686302372, IFSC PNB0005432.",bank_transfer
"Send money to Anita Singh, account number 3503310637.",bank_transfer
Send 1000 to bob@ybl,pay via UPI ID
Send 500 to bob@ybl,pay via UPI ID
Show my transaction history,transaction history
Send 3540 to 9598261481,pay via number
Can you pay 750 to Alice?,pay via contacts
Make a UPI payment of 500 to alice@upi,pay via UPI ID
Can you fetch my payment QR code?,show my QR code
Display my QR code,show my QR code
Transfer 250 using alice@upi,pay via UPI ID
Pay bill of 463 using 9709787304,pay via number
Scan a QR code to pay,pay via QR code
Display my recent transactions,transaction history
Send 750 to john@sbi,pay via UPI ID
Pay 750 via john@sbi,pay via UPI ID
Can you fetch my payment QR code?,show my QR code
Fund 1541 to 9883430417,pay via number
Can you fetch my last payments?,transaction history
Make a payment of 250 to John,pay via contacts
Pay 250 via bob@ybl,pay via UPI ID
Display my recent transactions,transaction history
Send 3540 to 9598261481,pay via number
I need to move ₹700 to another account of mine,pay to self
Transfer 500 to Emma,pay via contacts
Can you process a QR code payment?,pay via QR code
Transfer to account 5265416525.,bank_transfer
Can you fetch my payment QR code?,show my QR code
I need my QR code for transactions,show my QR code
Show my QR code for payment,show my QR code
Send ₹3500 from my UPI to my own bank,pay to self
I need my QR code for transactions,show my QR code
Display my QR code,show my QR code
Make a payment of 500 to Alice,pay via contacts
Self-transfer ₹1500,pay to self
Transfer 1000 to John,pay via contacts
Can you process a QR code payment?,pay via QR code
Transfer 500 to John,pay via contacts
Can I transfer ₹5000 to myself?,pay to self
Can you fetch my last payments?,transaction history
Send 37057 to IFSC AXIS0001122.,bank_transfer
Transfer money to 9640360845,pay via number
Scan a QR code to pay,pay via QR code
Display my QR code,show my QR code
Transfer money to 9640360845,pay via number
Scan a QR code to pay,pay via QR code
Transfer 1000 to Bob,pay via contacts
Send 3540 to 9598261481,pay via number
Send 1336 INR to 9995276216,pay via number
Send 2000 to Bob,pay via contacts
Transfer 2000 to Alice,pay via contacts
Move some funds to my personal account,pay to self
Transfer money to 9640360845,pay via number
Make a payment of 250 to Emma,pay via contacts
Make a UPI payment of 750 to john@sbi,pay via UPI ID
Do a bank transfer.,bank_transfer
Pay ₹8000 into my own bank,pay to self
Display my QR code,show my QR code
Make a UPI payment of 1000 to bob@ybl,pay via UPI ID
Move ₹1000 from checking to savings,pay to self
Pay 1762 to 9621239137,pay via number
Scan a QR code to pay,pay via QR code
Can you process a QR code payment?,pay via QR code
Pay 750 via emma@paytm,pay via UPI ID
Pay using the scanned QR code,pay via QR code
Shift ₹4500 from wallet to bank,pay to self
Scan a QR code to pay,pay via QR code
Pay 1762 to 9621239137,pay via number
Can you process a QR code payment?,pay via QR code
Can you process a QR code payment?,pay via QR code
Fund 1541 to 9883430417,pay via number
Transfer money to 9640360845,pay via number
Pay 1000 via emma@paytm,pay via UPI ID
Can you fetch my payment QR code?,show my QR code
Can you pay 500 to Emma?,pay via contacts
Display my QR code,show my QR code
Make a payment of 2000 to Emma,pay via contacts
Fund 1541 to 9883430417,pay via number
Make a UPI payment of 750 to bob@ybl,pay via UPI ID
Send 1336 INR to 9995276216,pay via number
Transfer to account 9446895308.,bank_transfer
Fund 1541 to 9883430417,pay via number
Can I send ₹2500 to my own account?,pay to self
Send 3540 to 9598261481,pay via number
Make a UPI payment of 500 to bob@ybl,pay via UPI ID
Scan a QR code to pay,pay via QR code
I need to see my past transactions,transaction history
Can you fetch my last payments?,transaction history
Can you pay 250 to Bob?,pay via contacts
Can you fetch my last payments?,transaction history
Pay 2000 via bob@ybl,pay via UPI ID
Display my QR code,show my QR code
Transfer money to 9640360845,pay via number
Can you fetch my last payments?,transaction history
Pay using the scanned QR code,pay via QR code
Pay 1762 to 9621239137,pay via number
I need my QR code for transactions,show my QR code
Make a payment of 1000 to John,pay via contacts
Transfer 1657 via 9176273695,pay via number
Transfer 24477 to Akash Nair.,bank_transfer
Pay bill of 463 using 9709787304,pay via number
Send 500 to Emma,pay via contacts
Send 1336 INR to 9995276216,pay via number
Fund 1541 to 9883430417,pay via number
Scan a QR code to pay,pay via QR code
Transfer 2000 to Alice,pay via contacts
Transfer money to 9640360845,pay via number
Deposit ₹2000 into my bank account,pay to self
Do a bank transfer.,bank_transfer
I need my QR code for transactions,show my QR code
Can you process a QR code payment?,pay via QR code
Make a payment of 750 to Alice,pay via contacts
Make a payment of 750 to Bob,pay via contacts
Pay 250 via bob@ybl,pay via UPI ID
Transfer 500 to Alice,pay via contacts
Can you fetch my last payments?,transaction history
Make a payment using QR,pay via QR code
"Transfer 20440 to David Johnson, account number 4284769487, IFSC YESB0003344.",bank_transfer
Make a payment using QR,pay via QR code
"Send 37722 to account 9686302372, IFSC YESB0003344.",bank_transfer
Do a bank transfer.,bank_transfer
Move ₹5500 within my accounts,pay to self
Self-transfer ₹1500,pay to self
Make a payment of 250 to Emma,pay via contacts
Make a UPI payment of 1000 to alice@upi,pay via UPI ID
Transfer 20440.,bank_transfer
Send 250 to Bob,pay via contacts
Make a payment using QR,pay via QR code
Display my QR code,show my QR code
Make a payment using QR,pay via QR code
Send 1000 to Emma,pay via contacts
Pay using the scanned QR code,pay via QR code
Show my transaction history,transaction history
Make a payment using QR,pay via QR code
Show my QR code for payment,show my QR code
Pay 250 via alice@upi,pay via UPI ID
Scan a QR code to pay,pay via QR code
Show my QR code for payment,show my QR code
Transfer 32617 to Olivia Brown.,bank_transfer
Pay bill of 463 using 9709787304,pay via number
Show my transaction history,transaction history
Send 250 to bob@ybl,pay via UPI ID
Can you process a QR code payment?,pay via QR code
Make a payment using QR,pay via QR code
Can you fetch my last payments?,transaction history
Show my transaction history,transaction history
Send 24477 to IFSC BOFA0006789.,bank_transfer
Display my recent transactions,transaction history
Transfer 2000 using john@sbi,pay via UPI ID
I need my QR code for transactions,show my QR code
Can I send ₹2500 to my own account?,pay to self
Fund 1541 to 9883430417,pay via number
Make a payment using QR,pay via QR code
Make a payment of 750 to Emma,pay via contacts
Send 4867 to IFSC AXIS0001122.,bank_transfer
I need to see my past transactions,transaction history
Transfer money to my own account,pay to self
Show my transaction history,transaction history
Make a payment of 1000 to Bob,pay via contacts
Make a payment using QR,pay via QR code
Can you fetch my payment QR code?,show my QR code
Can you pay 250 to Alice?,pay via contacts
Make a payment using QR,pay via QR code
Deposit ₹2000 into my bank account,pay to self
Transfer 500 using emma@paytm,pay via UPI ID
Transfer 37057 to John Doe.,bank_transfer
Can you pay 2000 to Emma?,pay via contacts
Send 250 to Alice,pay via contacts
"Transfer 31401 to Rahul Sharma, account number 8871333370, IFSC ICIC0009876.",bank_transfer
Make a payment of 750 to Bob,pay via contacts
Make a payment of 250 to Emma,pay via contacts
Transfer 31401.,bank_transfer
Self-payment of ₹6000,pay to self
Move some funds to my personal account,pay to self
Add ₹100 to my digital wallet,pay to self
Send 1336 INR to 9995276216,pay via number
Pay using the scanned QR code,pay via QR code
Transfer 4209 to Carlos Silva.,bank_transfer
Show my QR code for payment,show my QR code
Send 3540 to 9598261481,pay via number
Transfer money to 9640360845,pay via number
Send 750 to Emma,pay via contacts
Can you pay 250 to John?,pay via contacts
Can you fetch my last payments?,transaction history
Make a payment of 2000 to Bob,pay via contacts
Pay using the scanned QR code,pay via QR code
Can I send ₹2500 to my own account?,pay to self
Send 3540 to 9598261481,pay via number
Self-payment of ₹6000,pay to self
Fund transfer to self ₹200,pay to self
Display my QR code,show my QR code
Show my QR code for payment,show my QR code
Show my transaction history,transaction history
Pay bill of 463 using 9709787304,pay via number
I need my QR code for transactions,show my QR code
Add ₹100 to my digital wallet,pay to self
Transfer 250 to Bob,pay via contacts
I need my QR code for transactions,show my QR code
Can you pay 250 to Alice?,pay via contacts
Make a payment of 250 to Emma,pay via contacts
Can you fetch my payment QR code?,show my QR code
Send 500 to alice@upi,pay via UPI ID
Show my QR code for payment,show my QR code
Can you fetch my last payments?,transaction history
Send 250 to bob@ybl,pay via UPI ID
Display my recent transactions,transaction history
Transfer 500 using john@sbi,pay via UPI ID
Send 1000 to Emma,pay via contacts
Send 3540 to 9598261481,pay via number
Shift ₹4500 from wallet to bank,pay to self
Transfer 20440 to Mei Chen.,bank_transfer
Can you process a QR code payment?,pay via QR code
Transfer 1000 to Alice,pay via contacts
Make a UPI payment of 750 to emma@paytm,pay via UPI ID
Transfer 250 to John,pay via contacts
Transfer 250 to Emma,pay via contacts
Transfer 2000 using emma@paytm,pay via UPI ID
Show my transaction history,transaction history
Can you pay 2000 to Alice?,pay via contacts
Can you pay 2000 to Emma?,pay via contacts
"Send 37057 to account 9180071527, IFSC ICIC0009876.",bank_transfer
Make a payment of 1000 to John,pay via contacts
"Send 24357 to account 5472871348, IFSC BOFA0006789.",bank_transfer
Transfer 250 to Alice,pay via contacts
Can you process a QR code payment?,pay via QR code
Send 20440 to IFSC PNB0005432.,bank_transfer
Display my recent transactions,transaction history
Scan a QR code to pay,pay via QR code
Can you pay 750 to Alice?,pay via contacts
Make a UPI payment of 250 to john@sbi,pay via UPI ID
Show my QR code for payment,show my QR code
Transfer 1657 via 9176273695,pay via number
Show my QR code for payment,show my QR code
"Send money to Mei Chen, account number 5265416525.",bank_transfer
Pay 2000 via alice@upi,pay via UPI ID
Deposit ₹900 into my account from UPI,pay to self
Scan a QR code to pay,pay via QR code
Pay 250 via alice@upi,pay via UPI ID
Scan a QR code to pay,pay via QR code
Send 500 to Alice,pay via contacts
Send 750 to Alice,pay via contacts
Make a UPI payment of 750 to bob@ybl,pay via UPI ID
Send 3540 to 9598261481,pay via number
Send 750 to Alice,pay via contacts
Transfer money to 9640360845,pay via number
Send 750 to Emma,pay via contacts
Can you pay 250 to Alice?,pay via contacts
Send 3540 to 9598261481,pay via number
Fund 1541 to 9883430417,pay via number
Can you pay 750 to Alice?,pay via contacts
I need my QR code for transactions,show my QR code
Make a payment of 500 to Alice,pay via contacts
Transfer 750 using alice@upi,pay via UPI ID
Shift ₹4000 to my savings,pay to self
Send 37057 to IFSC YESB0003344.,bank_transfer
Make a payment of 1000 to Bob,pay via contacts
Shift ₹4000 to my savings,pay to self
Transfer 1000 to Bob,pay via contacts
Make a payment of 250 to Emma,pay via contacts
Pay bill of 463 using 9709787304,pay via number
Send 500 to Bob,pay via contacts
Scan a QR code to pay,pay via QR code
Can you process a QR code payment?,pay via QR code
Make a payment using QR,pay via QR code
Transfer 20440.,bank_transfer
Can you pay 2000 to John?,pay via contacts
Can I send ₹2500 to my own account?,pay to self
Make a payment using QR,pay via QR code
Display my recent transactions,transaction history
Can you process a QR code payment?,pay via QR code
Pay bill of 463 using 9709787304,pay via number
Can you fetch my last payments?,transaction history
I need to see my past transactions,transaction history
Pay bill of 463 using 9709787304,pay via number
Send 31401 to IFSC AXIS0001122.,bank_transfer
Pay 1762 to 9621239137,pay via number
Make a UPI payment of 2000 to alice@upi,pay via UPI ID
Make a payment of 1000 to Emma,pay via contacts
Send 1336 INR to 9995276216,pay via number
Scan a QR code to pay,pay via QR code
Transfer 1000 using bob@ybl,pay via UPI ID
Transfer 1657 via 9176273695,pay via number
Send 250 to Alice,pay via contacts
Deposit ₹2000 into my bank account,pay to self
Make a payment using QR,pay via QR code
Can you fetch my last payments?,transaction history
Show my transaction history,transaction history
Can you fetch my payment QR code?,show my QR code
Make a UPI payment of 250 to bob@ybl,pay via UPI ID
Display my recent transactions,transaction history
Transfer 250 using emma@paytm,pay via UPI ID
Transfer 250 to Alice,pay via contacts
Transfer to account 5265416525.,bank_transfer
Can I send ₹2500 to my own account?,pay to self
"Send money to Mei Chen, account number 5728856473.",bank_transfer
Pay 1762 to 9621239137,pay via number
Send 3540 to 9598261481,pay via number
Send 1336 INR to 9995276216,pay via number
Show my QR code for payment,show my QR code
Transfer 750 using bob@ybl,pay via UPI ID
Transfer 37057.,bank_transfer
Scan a QR code to pay,pay via QR code
I need to see my past transactions,transaction history
"Transfer 24477 to Mei Chen, account number 9654334863, IFSC HDFC0005678.",bank_transfer
Send 14720 to IFSC YESB0003344.,bank_transfer
Can you fetch my last payments?,transaction history
Transfer 1000 to John,pay via contacts
Transfer money to my own account,pay to self
"Transfer 24357 to John Doe, account number 3075005585, IFSC SBIN0001234.",bank_transfer
Display my QR code,show my QR code
Can you pay 1000 to John?,pay via contacts
I need to see my past transactions,transaction history
Show my transaction history,transaction history
Send 1336 INR to 9995276216,pay via number
Transfer 31401 to Carlos Silva.,bank_transfer
Transfer to account 9628205197.,bank_transfer
I need my QR code for transactions,show my QR code
Scan a QR code to pay,pay via QR code
Pay 750 via bob@ybl,pay via UPI ID
Send 500 to alice@upi,pay via UPI ID
Make a payment of 2000 to Bob,pay via contacts
Send 1336 INR to 9995276216,pay via number
Pay using the scanned QR code,pay via QR code
Pay bill of 463 using 9709787304,pay via number
Transfer to account 9180071527.,bank_transfer
Transfer 250 to John,pay via contacts
Can you pay 750 to Alice?,pay via contacts
Transfer money to 9640360845,pay via number
Send 3540 to 9598261481,pay via number
Make a UPI payment of 500 to john@sbi,pay via UPI ID
Send ₹500 to my savings account,pay to self
Transfer 250 using emma@paytm,pay via UPI ID
Transfer 500 using alice@upi,pay via UPI ID
"Send money to Olivia Brown, account number 2761635476.",bank_transfer
Scan a QR code to pay,pay via QR code
Transfer 250 using alice@upi,pay via UPI ID
Pay 1762 to 9621239137,pay via number
Make a payment using QR,pay via QR code
I need my QR code for transactions,show my QR code
Send 2000 to Bob,pay via contacts
Scan a QR code to pay,pay via QR code
Send 750 to Alice,pay via contacts
"Send 20503 to account 9686302372, IFSC HDFC0005678.",bank_transfer
Make a payment using QR,pay via QR code
I want to pay myself ₹3000,pay to self
Make a payment of 1000 to Bob,pay via contacts
Shift ₹4500 from wallet to bank,pay to self
Send 3540 to 9598261481,pay via number
Transfer 37057.,bank_transfer
Send 2000 to Emma,pay via contacts
I need my QR code for transactions,show my QR code
Send 3540 to 9598261481,pay via number
Transfer 500 to John,pay via contacts
Can you process a QR code payment?,pay via QR code
Show my transaction history,transaction history
Send 48486 to IFSC HDFC0005678.,bank_transfer
Make a payment of 2000 to Bob,pay via contacts
"Send money to Priya Kapoor, account number 9628205197.",bank_transfer
Send 2000 to John,pay via contacts
Send 3540 to 9598261481,pay via number
Pay using the scanned QR code,pay via QR code
Show my transaction history,transaction history
Transfer 2000 using emma@paytm,pay via UPI ID
Can you process a QR code payment?,pay via QR code
I need to see my past transactions,transaction history
Display my QR code,show my QR code
Transfer money to 9640360845,pay via number
Display my QR code,show my QR code
Display my QR code,show my QR code
Pay 500 via emma@paytm,pay via UPI ID
I need to see my past transactions,transaction history
Transfer 1657 via 9176273695,pay via number
Transfer money to 9640360845,pay via number
Make a UPI payment of 750 to emma@paytm,pay via UPI ID
Make a payment using QR,pay via QR code
I need my QR code for transactions,show my QR code
Make a UPI payment of 1000 to emma@paytm,pay via UPI ID
Show my QR code for payment,show my QR code
Move ₹5500 within my accounts,pay to self
Transfer to account 5265416525.,bank_transfer
Move ₹1000 from checking to savings,pay to self
Pay 1000 via john@sbi,pay via UPI ID
"Transfer 37057 to Rahul Sharma, account number 9654334863, IFSC ICIC0009876.",bank_transfer
Display my recent transactions,transaction history
Send 3540 to 9598261481,pay via number
Display my recent transactions,transaction history
Transfer 2000 using bob@ybl,pay via UPI ID
Fund 1541 to 9883430417,pay via number
Can you pay 1000 to Bob?,pay via contacts
Shift ₹4500 from wallet to bank,pay to self
Self-payment of ₹6000,pay to self
Pay using the scanned QR code,pay via QR code
Can you pay 1000 to Bob?,pay via contacts
Show my QR code for payment,show my QR code
Can you fetch my last payments?,transaction history
Pay using the scanned QR code,pay via QR code
Transfer money to 9640360845,pay via number
Send 250 to Alice,pay via contacts
Display my recent transactions,transaction history
Display my recent transactions,transaction history
I need my QR code for transactions,show my QR code
Display my QR code,show my QR code
Show my transaction history,transaction history
Deposit ₹900 into my account from UPI,pay to self
Transfer 1000 using alice@upi,pay via UPI ID
Send 250 to alice@upi,pay via UPI ID
Can you fetch my payment QR code?,show my QR code
Send 250 to Emma,pay via contacts
Transfer 2000 using john@sbi,pay via UPI ID
Make a payment using QR,pay via QR code
Display my recent transactions,transaction history
Send 1000 to emma@paytm,pay via UPI ID
Show my transaction history,transaction history
Deposit ₹2000 into my bank account,pay to self
Transfer 34700 to Priya Kapoor.,bank_transfer
Make a payment using QR,pay via QR code
Pay using the scanned QR code,pay via QR code
Make a payment of 750 to Bob,pay via contacts
Show my QR code for payment,show my QR code
Transfer 41382 to Olivia Brown.,bank_transfer
I need my QR code for transactions,show my QR code
Send 1336 INR to 9995276216,pay via number
Transfer money to 9640360845,pay via number
Shift ₹4000 to my savings,pay to self
Pay 1000 via bob@ybl,pay via UPI ID
Do a bank transfer.,bank_transfer
I need to see my past transactions,transaction history
Send 750 to John,pay via contacts
Transfer 1657 via 9176273695,pay via number
Transfer 750 using bob@ybl,pay via UPI ID
Self-payment of ₹6000,pay to self
Send 1336 INR to 9995276216,pay via number
I need my QR code for transactions,show my QR code
Send 2000 to bob@ybl,pay via UPI ID
I need to move ₹700 to another account of mine,pay to self
Show my QR code for payment,show my QR code
Pay bill of 463 using 9709787304,pay via number
Transfer 1657 via 9176273695,pay via number
Can you fetch my payment QR code?,show my QR code
Transfer 20440.,bank_transfer
Can you fetch my payment QR code?,show my QR code
Transfer 500 to Bob,pay via contacts
Pay 500 via bob@ybl,pay via UPI ID
Shift ₹4500 from wallet to bank,pay to self
Display my recent transactions,transaction history
Transfer 5727 to Priya Kapoor.,bank_transfer
I need to see my past transactions,transaction history
Make a payment using QR,pay via QR code
Pay 1762 to 9621239137,pay via number
Pay using the scanned QR code,pay via QR code
Display my QR code,show my QR code
Transfer 250 to John,pay via contacts
Show my QR code for payment,show my QR code
Pay using the scanned QR code,pay via QR code
Display my QR code,show my QR code
Can I transfer ₹5000 to myself?,pay to self
Deposit ₹2000 into my bank account,pay to self
Display my QR code,show my QR code
Transfer money to 9640360845,pay via number
Make a UPI payment of 750 to bob@ybl,pay via UPI ID
"Transfer 28532 to Akash Nair, account number 7036643460, IFSC BOFA0006789.",bank_transfer
Send 500 to alice@upi,pay via UPI ID
Deposit ₹900 into my account from UPI,pay to self
Make a payment using QR,pay via QR code
Can you process a QR code payment?,pay via QR code
Show my QR code for payment,show my QR code
Pay 750 via alice@upi,pay via UPI ID
Fund 1541 to 9883430417,pay via number
Add ₹10000 to my secondary account,pay to self
Display my QR code,show my QR code
Make a UPI payment of 2000 to bob@ybl,pay via UPI ID
Make a payment of 750 to Bob,pay via contacts
Scan a QR code to pay,pay via QR code
Make a UPI payment of 250 to john@sbi,pay via UPI ID
Display my QR code,show my QR code
Display my QR code,show my QR code
Make a UPI payment of 250 to emma@paytm,pay via UPI ID
Show my QR code for payment,show my QR code
Can you process a QR code payment?,pay via QR code
Shift ₹4000 to my savings,pay to self
Transfer 31580.,bank_transfer
Pay ₹8000 into my own bank,pay to self
Can you pay 1000 to Emma?,pay via contacts
Can you pay 500 to Emma?,pay via contacts
Show my transaction history,transaction history
Transfer to account 4467829142.,bank_transfer
"Transfer 48843 to Priya Kapoor, account number 3503310637, IFSC PNB0005432.",bank_transfer
I need to see my past transactions,transaction history
Can you process a QR code payment?,pay via QR code
Show my QR code for payment,show my QR code
Display my recent transactions,transaction history
Transfer to account 9606509765.,bank_transfer
"Send 26997 to account 7036643460, IFSC AXIS0001122.",bank_transfer
Transfer 37057 to Priya Kapoor.,bank_transfer
Send 1336 INR to 9995276216,pay via number
Pay 1762 to 9621239137,pay via number
Pay 1762 to 9621239137,pay via number
Show my transaction history,transaction history
Send ₹3500 from my UPI to my own bank,pay to self
Pay bill of 463 using 9709787304,pay via number
Send 500 to John,pay via contacts
I need my QR code for transactions,show my QR code
Pay using the scanned QR code,pay via QR code
Can you pay 250 to Bob?,pay via contacts
Do a bank transfer.,bank_transfer
"Send 32617 to account 9654334863, IFSC HDFC0005678.",bank_transfer
Display my QR code,show my QR code
Can I transfer ₹5000 to myself?,pay to self
Can you process a QR code payment?,pay via QR code
Show my QR code for payment,show my QR code
Send 1000 to alice@upi,pay via UPI ID
Pay ₹8000 into my own bank,pay to self
Scan a QR code to pay,pay via QR code
Make a UPI payment of 750 to emma@paytm,pay via UPI ID
Send 750 to john@sbi,pay via UPI ID
Send 500 to alice@upi,pay via UPI ID
Make a payment of 2000 to Emma,pay via contacts
Send 2000 to Alice,pay via contacts
"Send 37057 to account 9628205197, IFSC PNB0005432.",bank_transfer
Transfer 750 to Bob,pay via contacts
Make a payment using QR,pay via QR code
Pay 250 via bob@ybl,pay via UPI ID
Make a payment of 500 to Emma,pay via contacts
Show my transaction history,transaction history
Make a payment of 500 to John,pay via contacts
Make a payment of 250 to Alice,pay via contacts
Display my recent transactions,transaction history
Transfer money to 9640360845,pay via number
Display my QR code,show my QR code
Make a UPI payment of 500 to john@sbi,pay via UPI ID
Pay ₹8000 into my own bank,pay to self
Pay 1762 to 9621239137,pay via number
Transfer 750 to Bob,pay via contacts
Display my QR code,show my QR code
Can you fetch my last payments?,transaction history
Can you pay 2000 to John?,pay via contacts
Show my QR code for payment,show my QR code
Send ₹500 to my savings account,pay to self
Send 31401 to IFSC SBIN0001234.,bank_transfer
Transfer 20440 to Mei Chen.,bank_transfer
I need to move ₹700 to another account of mine,pay to self
Send 3540 to 9598261481,pay via number
Self-transfer ₹1500,pay to self
Show my QR code for payment,show my QR code
I need my QR code for transactions,show my QR code
Display my QR code,show my QR code
Scan a QR code to pay,pay via QR code
Transfer to account 5728856473.,bank_transfer
Send 37057 to IFSC ICIC0009876.,bank_transfer
Can you process a QR code payment?,pay via QR code
Send 20503 to IFSC AXIS0001122.,bank_transfer
Can you fetch my last payments?,transaction history
Self-transfer ₹1500,pay to self
Transfer money to 9640360845,pay via number
Can you process a QR code payment?,pay via QR code
Transfer 31401.,bank_transfer
Send 750 to john@sbi,pay via UPI ID
I need my QR code for transactions,show my QR code
Pay using the scanned QR code,pay via QR code
Make a UPI payment of 500 to bob@ybl,pay via UPI ID
Transfer 250 to Emma,pay via contacts
Scan a QR code to pay,pay via QR code
Pay bill of 463 using 9709787304,pay via number
Can you fetch my payment QR code?,show my QR code
Pay using the scanned QR code,pay via QR code
Transfer 1657 via 9176273695,pay via number
"Send money to Anita Singh, account number 9180071527.",bank_transfer
Make a payment using QR,pay via QR code
I need to see my past transactions,transaction history
Can you process a QR code payment?,pay via QR code
Pay using the scanned QR code,pay via QR code
I need to see my past transactions,transaction history
I need to see my past transactions,transaction history
Fund 1541 to 9883430417,pay via number
Can you fetch my last payments?,transaction history
Send 1000 to emma@paytm,pay via UPI ID
Transfer 1657 via 9176273695,pay via number
Display my recent transactions,transaction history
Show my QR code for payment,show my QR code
Pay using the scanned QR code,pay via QR code
I need to see my past transactions,transaction history
Display my QR code,show my QR code
Can you pay 250 to Emma?,pay via contacts
Deposit ₹2000 into my bank account,pay to self
Show my transaction history,transaction history
Show my transaction history,transaction history
Send 250 to alice@upi,pay via UPI ID
Make a payment using QR,pay via QR code
Can I transfer ₹5000 to myself?,pay to self
Transfer 1657 via 9176273695,pay via number
Display my QR code,show my QR code
Move ₹5500 within my accounts,pay to self
Can you fetch my last payments?,transaction history
Can you process a QR code payment?,pay via QR code
Transfer 1657 via 9176273695,pay via number
Can you process a QR code payment?,pay via QR code
Make a payment using QR,pay via QR code
Make a payment of 750 to John,pay via contacts
Send 3540 to 9598261481,pay via number
Send 2000 to emma@paytm,pay via UPI ID
Send 3540 to 9598261481,pay via number
Move ₹1000 from checking to savings,pay to self
"Transfer 26997 to Anita Singh, account number 5728856473, IFSC AXIS0001122.",bank_transfer
"Send money to Anita Singh, account number 9180071527.",bank_transfer
Scan a QR code to pay,pay via QR code
Pay 2000 via bob@ybl,pay via UPI ID
Display my recent transactions,transaction history
Make a payment using QR,pay via QR code
Show my transaction history,transaction history
Can you fetch my last payments?,transaction history
Send 250 to Bob,pay via contacts
"Send 18656 to account 6284165127, IFSC HDFC0005678.",bank_transfer
Send 500 to bob@ybl,pay via UPI ID
Can you process a QR code payment?,pay via QR code
Do a bank transfer.,bank_transfer
Do a bank transfer.,bank_transfer
Make a UPI payment of 750 to bob@ybl,pay via UPI ID
Transfer to account 5728856473.,bank_transfer
Send 1336 INR to 9995276216,pay via number
Pay 2000 via john@sbi,pay via UPI ID
I need to see my past transactions,transaction history
Can you fetch my last payments?,transaction history
Move ₹1000 from checking to savings,pay to self
Transfer 1657 via 9176273695,pay via number
Show my QR code for payment,show my QR code
Make a payment of 750 to John,pay via contacts
Pay 500 via bob@ybl,pay via UPI ID
Send ₹3500 from my UPI to my own bank,pay to self
Deposit ₹2000 into my bank account,pay to self
Pay 1762 to 9621239137,pay via number
I need to move ₹700 to another account of mine,pay to self
Display my recent transactions,transaction history
Transfer money to 9640360845,pay via number
I need to see my past transactions,transaction history
Send 3540 to 9598261481,pay via number
Self-transfer ₹1500,pay to self
I need my QR code for transactions,show my QR code
Transfer 500 to Alice,pay via contacts
Can you fetch my last payments?,transaction history
Transfer 750 to Bob,pay via contacts
Send 1336 INR to 9995276216,pay via number
Pay 1762 to 9621239137,pay via number
Can I transfer ₹5000 to myself?,pay to self
Fund 1541 to 9883430417,pay via number
Show my transaction history,transaction history
Transfer 250 to Bob,pay via contacts
Make a payment of 250 to Emma,pay via contacts
Send 1336 INR to 9995276216,pay via number
Can you pay 250 to Bob?,pay via contacts
Scan a QR code to pay,pay via QR code
Make a payment of 250 to Emma,pay via contacts
"Send money to Priya Kapoor, account number 8362678849.",bank_transfer
Show my transaction history,transaction history
Move ₹1000 from checking to savings,pay to self
I need to see my past transactions,transaction history
Shift ₹4000 to my savings,pay to self
Transfer 48843 to Fatima Begum.,bank_transfer
Can you pay 1000 to John?,pay via contacts
Send 1336 INR to 9995276216,pay via number
Fund 1541 to 9883430417,pay via number
Pay 2000 via emma@paytm,pay via UPI ID
Can you fetch my payment QR code?,show my QR code
Display my recent transactions,transaction history
Pay 750 via bob@ybl,pay via UPI ID
I need my QR code for transactions,show my QR code
Scan a QR code to pay,pay via QR code
Pay 1000 via john@sbi,pay via UPI ID
Display my QR code,show my QR code
"Send money to Mei Chen, account number 4284769487.",bank_transfer
Can you fetch my last payments?,transaction history
I need to see my past transactions,transaction history
Can you fetch my payment QR code?,show my QR code
Send 28532 to IFSC BOFA0006789.,bank_transfer
Transfer to account 9446895308.,bank_transfer
Transfer 750 to John,pay via contacts
Display my QR code,show my QR code
Pay ₹8000 into my own bank,pay to self
Can you process a QR code payment?,pay via QR code
Can you fetch my last payments?,transaction history
Make a payment using QR,pay via QR code
Can you process a QR code payment?,pay via QR code
Transfer 250 using bob@ybl,pay via UPI ID
Can I transfer ₹5000 to myself?,pay to self
Send 1000 to Alice,pay via contacts
Send 32617 to IFSC PNB0005432.,bank_transfer
I need to see my past transactions,transaction history
Move ₹1000 from checking to savings,pay to self
Self-payment of ₹6000,pay to self
Transfer money to 9640360845,pay via number
Can I send ₹2500 to my own account?,pay to self
Pay 500 via alice@upi,pay via UPI ID
Send 31401 to IFSC SBIN0001234.,bank_transfer
Transfer 1000 using john@sbi,pay via UPI ID
Scan a QR code to pay,pay via QR code
Make a payment of 500 to Emma,pay via contacts
Can you fetch my last payments?,transaction history
Show my transaction history,transaction history
Move ₹1000 from checking to savings,pay to self
Send 250 to John,pay via contacts
Transfer 250 to Alice,pay via contacts
Pay using the scanned QR code,pay via QR code
Make a UPI payment of 2000 to alice@upi,pay via UPI ID
"Transfer 26997 to Anita Singh, account number 5728856473, IFSC AXIS0001122.",bank_transfer
"Send 31580 to account 2761635476, IFSC ICIC0009876.",bank_transfer
Deposit ₹900 into my account from UPI,pay to self
Transfer 24357 to Rahul Sharma.,bank_transfer
Transfer 1657 via 9176273695,pay via number
Show my transaction history,transaction history
Pay 1762 to 9621239137,pay via number
Send 750 to alice@upi,pay via UPI ID
Send 26997 to IFSC SBIN0001234.,bank_transfer
I need to see my past transactions,transaction history
Self-payment of ₹6000,pay to self
Can you pay 250 to John?,pay via contacts
Transfer 2000 using bob@ybl,pay via UPI ID
I need my QR code for transactions,show my QR code
Can you pay 500 to Bob?,pay via contacts
I need to see my past transactions,transaction history
Self-payment of ₹6000,pay to self
Display my recent transactions,transaction history
Transfer 48843.,bank_transfer
Make a payment using QR,pay via QR code
Transfer 1657 via 9176273695,pay via number
Send 250 to john@sbi,pay via UPI ID
Shift ₹4000 to my savings,pay to self
Make a UPI payment of 1000 to bob@ybl,pay via UPI ID
Fund 1541 to 9883430417,pay via number
Send 1336 INR to 9995276216,pay via number
Fund 1541 to 9883430417,pay via number
Make a payment of 250 to John,pay via contacts
Send 2000 to john@sbi,pay via UPI ID
Can you process a QR code payment?,pay via QR code
Transfer 1657 via 9176273695,pay via number
Pay bill of 463 using 9709787304,pay via number
Transfer 1000 using john@sbi,pay via UPI ID
Show my QR code for payment,show my QR code
Can you fetch my last payments?,transaction history
Send 2000 to John,pay via contacts
Can you fetch my payment QR code?,show my QR code
Can you pay 500 to John?,pay via contacts
Transfer 1000 using john@sbi,pay via UPI ID
Deposit ₹900 into my account from UPI,pay to self
Display my recent transactions,transaction history
I need to see my past transactions,transaction history
Send 500 to Alice,pay via contacts
I need to see my past transactions,transaction history
Display my QR code,show my QR code
Send 2000 to alice@upi,pay via UPI ID
Pay 1762 to 9621239137,pay via number
Display my recent transactions,transaction history
Transfer 2000 using emma@paytm,pay via UPI ID
Fund 1541 to 9883430417,pay via number
Make a payment using QR,pay via QR code
I need to move ₹700 to another account of mine,pay to self
Transfer 48486 to Priya Kapoor.,bank_transfer
Pay 1762 to 9621239137,pay via number
"Send money to Rahul Sharma, account number 5728856473.",bank_transfer
Transfer 500 using emma@paytm,pay via UPI ID
Send 3540 to 9598261481,pay via number
Transfer 1000 using john@sbi,pay via UPI ID
Scan a QR code to pay,pay via QR code
Can you process a QR code payment?,pay via QR code
Make a payment of 2000 to John,pay via contacts
Scan a QR code to pay,pay via QR code
Can you fetch my payment QR code?,show my QR code
Pay using the scanned QR code,pay via QR code
Display my QR code,show my QR code
Send 250 to Alice,pay via contacts
Make a payment of 250 to John,pay via contacts
Pay 250 via bob@ybl,pay via UPI ID
Transfer money to my own account,pay to self
Pay bill of 463 using 9709787304,pay via number
Send 3540 to 9598261481,pay via number
I need my QR code for transactions,show my QR code
Display my QR code,show my QR code
Display my QR code,show my QR code
Send 750 to alice@upi,pay via UPI ID
Transfer money to 9640360845,pay via number
Show my transaction history,transaction history
Can I transfer ₹5000 to myself?,pay to self
Pay using the scanned QR code,pay via QR code
Can you process a QR code payment?,pay via QR code
Display my recent transactions,transaction history
Transfer money to 9640360845,pay via number
Show my QR code for payment,show my QR code
Pay 1762 to 9621239137,pay via number
Transfer to account 7036643460.,bank_transfer
Transfer 2000 using emma@paytm,pay via UPI ID
Transfer 1000 to Emma,pay via contacts
Send 1336 INR to 9995276216,pay via number
Transfer money to 9640360845,pay via number
I need my QR code for transactions,show my QR code
"Send 4867 to account 9628205197, IFSC BOFA0006789.",bank_transfer
Transfer 1000 using bob@ybl,pay via UPI ID
Pay bill of 463 using 9709787304,pay via number
I want to pay myself ₹3000,pay to self
Can you process a QR code payment?,pay via QR code
Do a bank transfer.,bank_transfer
Transfer 250 using john@sbi,pay via UPI ID
Make a payment using QR,pay via QR code
Make a UPI payment of 500 to bob@ybl,pay via UPI ID
Transfer money to 9640360845,pay via number
Make a payment using QR,pay via QR code
Can you fetch my payment QR code?,show my QR code
Transfer 1000 using bob@ybl,pay via UPI ID
Transfer 250 to Alice,pay via contacts
Can you fetch my payment QR code?,show my QR code
Fund transfer to self ₹200,pay to self
Send 3540 to 9598261481,pay via number
Pay using the scanned QR code,pay via QR code
Transfer 2000 using emma@paytm,pay via UPI ID
"Send 14720 to account 8871333370, IFSC SBIN0001234.",bank_transfer
Can you pay 750 to Alice?,pay via contacts
Send 3540 to 9598261481,pay via number
Send 3540 to 9598261481,pay via number
Make a UPI payment of 1000 to alice@upi,pay via UPI ID
Move ₹1000 from checking to savings,pay to self
Make a payment using QR,pay via QR code
Make a payment using QR,pay via QR code
Make a payment using QR,pay via QR code
Display my QR code,show my QR code
Can you fetch my last payments?,transaction history
Pay bill of 463 using 9709787304,pay via number
Display my QR code,show my QR code
Transfer 500 to Emma,pay via contacts
Make a UPI payment of 750 to emma@paytm,pay via UPI ID
Pay bill of 463 using 9709787304,pay via number
Scan a QR code to pay,pay via QR code
Display my QR code,show my QR code
"Send 26997 to account 8871333370, IFSC PNB0005432.",bank_transfer
Make a payment of 1000 to Bob,pay via contacts
Can you pay 750 to Bob?,pay via contacts
"Transfer 20440 to Anita Singh, account number 5472871348, IFSC AXIS0001122.",bank_transfer
Can you fetch my payment QR code?,show my QR code
Deposit ₹2000 into my bank account,pay to self
Can you process a QR code payment?,pay via QR code
Make a UPI payment of 250 to alice@upi,pay via UPI ID
Transfer to account 6284165127.,bank_transfer
Can you fetch my payment QR code?,show my QR code
Transfer 750 using john@sbi,pay via UPI ID
Pay 500 via alice@upi,pay via UPI ID
Make a payment using QR,pay via QR code
Move ₹1000 from checking to savings,pay to self
Transfer 20503.,bank_transfer
Transfer 1000 using john@sbi,pay via UPI ID
Send 500 to bob@ybl,pay via UPI ID
Pay 500 via john@sbi,pay via UPI ID
I need to see my past transactions,transaction history
Send 1336 INR to 9995276216,pay via number
Transfer 250 using emma@paytm,pay via UPI ID
Display my QR code,show my QR code
Show my QR code for payment,show my QR code
Send 4867 to IFSC YESB0003344.,bank_transfer
Show my QR code for payment,show my QR code
Self-transfer ₹1500,pay to self
Transfer 750 using bob@ybl,pay via UPI ID
Send 250 to Bob,pay via contacts
Can you process a QR code payment?,pay via QR code
Transfer 4209 to John Doe.,bank_transfer
I need to move ₹700 to another account of mine,pay to self
Fund 1541 to 9883430417,pay via number
Transfer 41382.,bank_transfer
"Send 31580 to account 9654334863, IFSC PNB0005432.",bank_transfer
Pay bill of 463 using 9709787304,pay via number
Send 1000 to emma@paytm,pay via UPI ID
Move ₹5500 within my accounts,pay to self
Transfer to account 4467829142.,bank_transfer
Do a bank transfer.,bank_transfer
Send 2000 to Alice,pay via contacts
I need to move ₹700 to another account of mine,pay to self
Display my QR code,show my QR code
Display my recent transactions,transaction history
Transfer 2000 to Bob,pay via contacts
Pay 1000 via alice@upi,pay via UPI ID
Make a UPI payment of 500 to john@sbi,pay via UPI ID
Show my transaction history,transaction history
Send 1336 INR to 9995276216,pay via number
Transfer 500 to Alice,pay via contacts
Display my recent transactions,transaction history
Can you process a QR code payment?,pay via QR code
Move ₹1000 from checking to savings,pay to self
Make a payment using QR,pay via QR code
Pay 1762 to 9621239137,pay via number
Pay 1762 to 9621239137,pay via number
Show my QR code for payment,show my QR code
Make a payment using QR,pay via QR code
Transfer 4209.,bank_transfer
Display my recent transactions,transaction history
Can you fetch my last payments?,transaction history
Can you process a QR code payment?,pay via QR code
"Transfer 20503 to Olivia Brown, account number 9686302372, IFSC SBIN0001234.",bank_transfer
I need to see my past transactions,transaction history
Pay 500 via bob@ybl,pay via UPI ID
Send 20440 to IFSC AXIS0001122.,bank_transfer
Make a UPI payment of 750 to emma@paytm,pay via UPI ID
Move ₹1000 from checking to savings,pay to self
Can you fetch my payment QR code?,show my QR code
Transfer money to my own account,pay to self
Send 1000 to john@sbi,pay via UPI ID
Transfer 18656 to Akash Nair.,bank_transfer
Can you pay 250 to Bob?,pay via contacts
Send 500 to emma@paytm,pay via UPI ID
Show my QR code for payment,show my QR code
Can you fetch my payment QR code?,show my QR code
Display my QR code,show my QR code
Display my QR code,show my QR code
Transfer 14720 to Priya Kapoor.,bank_transfer
I need my QR code for transactions,show my QR code
Pay 1000 via bob@ybl,pay via UPI ID
Send 3540 to 9598261481,pay via number
"Transfer 32617 to Mei Chen, account number 3503310637, IFSC ICIC0009876.",bank_transfer
Transfer 1657 via 9176273695,pay via number
Transfer money to 9640360845,pay via number
Make a UPI payment of 1000 to emma@paytm,pay via UPI ID
Show my transaction history,transaction history
Do a bank transfer.,bank_transfer
Can you pay 750 to John?,pay via contacts
Display my QR code,show my QR code
Can you fetch my payment QR code?,show my QR code
Send ₹500 to my savings account,pay to self
Move ₹5500 within my accounts,pay to self
Send 250 to John,pay via contacts
Display my recent transactions,transaction history
Transfer 500 using john@sbi,pay via UPI ID
Deposit ₹2000 into my bank account,pay to self
Make a UPI payment of 1000 to alice@upi,pay via UPI ID
Show my transaction history,transaction history
Make a payment using QR,pay via QR code
Make a UPI payment of 250 to alice@upi,pay via UPI ID
Send 1336 INR to 9995276216,pay via number
Make a payment of 250 to Bob,pay via contacts
Add ₹100 to my digital wallet,pay to self
Scan a QR code to pay,pay via QR code
Can you pay 500 to Alice?,pay via contacts
Transfer 1657 via 9176273695,pay via number
Transfer 750 to John,pay via contacts
Fund transfer to self ₹200,pay to self
Make a UPI payment of 250 to bob@ybl,pay via UPI ID
Transfer 1000 to Emma,pay via contacts
I need to see my past transactions,transaction history
Make a payment using QR,pay via QR code
Transfer 18656 to John Doe.,bank_transfer
"Send 18656 to account 6839885968, IFSC PNB0005432.",bank_transfer
Send 750 to john@sbi,pay via UPI ID
Fund transfer to self ₹200,pay to self
Make a payment using QR,pay via QR code
Transfer to account 5265416525.,bank_transfer
Send ₹500 to my savings account,pay to self
Send 1336 INR to 9995276216,pay via number
Send 37057 to IFSC SBIN0001234.,bank_transfer
Transfer 34700 to Priya Kapoor.,bank_transfer
Display my QR code,show my QR code
Add ₹10000 to my secondary account,pay to self
Transfer 20440 to Olivia Brown.,bank_transfer
Pay using the scanned QR code,pay via QR code
Can you pay 750 to Emma?,pay via contacts
Transfer 500 to Emma,pay via contacts
Pay bill of 463 using 9709787304,pay via number
Send 2000 to Bob,pay via contacts
Show my QR code for payment,show my QR code
Pay 750 via emma@paytm,pay via UPI ID
Show my transaction history,transaction history
Pay using the scanned QR code,pay via QR code
Move some funds to my personal account,pay to self
Can you fetch my last payments?,transaction history
Can you process a QR code payment?,pay via QR code
"Send 37722 to account 9606509765, IFSC YESB0003344.",bank_transfer
Transfer 500 to Emma,pay via contacts
I need to see my past transactions,transaction history
Transfer 1000 using john@sbi,pay via UPI ID
Show my transaction history,transaction history
Can you process a QR code payment?,pay via QR code
Send 750 to Alice,pay via contacts
Make a UPI payment of 2000 to emma@paytm,pay via UPI ID
Self-payment of ₹6000,pay to self
Make a payment using QR,pay via QR code
Send 250 to Alice,pay via contacts
Do a bank transfer.,bank_transfer
Scan a QR code to pay,pay via QR code
Fund 1541 to 9883430417,pay via number
Transfer 1657 via 9176273695,pay via number
Display my recent transactions,transaction history
Can you fetch my last payments?,transaction history
Transfer money to 9640360845,pay via number
Show my QR code for payment,show my QR code
Can you fetch my payment QR code?,show my QR code
Make a payment of 750 to John,pay via contacts
Pay bill of 463 using 9709787304,pay via number
Make a UPI payment of 750 to emma@paytm,pay via UPI ID
Transfer 250 using bob@ybl,pay via UPI ID
Transfer 48843 to David Johnson.,bank_transfer
Shift ₹4500 from wallet to bank,pay to self
I need to see my past transactions,transaction history
Can you fetch my last payments?,transaction history
Show my transaction history,transaction history
Can you fetch my last payments?,transaction history
Can you process a QR code payment?,pay via QR code
Fund 1541 to 9883430417,pay via number
Send 250 to john@sbi,pay via UPI ID
Make a UPI payment of 750 to emma@paytm,pay via UPI ID
Show my QR code for payment,show my QR code
I need to move ₹700 to another account of mine,pay to self
Transfer to account 4467829142.,bank_transfer
Transfer 250 to Bob,pay via contacts
Send ₹500 to my savings account,pay to self
Transfer 2000 to Alice,pay via contacts
Transfer 48843 to David Johnson.,bank_transfer
Transfer 1657 via 9176273695,pay via number
Transfer money to 9640360845,pay via number
Send 750 to Emma,pay via contacts
I need my QR code for transactions,show my QR code
Pay using the scanned QR code,pay via QR code
"Send 26997 to account 3503310637, IFSC PNB0005432.",bank_transfer
Send 2000 to alice@upi,pay via UPI ID
Transfer 250 to Emma,pay via contacts
Transfer money to 9640360845,pay via number
Transfer 1657 via 9176273695,pay via number
Send 3540 to 9598261481,pay via number
Send 500 to john@sbi,pay via UPI ID
Can you fetch my payment QR code?,show my QR code
Transfer money to my own account,pay to self
Send 1336 INR to 9995276216,pay via number
"Send money to John Doe, account number 6839885968.",bank_transfer
Can you process a QR code payment?,pay via QR code
Transfer 500 to John,pay via contacts
Scan a QR code to pay,pay via QR code
Transfer 250 to Emma,pay via contacts
I want to pay myself ₹3000,pay to self
Transfer 250 using alice@upi,pay via UPI ID
Transfer 28532.,bank_transfer
Send 250 to Emma,pay via contacts
Pay 250 via alice@upi,pay via UPI ID
"Send money to Rahul Sharma, account number 9606509765.",bank_transfer
Self-transfer ₹1500,pay to self
Make a payment of 500 to Alice,pay via contacts
I need to see my past transactions,transaction history
Display my recent transactions,transaction history
Can I send ₹2500 to my own account?,pay to self
"Send 18656 to account 9686302372, IFSC AXIS0001122.",bank_transfer
Send 26997 to IFSC HDFC0005678.,bank_transfer
Can you fetch my last payments?,transaction history
Self-transfer ₹1500,pay to self
Send 24477 to IFSC BOFA0006789.,bank_transfer
Show my QR code for payment,show my QR code
Shift ₹4500 from wallet to bank,pay to self
Send 2000 to Emma,pay via contacts
Pay 500 via john@sbi,pay via UPI ID
Fund 1541 to 9883430417,pay via number
Display my recent transactions,transaction history
"Send 41382 to account 3503310637, IFSC AXIS0001122.",bank_transfer
I need to move ₹700 to another account of mine,pay to self
Make a payment of 500 to Emma,pay via contacts
Pay 1762 to 9621239137,pay via number
Transfer 750 to Alice,pay via contacts
Can you fetch my last payments?,transaction history
Pay using the scanned QR code,pay via QR code
Shift ₹4500 from wallet to bank,pay to self
Send 3540 to 9598261481,pay via number
Display my recent transactions,transaction history
Send 1336 INR to 9995276216,pay via number
Can you pay 1000 to John?,pay via contacts
Can you fetch my last payments?,transaction history
Send 250 to bob@ybl,pay via UPI ID
I need to see my past transactions,transaction history
Send 3540 to 9598261481,pay via number
I want to pay myself ₹3000,pay to self
Show my QR code for payment,show my QR code
Make a payment of 500 to Emma,pay via contacts
Pay ₹8000 into my own bank,pay to self
Transfer to account 9180071527.,bank_transfer
Display my QR code,show my QR code
Transfer 750 using john@sbi,pay via UPI ID
Transfer 28532 to David Johnson.,bank_transfer
Display my QR code,show my QR code
Transfer 1657 via 9176273695,pay via number
Transfer 250 to Alice,pay via contacts
"Send money to John Doe, account number 9180071527.",bank_transfer
Display my recent transactions,transaction history
I need my QR code for transactions,show my QR code
Can you fetch my payment QR code?,show my QR code
Transfer money to my own account,pay to self
"Send 34700 to account 9654334863, IFSC BOFA0006789.",bank_transfer
Pay 500 via alice@upi,pay via UPI ID
Transfer 1657 via 9176273695,pay via number
Pay 750 via john@sbi,pay via UPI ID
Can I transfer ₹5000 to myself?,pay to self
Make a UPI payment of 1000 to bob@ybl,pay via UPI ID
Fund 1541 to 9883430417,pay via number
Transfer 48843.,bank_transfer
Pay bill of 463 using 9709787304,pay via number
Make a payment of 1000 to John,pay via contacts
Send 750 to Alice,pay via contacts
Can you fetch my payment QR code?,show my QR code
I need to see my past transactions,transaction history
"Transfer 24477 to Rahul Sharma, account number 3870827289, IFSC SBIN0001234.",bank_transfer
Pay 1000 via john@sbi,pay via UPI ID
Make a payment using QR,pay via QR code
Make a payment using QR,pay via QR code
Shift ₹4000 to my savings,pay to self
Scan a QR code to pay,pay via QR code
I need to see my past transactions,transaction history
Can you pay 500 to Alice?,pay via contacts
Transfer 750 to John,pay via contacts
Move ₹5500 within my accounts,pay to self
Transfer 41382 to David Johnson.,bank_transfer
Fund transfer to self ₹200,pay to self
I need my QR code for transactions,show my QR code
I need my QR code for transactions,show my QR code
Can you process a QR code payment?,pay via QR code
Pay 1000 via bob@ybl,pay via UPI ID
Make a payment of 1000 to Bob,pay via contacts
Can you process a QR code payment?,pay via QR code
Send 1336 INR to 9995276216,pay via number
Deposit ₹900 into my account from UPI,pay to self
Send 500 to Alice,pay via contacts
Pay 1762 to 9621239137,pay via number
Pay bill of 463 using 9709787304,pay via number
I need to see my past transactions,transaction history
Can you fetch my payment QR code?,show my QR code
Pay 500 via alice@upi,pay via UPI ID
Show my transaction history,transaction history
Can you fetch my last payments?,transaction history
Transfer 37722.,bank_transfer
I need my QR code for transactions,show my QR code
Pay 250 via alice@upi,pay via UPI ID
Pay using the scanned QR code,pay via QR code
Show my QR code for payment,show my QR code
Pay 250 via emma@paytm,pay via UPI ID
Display my recent transactions,transaction history
Make a UPI payment of 500 to john@sbi,pay via UPI ID
Transfer money to 9640360845,pay via number
Transfer 2000 to Alice,pay via contacts
Can you fetch my payment QR code?,show my QR code
Show my transaction history,transaction history
I need to see my past transactions,transaction history
Display my QR code,show my QR code
Can you fetch my last payments?,transaction history
Can you fetch my payment QR code?,show my QR code
Self-transfer ₹1500,pay to self
Send ₹500 to my savings account,pay to self
Can you fetch my last payments?,transaction history
Can you fetch my payment QR code?,show my QR code
"Transfer 4209 to Anita Singh, account number 9686302372, IFSC HDFC0005678.",bank_transfer
Make a UPI payment of 1000 to bob@ybl,pay via UPI ID
Pay 750 via bob@ybl,pay via UPI ID
Pay using the scanned QR code,pay via QR code
Show my transaction history,transaction history
Transfer 250 using alice@upi,pay via UPI ID
Send ₹500 to my savings account,pay to self
Transfer 2000 to Alice,pay via contacts
Display my recent transactions,transaction history
I need my QR code for transactions,show my QR code
Show my transaction history,transaction history
Transfer 24357 to Fatima Begum.,bank_transfer
I need my QR code for transactions,show my QR code
Fund 1541 to 9883430417,pay via number
Transfer money to my own account,pay to self
Self-transfer ₹1500,pay to self
Send 1336 INR to 9995276216,pay via number
Transfer money to my own account,pay to self
Transfer 500 to John,pay via contacts
Display my QR code,show my QR code
I need my QR code for transactions,show my QR code
Send ₹3500 from my UPI to my own bank,pay to self
Display my recent transactions,transaction history
Self-payment of ₹6000,pay to self
Send 3540 to 9598261481,pay via number
Fund 1541 to 9883430417,pay via number
Make a payment using QR,pay via QR code
Scan a QR code to pay,pay via QR code
Can you pay 750 to Bob?,pay via contacts
Make a payment of 500 to John,pay via contacts
Transfer 4209 to David Johnson.,bank_transfer
Pay 1000 via alice@upi,pay via UPI ID
Fund 1541 to 9883430417,pay via number
Shift ₹4000 to my savings,pay to self
Fund 1541 to 9883430417,pay via number
Transfer 1657 via 9176273695,pay via number
Send 28532 to IFSC ICIC0009876.,bank_transfer
Make a payment of 250 to John,pay via contacts
Make a UPI payment of 750 to emma@paytm,pay via UPI ID
Transfer 1000 using emma@paytm,pay via UPI ID
Can I send ₹2500 to my own account?,pay to self
Can you process a QR code payment?,pay via QR code
Pay 2000 via emma@paytm,pay via UPI ID
Send 3540 to 9598261481,pay via number
I need my QR code for transactions,show my QR code
Shift ₹4500 from wallet to bank,pay to self
Can you pay 1000 to Emma?,pay via contacts
Make a payment using QR,pay via QR code
Transfer money to 9640360845,pay via number
Make a payment using QR,pay via QR code
Pay using the scanned QR code,pay via QR code
Make a payment using QR,pay via QR code
Scan a QR code to pay,pay via QR code
Pay 2000 via bob@ybl,pay via UPI ID
Transfer 750 to Bob,pay via contacts
Show my transaction history,transaction history
Make a UPI payment of 2000 to alice@upi,pay via UPI ID
Send 1336 INR to 9995276216,pay via number
Can you process a QR code payment?,pay via QR code
Pay 1762 to 9621239137,pay via number
Transfer 1657 via 9176273695,pay via number
Transfer money to 9640360845,pay via number
Show my transaction history,transaction history
Transfer to account 5728856473.,bank_transfer
Shift ₹4500 from wallet to bank,pay to self
Can you process a QR code payment?,pay via QR code
Send 1336 INR to 9995276216,pay via number
Shift ₹4500 from wallet to bank,pay to self
I need my QR code for transactions,show my QR code
Do a bank transfer.,bank_transfer
Transfer 32617 to Akash Nair.,bank_transfer
Fund 1541 to 9883430417,pay via number
Make a payment of 1000 to Emma,pay via contacts
Send 1336 INR to 9995276216,pay via number
Send 3540 to 9598261481,pay via number
Self-payment of ₹6000,pay to self
Self-transfer ₹1500,pay to self
Make a payment of 1000 to Bob,pay via contacts
Send 250 to Alice,pay via contacts
Send 500 to Emma,pay via contacts
Pay bill of 463 using 9709787304,pay via number
Do a bank transfer.,bank_transfer
"Transfer 4867 to John Doe, account number 9180071527, IFSC AXIS0001122.",bank_transfer
Move ₹5500 within my accounts,pay to self
Pay using the scanned QR code,pay via QR code
Pay bill of 463 using 9709787304,pay via number
Display my recent transactions,transaction history
Move ₹5500 within my accounts,pay to self
Can you fetch my last payments?,transaction history
Fund 1541 to 9883430417,pay via number
Pay 1762 to 9621239137,pay via number
Move some funds to my personal account,pay to self
Make a UPI payment of 2000 to bob@ybl,pay via UPI ID
Pay 1762 to 9621239137,pay via number
Transfer 31401 to Priya Kapoor.,bank_transfer
Make a UPI payment of 1000 to bob@ybl,pay via UPI ID
Send 3540 to 9598261481,pay via number
Display my QR code,show my QR code
Can I transfer ₹5000 to myself?,pay to self
"Send money to Priya Kapoor, account number 8362678849.",bank_transfer
Transfer 1000 to Bob,pay via contacts
Fund transfer to self ₹200,pay to self
Can you pay 2000 to Emma?,pay via contacts
"Send money to Anita Singh, account number 6284165127.",bank_transfer
Do a bank transfer.,bank_transfer
Pay using the scanned QR code,pay via QR code
Can you process a QR code payment?,pay via QR code
I need to see my past transactions,transaction history
Display my recent transactions,transaction history
Make a payment using QR,pay via QR code
Make a payment using QR,pay via QR code
Scan a QR code to pay,pay via QR code
Show my QR code for payment,show my QR code
Send ₹500 to my savings account,pay to self
Transfer 2000 to Bob,pay via contacts
I want to pay myself ₹3000,pay to self
Can I transfer ₹5000 to myself?,pay to self
Display my recent transactions,transaction history
Pay 500 via john@sbi,pay via UPI ID
Deposit ₹2000 into my bank account,pay to self
I need my QR code for transactions,show my QR code
Can you fetch my last payments?,transaction history
Make a payment using QR,pay via QR code
Transfer 1657 via 9176273695,pay via number
Add ₹100 to my digital wallet,pay to self
Send 250 to john@sbi,pay via UPI ID
I need my QR code for transactions,show my QR code
Can you fetch my payment QR code?,show my QR code
Transfer 2000 using bob@ybl,pay via UPI ID
Pay 1762 to 9621239137,pay via number
Transfer to account 9180071527.,bank_transfer
Can you fetch my payment QR code?,show my QR code
Send 1336 INR to 9995276216,pay via number
Display my recent transactions,transaction history
Pay bill of 463 using 9709787304,pay via number
Display my recent transactions,transaction history
Transfer money to my own account,pay to self
Transfer 500 to Emma,pay via contacts
Send 750 to emma@paytm,pay via UPI ID
Self-payment of ₹6000,pay to self
Send 20503 to IFSC BOFA0006789.,bank_transfer
Transfer money to my own account,pay to self
Fund 1541 to 9883430417,pay via number
Transfer 1657 via 9176273695,pay via number
Can you fetch my payment QR code?,show my QR code
Display my QR code,show my QR code
Transfer 26997.,bank_transfer
Can you fetch my last payments?,transaction history
Display my QR code,show my QR code
Send 2000 to Bob,pay via contacts
Pay bill of 463 using 9709787304,pay via number
Do a bank transfer.,bank_transfer
Send ₹3500 from my UPI to my own bank,pay to self
Show my transaction history,transaction history
Display my recent transactions,transaction history
Show my transaction history,transaction history
Show my QR code for payment,show my QR code
Can you fetch my payment QR code?,show my QR code
Can you fetch my payment QR code?,show my QR code
Self-payment of ₹6000,pay to self
Can I send ₹2500 to my own account?,pay to self
I need my QR code for transactions,show my QR code
Pay 250 via alice@upi,pay via UPI ID
Show my transaction history,transaction history
Send ₹3500 from my UPI to my own bank,pay to self
"Send money to Olivia Brown, account number 6284165127.",bank_transfer
Transfer 32617 to John Doe.,bank_transfer
Can you fetch my last payments?,transaction history
Send 2000 to alice@upi,pay via UPI ID
Move some funds to my personal account,pay to self
Scan a QR code to pay,pay via QR code
Make a payment of 1000 to John,pay via contacts
Transfer 250 using emma@paytm,pay via UPI ID
Fund 1541 to 9883430417,pay via number
Deposit ₹2000 into my bank account,pay to self
I need to see my past transactions,transaction history
Pay 1762 to 9621239137,pay via number
Transfer 1000 using emma@paytm,pay via UPI ID
Make a UPI payment of 250 to emma@paytm,pay via UPI ID
I need my QR code for transactions,show my QR code
Transfer 500 to Emma,pay via contacts
Display my QR code,show my QR code
Make a UPI payment of 750 to emma@paytm,pay via UPI ID
Make a UPI payment of 1000 to john@sbi,pay via UPI ID
I need to see my past transactions,transaction history
Pay using the scanned QR code,pay via QR code
Move ₹5500 within my accounts,pay to self
Scan a QR code to pay,pay via QR code
Send 1000 to Emma,pay via contacts
Make a payment using QR,pay via QR code
Add ₹10000 to my secondary account,pay to self
I need to see my past transactions,transaction history
Transfer 18656.,bank_transfer
Transfer 250 to Alice,pay via contacts
Pay 1762 to 9621239137,pay via number
Show my QR code for payment,show my QR code
Transfer 48486 to Olivia Brown.,bank_transfer
Show my QR code for payment,show my QR code
Scan a QR code to pay,pay via QR code
Make a UPI payment of 750 to alice@upi,pay via UPI ID
Do a bank transfer.,bank_transfer
Scan a QR code to pay,pay via QR code
"Send money to Olivia Brown, account number 3503310637.",bank_transfer
Make a payment of 500 to Emma,pay via contacts
Transfer 1657 via 9176273695,pay via number
Can I transfer ₹5000 to myself?,pay to self
Can you fetch my payment QR code?,show my QR code
Send ₹500 to my savings account,pay to self
Can you pay 2000 to Emma?,pay via contacts
Can you fetch my last payments?,transaction history
Can I transfer ₹5000 to myself?,pay to self
Display my recent transactions,transaction history
Pay bill of 463 using 9709787304,pay via number
Make a payment using QR,pay via QR code
Send 1336 INR to 9995276216,pay via number
Deposit ₹2000 into my bank account,pay to self
"Send money to David Johnson, account number 9446895308.",bank_transfer
Make a payment of 1000 to Bob,pay via contacts
Transfer 2000 using bob@ybl,pay via UPI ID
Send ₹500 to my savings account,pay to self
Can you fetch my payment QR code?,show my QR code
Show my QR code for payment,show my QR code
Make a payment using QR,pay via QR code
Pay ₹8000 into my own bank,pay to self
Transfer 2000 to Alice,pay via contacts
Can you fetch my last payments?,transaction history
Can you pay 500 to Bob?,pay via contacts
Can you pay 1000 to Alice?,pay via contacts
Shift ₹4000 to my savings,pay to self
"Send 37722 to account 5472871348, IFSC SBIN0001234.",bank_transfer
Show my QR code for payment,show my QR code
Move some funds to my personal account,pay to self
Scan a QR code to pay,pay via QR code
Send 2000 to alice@upi,pay via UPI ID
Send 3540 to 9598261481,pay via number
Pay 750 via emma@paytm,pay via UPI ID
Pay bill of 463 using 9709787304,pay via number
Can you pay 500 to John?,pay via contacts
Can you pay 500 to Alice?,pay via contacts
Display my recent transactions,transaction history
Can I transfer ₹5000 to myself?,pay to self
Transfer 500 using alice@upi,pay via UPI ID
Make a UPI payment of 250 to emma@paytm,pay via UPI ID
Pay 500 via bob@ybl,pay via UPI ID
Pay 1762 to 9621239137,pay via number
Can you fetch my payment QR code?,show my QR code
Transfer to account 2761635476.,bank_transfer
Send 250 to emma@paytm,pay via UPI ID
Transfer 24477 to David Johnson.,bank_transfer
Can you fetch my last payments?,transaction history
Can you pay 750 to Bob?,pay via contacts
Pay 1762 to 9621239137,pay via number
Add ₹10000 to my secondary account,pay to self
Make a UPI payment of 1000 to emma@paytm,pay via UPI ID
Show my QR code for payment,show my QR code
Fund 1541 to 9883430417,pay via number
Make a UPI payment of 500 to bob@ybl,pay via UPI ID
Scan a QR code to pay,pay via QR code
Send 1336 INR to 9995276216,pay via number
Transfer 1657 via 9176273695,pay via number
I need my QR code for transactions,show my QR code
"Send 24477 to account 9606509765, IFSC BOFA0006789.",bank_transfer
Make a UPI payment of 750 to john@sbi,pay via UPI ID
Send 2000 to bob@ybl,pay via UPI ID
Transfer to account 9654334863.,bank_transfer
Scan a QR code to pay,pay via QR code
Transfer money to 9640360845,pay via number
Transfer 14720 to David Johnson.,bank_transfer
Make a UPI payment of 2000 to alice@upi,pay via UPI ID
Transfer 26997.,bank_transfer
Fund 1541 to 9883430417,pay via number
Transfer 250 to John,pay via contacts
Make a UPI payment of 750 to alice@upi,pay via UPI ID
Do a bank transfer.,bank_transfer
Pay using the scanned QR code,pay via QR code
Pay using the scanned QR code,pay via QR code
Make a UPI payment of 1000 to emma@paytm,pay via UPI ID
Send 1000 to emma@paytm,pay via UPI ID
Add ₹100 to my digital wallet,pay to self
Move some funds to my personal account,pay to self
Send 500 to john@sbi,pay via UPI ID
Display my QR code,show my QR code
Transfer 250 to Bob,pay via contacts
I need my QR code for transactions,show my QR code
Transfer 14720 to David Johnson.,bank_transfer
Pay bill of 463 using 9709787304,pay via number
Make a UPI payment of 2000 to john@sbi,pay via UPI ID
I need to see my past transactions,transaction history
Pay 250 via emma@paytm,pay via UPI ID
Pay bill of 463 using 9709787304,pay via number
Do a bank transfer.,bank_transfer
Can you fetch my last payments?,transaction history
Make a UPI payment of 1000 to bob@ybl,pay via UPI ID
Can you fetch my last payments?,transaction history
Pay ₹8000 into my own bank,pay to self
Display my recent transactions,transaction history
Transfer 500 to Emma,pay via contacts
Send 1000 to john@sbi,pay via UPI ID
Transfer 1657 via 9176273695,pay via number
Pay 2000 via emma@paytm,pay via UPI ID
Display my recent transactions,transaction history
Show my transaction history,transaction history
Can I send ₹2500 to my own account?,pay to self
Make a UPI payment of 750 to emma@paytm,pay via UPI ID
Display my QR code,show my QR code
"Send 24477 to account 9606509765, IFSC BOFA0006789.",bank_transfer
Show my transaction history,transaction history
Can you pay 250 to Bob?,pay via contacts
Fund 1541 to 9883430417,pay via number
"Send money to Akash Nair, account number 3870827289.",bank_transfer
Make a payment using QR,pay via QR code
Pay bill of 463 using 9709787304,pay via number
Show my transaction history,transaction history
Send 2000 to john@sbi,pay via UPI ID
Make a UPI payment of 2000 to emma@paytm,pay via UPI ID
Pay using the scanned QR code,pay via QR code
Transfer money to 9640360845,pay via number
Do a bank transfer.,bank_transfer
Can you process a QR code payment?,pay via QR code
Display my QR code,show my QR code
I need my QR code for transactions,show my QR code
Can you fetch my last payments?,transaction history
Show my QR code for payment,show my QR code
Deposit ₹2000 into my bank account,pay to self
Can you fetch my last payments?,transaction history
Pay 750 via emma@paytm,pay via UPI ID
Can you fetch my payment QR code?,show my QR code
Transfer 1000 to John,pay via contacts
Show my transaction history,transaction history
Send 1336 INR to 9995276216,pay via number
"Send 24357 to account 5472871348, IFSC HDFC0005678.",bank_transfer
Pay ₹8000 into my own bank,pay to self
Move some funds to my personal account,pay to self
Fund 1541 to 9883430417,pay via number
Transfer 1657 via 9176273695,pay via number
Send 250 to bob@ybl,pay via UPI ID
Fund 1541 to 9883430417,pay via number
Send 3540 to 9598261481,pay via number
Transfer money to 9640360845,pay via number
Show my QR code for payment,show my QR code
Shift ₹4500 from wallet to bank,pay to self
Pay ₹8000 into my own bank,pay to self
Make a payment using QR,pay via QR code
Transfer to account 3503310637.,bank_transfer
Can you fetch my last payments?,transaction history
Can you fetch my last payments?,transaction history
Can you process a QR code payment?,pay via QR code
Move ₹1000 from checking to savings,pay to self
Transfer 48486.,bank_transfer
Can you process a QR code payment?,pay via QR code
Send 2000 to John,pay via contacts
Make a payment of 2000 to Alice,pay via contacts
Self-payment of ₹6000,pay to self
Move ₹5500 within my accounts,pay to self
Send 250 to Bob,pay via contacts
Shift ₹4500 from wallet to bank,pay to self
Pay 750 via bob@ybl,pay via UPI ID
Pay using the scanned QR code,pay via QR code
Show my transaction history,transaction history
Can you fetch my payment QR code?,show my QR code
Can I transfer ₹5000 to myself?,pay to self
Send 1000 to bob@ybl,pay via UPI ID
Move ₹5500 within my accounts,pay to self
Transfer 750 to Alice,pay via contacts
Can you fetch my payment QR code?,show my QR code
Transfer 1657 via 9176273695,pay via number
I need my QR code for transactions,show my QR code
Display my recent transactions,transaction history
"Send money to Anita Singh, account number 3503310637.",bank_transfer
Scan a QR code to pay,pay via QR code
Transfer money to 9640360845,pay via number
Show my transaction history,transaction history
Can you fetch my payment QR code?,show my QR code
Fund 1541 to 9883430417,pay via number
Show my QR code for payment,show my QR code
Send 500 to Alice,pay via contacts
Shift ₹4500 from wallet to bank,pay to self
Show my transaction history,transaction history
Do a bank transfer.,bank_transfer
Make a UPI payment of 2000 to emma@paytm,pay via UPI ID
I need my QR code for transactions,show my QR code
Make a UPI payment of 2000 to alice@upi,pay via UPI ID
Display my QR code,show my QR code
Scan a QR code to pay,pay via QR code
Display my recent transactions,transaction history
Can you fetch my last payments?,transaction history
Send 750 to alice@upi,pay via UPI ID
Pay 750 via emma@paytm,pay via UPI ID
I want to pay myself ₹3000,pay to self
Show my QR code for payment,show my QR code
Pay 1762 to 9621239137,pay via number
Transfer 48486.,bank_transfer
I need my QR code for transactions,show my QR code
Display my QR code,show my QR code
Transfer 1657 via 9176273695,pay via number
Scan a QR code to pay,pay via QR code
Send 3540 to 9598261481,pay via number
Send 750 to bob@ybl,pay via UPI ID
I need to see my past transactions,transaction history
Send 500 to John,pay via contacts
"Transfer 4209 to John Doe, account number 3870827289, IFSC HDFC0005678.",bank_transfer
I need to see my past transactions,transaction history
Transfer 250 to Emma,pay via contacts
Pay 1762 to 9621239137,pay via number
Fund 1541 to 9883430417,pay via number
Can you fetch my payment QR code?,show my QR code
Scan a QR code to pay,pay via QR code
Do a bank transfer.,bank_transfer
Transfer 250 using emma@paytm,pay via UPI ID
Transfer 1000 using bob@ybl,pay via UPI ID
Scan a QR code to pay,pay via QR code
Send 250 to john@sbi,pay via UPI ID
I want to pay myself ₹3000,pay to self
Can you pay 1000 to John?,pay via contacts
Transfer 37722 to John Doe.,bank_transfer
Do a bank transfer.,bank_transfer
Shift ₹4500 from wallet to bank,pay to self
Scan a QR code to pay,pay via QR code
Can you process a QR code payment?,pay via QR code
"Send money to Olivia Brown, account number 4284769487.",bank_transfer
Send 20503 to IFSC BOFA0006789.,bank_transfer
Can you fetch my last payments?,transaction history
Make a payment of 2000 to Emma,pay via contacts
Make a payment of 250 to Alice,pay via contacts
Display my recent transactions,transaction history
Send 1336 INR to 9995276216,pay via number
"Transfer 24357 to John Doe, account number 3075005585, IFSC SBIN0001234.",bank_transfer
"Send money to Mei Chen, account number 3503310637.",bank_transfer
Pay 750 via john@sbi,pay via UPI ID
I need to see my past transactions,transaction history
Transfer money to my own account,pay to self
Send 750 to John,pay via contacts
Send ₹500 to my savings account,pay to self
Make a UPI payment of 250 to bob@ybl,pay via UPI ID
Send 2000 to alice@upi,pay via UPI ID
Display my recent transactions,transaction history
Transfer 1000 to Emma,pay via contacts
Can you process a QR code payment?,pay via QR code
Can you fetch my last payments?,transaction history
Pay 750 via bob@ybl,pay via UPI ID
Shift ₹4000 to my savings,pay to self
Transfer money to 9640360845,pay via number
Show my transaction history,transaction history
Send 500 to Alice,pay via contacts
I need to see my past transactions,transaction history
Can you fetch my payment QR code?,show my QR code
"Send money to Mei Chen, account number 6284165127.",bank_transfer
Transfer 1657 via 9176273695,pay via number
Transfer 250 using emma@paytm,pay via UPI ID
Can you process a QR code payment?,pay via QR code
Transfer 1657 via 9176273695,pay via number
I need my QR code for transactions,show my QR code
Scan a QR code to pay,pay via QR code
Make a payment of 250 to John,pay via contacts
Pay ₹8000 into my own bank,pay to self
Display my recent transactions,transaction history
I need my QR code for transactions,show my QR code
Display my QR code,show my QR code
Display my recent transactions,transaction history
Move ₹1000 from checking to savings,pay to self
Scan a QR code to pay,pay via QR code
I need my QR code for transactions,show my QR code
Can you process a QR code payment?,pay via QR code
Can you pay 2000 to Emma?,pay via contacts
Transfer 1000 using bob@ybl,pay via UPI ID
Can you fetch my payment QR code?,show my QR code
Display my QR code,show my QR code
Can you pay 500 to Bob?,pay via contacts
Can you fetch my payment QR code?,show my QR code
Can you process a QR code payment?,pay via QR code
Send 3540 to 9598261481,pay via number
I need my QR code for transactions,show my QR code
Transfer 2000 to Bob,pay via contacts
Transfer 1000 using emma@paytm,pay via UPI ID
Display my recent transactions,transaction history
Transfer 500 using emma@paytm,pay via UPI ID
Pay using the scanned QR code,pay via QR code
Add ₹100 to my digital wallet,pay to self
Transfer 37722 to David Johnson.,bank_transfer
Transfer 500 to Alice,pay via contacts
Transfer 250 using emma@paytm,pay via UPI ID
"Send money to Olivia Brown, account number 2761635476.",bank_transfer
Pay 500 via emma@paytm,pay via UPI ID
Make a UPI payment of 1000 to john@sbi,pay via UPI ID
Make a UPI payment of 2000 to alice@upi,pay via UPI ID
Show my QR code for payment,show my QR code
Display my QR code,show my QR code
Can you fetch my payment QR code?,show my QR code
Self-payment of ₹6000,pay to self
Fund transfer to self ₹200,pay to self
Shift ₹4500 from wallet to bank,pay to self
Can you fetch my last payments?,transaction history
"Transfer 34700 to Carlos Silva, account number 4467829142, IFSC BOFA0006789.",bank_transfer
Show my transaction history,transaction history
I need my QR code for transactions,show my QR code
Add ₹10000 to my secondary account,pay to self
Make a payment of 1000 to Alice,pay via contacts
Can you fetch my last payments?,transaction history
Transfer money to 9640360845,pay via number
Display my recent transactions,transaction history
Make a UPI payment of 2000 to bob@ybl,pay via UPI ID
Transfer to account 8362678849.,bank_transfer
Send 4867 to IFSC YESB0003344.,bank_transfer
Display my QR code,show my QR code
Can you fetch my last payments?,transaction history
Make a payment of 250 to John,pay via contacts
Send 1336 INR to 9995276216,pay via number
Make a UPI payment of 500 to john@sbi,pay via UPI ID
Can you process a QR code payment?,pay via QR code
Transfer 31401 to Mei Chen.,bank_transfer
Pay 1762 to 9621239137,pay via number
Send 750 to alice@upi,pay via UPI ID
Transfer 2000 using bob@ybl,pay via UPI ID
Pay using the scanned QR code,pay via QR code
Make a payment of 1000 to Bob,pay via contacts
Can you pay 500 to Emma?,pay via contacts
Send 1000 to Bob,pay via contacts
Can you process a QR code payment?,pay via QR code
Can you fetch my last payments?,transaction history
Add ₹10000 to my secondary account,pay to self
Send 500 to Alice,pay via contacts
Show my transaction history,transaction history
Make a payment of 500 to John,pay via contacts
Self-payment of ₹6000,pay to self
Make a payment using QR,pay via QR code
Can I transfer ₹5000 to myself?,pay to self
Show my transaction history,transaction history
Scan a QR code to pay,pay via QR code
Send 2000 to Bob,pay via contacts
Make a UPI payment of 250 to alice@upi,pay via UPI ID
Transfer 1000 using bob@ybl,pay via UPI ID
Send 3540 to 9598261481,pay via number
Send 1000 to Alice,pay via contacts
Send 500 to Emma,pay via contacts
Send 250 to john@sbi,pay via UPI ID
I need my QR code for transactions,show my QR code
Make a payment using QR,pay via QR code
Do a bank transfer.,bank_transfer
Send 3540 to 9598261481,pay via number
Scan a QR code to pay,pay via QR code
Pay 1762 to 9621239137,pay via number
Transfer 750 using emma@paytm,pay via UPI ID
Make a payment using QR,pay via QR code
Pay 1000 via alice@upi,pay via UPI ID
Can you fetch my payment QR code?,show my QR code
Shift ₹4000 to my savings,pay to self
"Transfer 41382 to Olivia Brown, account number 2761635476, IFSC PNB0005432.",bank_transfer
Pay 1000 via john@sbi,pay via UPI ID
Transfer money to 9640360845,pay via number
Add ₹100 to my digital wallet,pay to self
Can you pay 250 to Bob?,pay via contacts
Can you fetch my last payments?,transaction history
Transfer 2000 to Emma,pay via contacts
Display my QR code,show my QR code
Make a payment of 500 to Bob,pay via contacts
Transfer 34700 to Priya Kapoor.,bank_transfer
"Send 18656 to account 6839885968, IFSC PNB0005432.",bank_transfer
Send ₹3500 from my UPI to my own bank,pay to self
Send 1000 to Alice,pay via contacts
Can you fetch my payment QR code?,show my QR code
Transfer money to 9640360845,pay via number
Send 750 to bob@ybl,pay via UPI ID
Show my transaction history,transaction history
"Transfer 20440 to Olivia Brown, account number 8871333370, IFSC SBIN0001234.",bank_transfer
Transfer to account 9686302372.,bank_transfer
"Send 4209 to account 2761635476, IFSC BOFA0006789.",bank_transfer
Send 3540 to 9598261481,pay via number
Make a payment of 250 to John,pay via contacts
I need to see my past transactions,transaction history
Do a bank transfer.,bank_transfer
Transfer 48486 to Priya Kapoor.,bank_transfer
Send 750 to bob@ybl,pay via UPI ID
Can you process a QR code payment?,pay via QR code
Can you fetch my payment QR code?,show my QR code
Send 5727 to IFSC AXIS0001122.,bank_transfer
I need to see my past transactions,transaction history
"Send money to Akash Nair, account number 9628205197.",bank_transfer
Display my recent transactions,transaction history
Shift ₹4000 to my savings,pay to self
Move ₹5500 within my accounts,pay to self
Transfer to account 9628205197.,bank_transfer
Can you fetch my payment QR code?,show my QR code
Make a UPI payment of 750 to bob@ybl,pay via UPI ID
Display my recent transactions,transaction history
Pay bill of 463 using 9709787304,pay via number
Scan a QR code to pay,pay via QR code
Send 3540 to 9598261481,pay via number
Transfer 250 to Emma,pay via contacts
Pay using the scanned QR code,pay via QR code
Send 3540 to 9598261481,pay via number
Pay 1762 to 9621239137,pay via number
Make a UPI payment of 750 to alice@upi,pay via UPI ID
Show my QR code for payment,show my QR code
Can you pay 500 to Alice?,pay via contacts
Do a bank transfer.,bank_transfer
Make a payment of 250 to Emma,pay via contacts
Can you fetch my last payments?,transaction history
Pay 500 via john@sbi,pay via UPI ID
Make a payment using QR,pay via QR code
Can you fetch my payment QR code?,show my QR code
"Transfer 4209 to Fatima Begum, account number 3503310637, IFSC AXIS0001122.",bank_transfer
Show my QR code for payment,show my QR code
Send ₹500 to my savings account,pay to self
Send 48486 to IFSC HDFC0005678.,bank_transfer
Transfer to account 9686302372.,bank_transfer
Can you fetch my last payments?,transaction history
Pay 1762 to 9621239137,pay via number
Pay using the scanned QR code,pay via QR code
Deposit ₹2000 into my bank account,pay to self
Transfer 500 to John,pay via contacts
Make a UPI payment of 500 to emma@paytm,pay via UPI ID
Add ₹10000 to my secondary account,pay to self
Can you process a QR code payment?,pay via QR code
Can you pay 750 to Alice?,pay via contacts
Display my recent transactions,transaction history
Do a bank transfer.,bank_transfer
I need my QR code for transactions,show my QR code
Send 2000 to Emma,pay via contacts
Send 24357 to IFSC ICIC0009876.,bank_transfer
Can I transfer ₹5000 to myself?,pay to self
Transfer to account 5472871348.,bank_transfer
Deposit ₹2000 into my bank account,pay to self
Make a UPI payment of 2000 to bob@ybl,pay via UPI ID
Show my transaction history,transaction history
Pay 750 via emma@paytm,pay via UPI ID
Transfer 2000 to John,pay via contacts
Can you fetch my last payments?,transaction history
Transfer money to 9640360845,pay via number
Transfer 20503.,bank_transfer
Show my QR code for payment,show my QR code
Transfer money to 9640360845,pay via number
Display my QR code,show my QR code
Show my QR code for payment,show my QR code
Transfer 4209 to Olivia Brown.,bank_transfer
Make a payment of 1000 to Bob,pay via contacts
I want to pay myself ₹3000,pay to self
Make a payment using QR,pay via QR code
Pay using the scanned QR code,pay via QR code
Transfer 1657 via 9176273695,pay via number
Send 500 to Emma,pay via contacts
Do a bank transfer.,bank_transfer
Pay 1762 to 9621239137,pay via number
Display my recent transactions,transaction history
Shift ₹4500 from wallet to bank,pay to self
Display my recent transactions,transaction history
Transfer money to 9640360845,pay via number
Scan a QR code to pay,pay via QR code
I need to see my past transactions,transaction history
Transfer money to my own account,pay to self
Transfer 1657 via 9176273695,pay via number
Transfer 1000 to Bob,pay via contacts
Pay bill of 463 using 9709787304,pay via number
Can you process a QR code payment?,pay via QR code
Pay 1762 to 9621239137,pay via number
Transfer 750 to John,pay via contacts
Make a payment of 250 to John,pay via contacts
I need to see my past transactions,transaction history
Transfer 2000 to Emma,pay via contacts
Shift ₹4500 from wallet to bank,pay to self
Self-transfer ₹1500,pay to self
Fund 1541 to 9883430417,pay via number
I want to pay myself ₹3000,pay to self
Self-transfer ₹1500,pay to self
"Send money to Anita Singh, account number 9686302372.",bank_transfer
Show my transaction history,transaction history
Send 750 to John,pay via contacts
I need my QR code for transactions,show my QR code
Transfer money to my own account,pay to self
Show my QR code for payment,show my QR code
Display my recent transactions,transaction history
Make a UPI payment of 750 to bob@ybl,pay via UPI ID
Make a payment using QR,pay via QR code
Pay ₹8000 into my own bank,pay to self
Deposit ₹900 into my account from UPI,pay to self
Deposit ₹2000 into my bank account,pay to self
Send 750 to emma@paytm,pay via UPI ID
Can you pay 750 to Emma?,pay via contacts
Send ₹3500 from my UPI to my own bank,pay to self
Pay using the scanned QR code,pay via QR code
Transfer money to 9640360845,pay via number
Transfer 31401.,bank_transfer
Scan a QR code to pay,pay via QR code
Transfer 250 using emma@paytm,pay via UPI ID
Send 24477 to IFSC SBIN0001234.,bank_transfer
Show my transaction history,transaction history
Send 3540 to 9598261481,pay via number
Send 2000 to alice@upi,pay via UPI ID
Send 1336 INR to 9995276216,pay via number
Transfer money to 9640360845,pay via number
Transfer 750 to John,pay via contacts
Show my QR code for payment,show my QR code
Can you process a QR code payment?,pay via QR code
Show my QR code for payment,show my QR code
Display my QR code,show my QR code
Transfer 31401 to Rahul Sharma.,bank_transfer
Can you fetch my payment QR code?,show my QR code
Transfer 34700.,bank_transfer
Transfer 500 to Alice,pay via contacts
Scan a QR code to pay,pay via QR code
Make a UPI payment of 2000 to emma@paytm,pay via UPI ID
I need to see my past transactions,transaction history
I need my QR code for transactions,show my QR code
Make a UPI payment of 500 to alice@upi,pay via UPI ID
Transfer 1657 via 9176273695,pay via number
I need my QR code for transactions,show my QR code
Make a payment of 2000 to Alice,pay via contacts
Display my QR code,show my QR code
Transfer 2000 using emma@paytm,pay via UPI ID
Do a bank transfer.,bank_transfer
Make a payment of 250 to Bob,pay via contacts
Pay bill of 463 using 9709787304,pay via number
Pay 1762 to 9621239137,pay via number
Show my transaction history,transaction history
Pay 1762 to 9621239137,pay via number
"Transfer 20440 to David Johnson, account number 5265416525, IFSC BOFA0006789.",bank_transfer
Display my QR code,show my QR code
Fund 1541 to 9883430417,pay via number
Deposit ₹2000 into my bank account,pay to self
Send 250 to bob@ybl,pay via UPI ID
Make a payment of 1000 to Bob,pay via contacts
I need my QR code for transactions,show my QR code
Pay 1762 to 9621239137,pay via number
Show my QR code for payment,show my QR code
Show my QR code for payment,show my QR code
Scan a QR code to pay,pay via QR code
Transfer 500 using alice@upi,pay via UPI ID
Transfer 250 to Emma,pay via contacts
Scan a QR code to pay,pay via QR code
Scan a QR code to pay,pay via QR code
Pay 250 via alice@upi,pay via UPI ID
I need to see my past transactions,transaction history
Can you fetch my last payments?,transaction history
Move ₹1000 from checking to savings,pay to self
Fund 1541 to 9883430417,pay via number
"Send 24477 to account 5265416525, IFSC HDFC0005678.",bank_transfer
Pay 1762 to 9621239137,pay via number
Send 3540 to 9598261481,pay via number
"Transfer 37057 to Anita Singh, account number 8871333370, IFSC HDFC0005678.",bank_transfer
Send 750 to alice@upi,pay via UPI ID
"Send money to Olivia Brown, account number 9180071527.",bank_transfer
Scan a QR code to pay,pay via QR code
Can you fetch my last payments?,transaction history
Self-payment of ₹6000,pay to self
Deposit ₹900 into my account from UPI,pay to self
Scan a QR code to pay,pay via QR code
Make a payment of 2000 to Alice,pay via contacts
Do a bank transfer.,bank_transfer
Shift ₹4000 to my savings,pay to self
Scan a QR code to pay,pay via QR code
Send 1336 INR to 9995276216,pay via number
Make a payment of 250 to Emma,pay via contacts
Can you fetch my payment QR code?,show my QR code
"Send money to Akash Nair, account number 9628205197.",bank_transfer
Do a bank transfer.,bank_transfer
Scan a QR code to pay,pay via QR code
Show my QR code for payment,show my QR code
Display my recent transactions,transaction history
Fund 1541 to 9883430417,pay via number
"Send 4209 to account 2761635476, IFSC BOFA0006789.",bank_transfer
Display my recent transactions,transaction history
Transfer 250 to Bob,pay via contacts
Pay 2000 via alice@upi,pay via UPI ID
Can you process a QR code payment?,pay via QR code
Can you fetch my payment QR code?,show my QR code
Pay 500 via emma@paytm,pay via UPI ID
Transfer to account 2761635476.,bank_transfer
Send 500 to john@sbi,pay via UPI ID
Send 28532 to IFSC BOFA0006789.,bank_transfer
Do a bank transfer.,bank_transfer
Display my recent transactions,transaction history
Transfer 37057 to David Johnson.,bank_transfer
Make a payment using QR,pay via QR code
Pay using the scanned QR code,pay via QR code
I need my QR code for transactions,show my QR code
Can you pay 2000 to Bob?,pay via contacts
Transfer 250 to John,pay via contacts
Do a bank transfer.,bank_transfer
I need to see my past transactions,transaction history
Display my QR code,show my QR code
Show my transaction history,transaction history
Show my transaction history,transaction history
Make a payment using QR,pay via QR code
Shift ₹4000 to my savings,pay to self
Add ₹100 to my digital wallet,pay to self
Can you fetch my last payments?,transaction history
"Send 5727 to account 4284769487, IFSC SBIN0001234.",bank_transfer
Shift ₹4500 from wallet to bank,pay to self
Pay using the scanned QR code,pay via QR code
Can you fetch my payment QR code?,show my QR code
I need to see my past transactions,transaction history
Do a bank transfer.,bank_transfer
Pay using the scanned QR code,pay via QR code
Fund 1541 to 9883430417,pay via number
Make a payment of 500 to John,pay via contacts
Can you process a QR code payment?,pay via QR code
Pay bill of 463 using 9709787304,pay via number
Transfer 1657 via 9176273695,pay via number
Transfer money to 9640360845,pay via number
Send 750 to emma@paytm,pay via UPI ID
Can I send ₹2500 to my own account?,pay to self
Send 3540 to 9598261481,pay via number
Transfer 1657 via 9176273695,pay via number
Show my QR code for payment,show my QR code
Show my QR code for payment,show my QR code
Send 3540 to 9598261481,pay via number
Can you fetch my payment QR code?,show my QR code
Make a payment using QR,pay via QR code
Show my QR code for payment,show my QR code
Make a UPI payment of 2000 to alice@upi,pay via UPI ID
Shift ₹4000 to my savings,pay to self
Scan a QR code to pay,pay via QR code
Send 500 to Alice,pay via contacts
Can I send ₹2500 to my own account?,pay to self
Move ₹1000 from checking to savings,pay to self
Transfer 500 using john@sbi,pay via UPI ID
Send 3540 to 9598261481,pay via number
Transfer 1000 using bob@ybl,pay via UPI ID
Pay 750 via bob@ybl,pay via UPI ID
Pay 750 via bob@ybl,pay via UPI ID
Show my QR code for payment,show my QR code
Make a payment of 2000 to Emma,pay via contacts
Transfer 2000 using bob@ybl,pay via UPI ID
Pay using the scanned QR code,pay via QR code
Send 24477 to IFSC BOFA0006789.,bank_transfer
Transfer to account 7036643460.,bank_transfer
Do a bank transfer.,bank_transfer
Show my transaction history,transaction history
Self-transfer ₹1500,pay to self
"Send 32617 to account 2761635476, IFSC YESB0003344.",bank_transfer
Make a payment using QR,pay via QR code
Show my QR code for payment,show my QR code
Send ₹500 to my savings account,pay to self
Transfer 31401.,bank_transfer
Send 48486 to IFSC HDFC0005678.,bank_transfer
"Send 4209 to account 8362678849, IFSC YESB0003344.",bank_transfer
I need to see my past transactions,transaction history
Scan a QR code to pay,pay via QR code
Scan a QR code to pay,pay via QR code
I need my QR code for transactions,show my QR code
Can you fetch my payment QR code?,show my QR code
"Transfer 37722 to Olivia Brown, account number 9628205197, IFSC YESB0003344.",bank_transfer
Make a UPI payment of 750 to alice@upi,pay via UPI ID
Transfer money to my own account,pay to self
Make a UPI payment of 750 to john@sbi,pay via UPI ID
Can you fetch my last payments?,transaction history
Can you fetch my last payments?,transaction history
Make a UPI payment of 250 to emma@paytm,pay via UPI ID
Transfer to account 3503310637.,bank_transfer
Deposit ₹2000 into my bank account,pay to self
Display my recent transactions,transaction history
I want to pay myself ₹3000,pay to self
Deposit ₹2000 into my bank account,pay to self
"Transfer 28532 to Olivia Brown, account number 5265416525, IFSC BOFA0006789.",bank_transfer
Transfer to account 6284165127.,bank_transfer
Transfer 500 using alice@upi,pay via UPI ID
Transfer 14720.,bank_transfer
Transfer money to my own account,pay to self
Transfer 500 using john@sbi,pay via UPI ID
Pay using the scanned QR code,pay via QR code
Can you fetch my last payments?,transaction history
Send 3540 to 9598261481,pay via number
Transfer 1657 via 9176273695,pay via number
Transfer 500 to Alice,pay via contacts
Do a bank transfer.,bank_transfer
Show my QR code for payment,show my QR code
Can you fetch my payment QR code?,show my QR code
Display my QR code,show my QR code
Can you pay 750 to Bob?,pay via contacts
Move ₹5500 within my accounts,pay to self
Show my QR code for payment,show my QR code
Send 1336 INR to 9995276216,pay via number
I want to pay myself ₹3000,pay to self
I need to see my past transactions,transaction history
Transfer 41382.,bank_transfer
Move ₹5500 within my accounts,pay to self
Can I transfer ₹5000 to myself?,pay to self
Transfer to account 7036643460.,bank_transfer
Add ₹10000 to my secondary account,pay to self
Scan a QR code to pay,pay via QR code
Make a UPI payment of 250 to alice@upi,pay via UPI ID
Do a bank transfer.,bank_transfer
Make a payment of 2000 to John,pay via contacts
Display my recent transactions,transaction history
Scan a QR code to pay,pay via QR code
Send 1000 to John,pay via contacts
I need to see my past transactions,transaction history
Transfer 31401.,bank_transfer
Send 500 to Alice,pay via contacts
Make a UPI payment of 500 to john@sbi,pay via UPI ID
Show my QR code for payment,show my QR code
I need to see my past transactions,transaction history
Can you pay 2000 to John?,pay via contacts
Make a payment using QR,pay via QR code
Send 2000 to john@sbi,pay via UPI ID
I need to see my past transactions,transaction history
Send 2000 to Emma,pay via contacts
Deposit ₹2000 into my bank account,pay to self
"Transfer 20440 to David Johnson, account number 4284769487, IFSC YESB0003344.",bank_transfer
I need to see my past transactions,transaction history
Send 26997 to IFSC SBIN0001234.,bank_transfer
Transfer 2000 using john@sbi,pay via UPI ID
Show my transaction history,transaction history
Pay 1762 to 9621239137,pay via number
Add ₹10000 to my secondary account,pay to self
Add ₹10000 to my secondary account,pay to self
Pay using the scanned QR code,pay via QR code
Make a UPI payment of 2000 to emma@paytm,pay via UPI ID
Send 18656 to IFSC HDFC0005678.,bank_transfer
Can you fetch my last payments?,transaction history
Make a payment using QR,pay via QR code
Display my QR code,show my QR code
I need to see my past transactions,transaction history
Fund 1541 to 9883430417,pay via number
Can you fetch my last payments?,transaction history
Display my QR code,show my QR code
I need my QR code for transactions,show my QR code
Transfer 1000 using john@sbi,pay via UPI ID
Scan a QR code to pay,pay via QR code
Transfer to account 9446895308.,bank_transfer
Make a payment using QR,pay via QR code
Can you process a QR code payment?,pay via QR code
Can you fetch my payment QR code?,show my QR code
Display my recent transactions,transaction history
Send 750 to Alice,pay via contacts
Display my recent transactions,transaction history
Show my transaction history,transaction history
Can you fetch my payment QR code?,show my QR code
Send 2000 to Bob,pay via contacts
Send 250 to Alice,pay via contacts
Pay bill of 463 using 9709787304,pay via number
Transfer 1000 using john@sbi,pay via UPI ID
Send 1000 to bob@ybl,pay via UPI ID
Can you fetch my last payments?,transaction history
Make a payment of 250 to Emma,pay via contacts
Can I send ₹2500 to my own account?,pay to self
Move some funds to my personal account,pay to self
I need my QR code for transactions,show my QR code
Transfer 2000 to John,pay via contacts
Can I send ₹2500 to my own account?,pay to self
Make a payment of 2000 to John,pay via contacts
Scan a QR code to pay,pay via QR code
Transfer to account 4467829142.,bank_transfer
Show my QR code for payment,show my QR code
Pay 500 via john@sbi,pay via UPI ID
Transfer money to 9640360845,pay via number
Can you fetch my payment QR code?,show my QR code
Add ₹10000 to my secondary account,pay to self
Transfer 750 to Emma,pay via contacts
Send 250 to emma@paytm,pay via UPI ID
Make a payment of 2000 to Emma,pay via contacts
Pay using the scanned QR code,pay via QR code
Move ₹1000 from checking to savings,pay to self
Show my transaction history,transaction history
Add ₹10000 to my secondary account,pay to self
Can you pay 750 to Bob?,pay via contacts
Scan a QR code to pay,pay via QR code
Transfer to account 7036643460.,bank_transfer
I need to see my past transactions,transaction history
Display my recent transactions,transaction history
"Transfer 32617 to Carlos Silva, account number 6284165127, IFSC AXIS0001122.",bank_transfer
Show my QR code for payment,show my QR code
Show my QR code for payment,show my QR code
Pay using the scanned QR code,pay via QR code
Can you fetch my payment QR code?,show my QR code
Transfer to account 4284769487.,bank_transfer
Fund 1541 to 9883430417,pay via number
Shift ₹4000 to my savings,pay to self
Send 2000 to alice@upi,pay via UPI ID
Can you fetch my last payments?,transaction history
Do a bank transfer.,bank_transfer
Transfer 26997 to Mei Chen.,bank_transfer
Can you process a QR code payment?,pay via QR code
Transfer 1657 via 9176273695,pay via number
Can you process a QR code payment?,pay via QR code
Can you process a QR code payment?,pay via QR code
Make a UPI payment of 2000 to emma@paytm,pay via UPI ID
Display my recent transactions,transaction history
Send 1336 INR to 9995276216,pay via number
Display my recent transactions,transaction history
Show my QR code for payment,show my QR code
Can you fetch my last payments?,transaction history
Display my QR code,show my QR code
Show my QR code for payment,show my QR code
Send 26997 to IFSC HDFC0005678.,bank_transfer
Display my QR code,show my QR code
Can you fetch my payment QR code?,show my QR code
Scan a QR code to pay,pay via QR code
Show my QR code for payment,show my QR code
"Send 4209 to account 6839885968, IFSC HDFC0005678.",bank_transfer
Deposit ₹2000 into my bank account,pay to self
Display my recent transactions,transaction history
Transfer 26997.,bank_transfer
Transfer 18656.,bank_transfer
I need my QR code for transactions,show my QR code
Show my QR code for payment,show my QR code
Make a payment using QR,pay via QR code
Transfer 750 using emma@paytm,pay via UPI ID
Show my QR code for payment,show my QR code
Send 3540 to 9598261481,pay via number
Can you pay 1000 to Bob?,pay via contacts
Transfer 14720 to Priya Kapoor.,bank_transfer
Scan a QR code to pay,pay via QR code
Scan a QR code to pay,pay via QR code
Display my recent transactions,transaction history
Can you fetch my payment QR code?,show my QR code
"Send 4867 to account 9446895308, IFSC AXIS0001122.",bank_transfer
Can you process a QR code payment?,pay via QR code
Display my QR code,show my QR code
Pay bill of 463 using 9709787304,pay via number
Can you fetch my payment QR code?,show my QR code
Transfer 750 using alice@upi,pay via UPI ID
Transfer 20503 to Anita Singh.,bank_transfer
Display my recent transactions,transaction history
Can you pay 500 to Alice?,pay via contacts
Show my QR code for payment,show my QR code
Scan a QR code to pay,pay via QR code
Show my transaction history,transaction history
Shift ₹4500 from wallet to bank,pay to self
Show my transaction history,transaction history
Transfer to account 6839885968.,bank_transfer
Deposit ₹2000 into my bank account,pay to self
Transfer 1657 via 9176273695,pay via number
Send 1000 to Emma,pay via contacts
Pay bill of 463 using 9709787304,pay via number
Deposit ₹900 into my account from UPI,pay to self
Make a payment using QR,pay via QR code
I need my QR code for transactions,show my QR code
Move ₹5500 within my accounts,pay to self
Make a payment using QR,pay via QR code
Transfer money to my own account,pay to self
Move some funds to my personal account,pay to self
Can you pay 1000 to Bob?,pay via contacts
Show my transaction history,transaction history
Show my QR code for payment,show my QR code
Transfer 1000 to Alice,pay via contacts
Make a payment using QR,pay via QR code
Make a payment using QR,pay via QR code
Send 3540 to 9598261481,pay via number
Self-payment of ₹6000,pay to self
Pay 250 via alice@upi,pay via UPI ID
Send 1336 INR to 9995276216,pay via number
Transfer 1657 via 9176273695,pay via number
Transfer 250 using john@sbi,pay via UPI ID
Transfer 48486.,bank_transfer
Can you process a QR code payment?,pay via QR code
Scan a QR code to pay,pay via QR code
Show my transaction history,transaction history
Show my transaction history,transaction history
Pay using the scanned QR code,pay via QR code
"Send 26997 to account 4467829142, IFSC ICIC0009876.",bank_transfer
Pay 1762 to 9621239137,pay via number
Show my transaction history,transaction history
Can you fetch my payment QR code?,show my QR code
Send 250 to John,pay via contacts
Can you process a QR code payment?,pay via QR code
Transfer 26997.,bank_transfer
Send 1336 INR to 9995276216,pay via number
Transfer money to my own account,pay to self
Do a bank transfer.,bank_transfer
Fund 1541 to 9883430417,pay via number
Make a UPI payment of 250 to john@sbi,pay via UPI ID
Send 1336 INR to 9995276216,pay via number
Send 1000 to Emma,pay via contacts
Pay ₹8000 into my own bank,pay to self
Send 3540 to 9598261481,pay via number
Can you fetch my payment QR code?,show my QR code
Scan a QR code to pay,pay via QR code
Do a bank transfer.,bank_transfer
Transfer 28532.,bank_transfer
Can you fetch my last payments?,transaction history
I need to see my past transactions,transaction history
Scan a QR code to pay,pay via QR code
Show my QR code for payment,show my QR code
I want to pay myself ₹3000,pay to self
Show my QR code for payment,show my QR code
Display my recent transactions,transaction history
Display my recent transactions,transaction history
Can you fetch my last payments?,transaction history
Transfer 500 to John,pay via contacts
Can you fetch my last payments?,transaction history
Send 1000 to Bob,pay via contacts
Scan a QR code to pay,pay via QR code
Transfer 500 using bob@ybl,pay via UPI ID
Can I send ₹2500 to my own account?,pay to self
Can you process a QR code payment?,pay via QR code
Make a UPI payment of 250 to emma@paytm,pay via UPI ID
Send 500 to alice@upi,pay via UPI ID
Do a bank transfer.,bank_transfer
Make a payment of 250 to John,pay via contacts
Move ₹1000 from checking to savings,pay to self
Send 3540 to 9598261481,pay via number
Make a payment using QR,pay via QR code
Send 28532 to IFSC PNB0005432.,bank_transfer
Shift ₹4500 from wallet to bank,pay to self
Can you pay 250 to Alice?,pay via contacts
Transfer to account 5728856473.,bank_transfer
"Transfer 34700 to Priya Kapoor, account number 9446895308, IFSC BOFA0006789.",bank_transfer
Transfer 1657 via 9176273695,pay via number
Send 24477 to IFSC HDFC0005678.,bank_transfer
Fund transfer to self ₹200,pay to self
Can you process a QR code payment?,pay via QR code
Deposit ₹2000 into my bank account,pay to self
Can you pay 750 to Alice?,pay via contacts
Send 1336 INR to 9995276216,pay via number
Transfer 1657 via 9176273695,pay via number
Deposit ₹2000 into my bank account,pay to self
Make a payment using QR,pay via QR code
Can you pay 500 to Bob?,pay via contacts
Show my QR code for payment,show my QR code
Can you process a QR code payment?,pay via QR code
Show my QR code for payment,show my QR code
"Send money to Anita Singh, account number 9180071527.",bank_transfer
Can you process a QR code payment?,pay via QR code
I need my QR code for transactions,show my QR code
Transfer 1657 via 9176273695,pay via number
Make a UPI payment of 500 to alice@upi,pay via UPI ID
I need to see my past transactions,transaction history
Show my transaction history,transaction history
Can you fetch my last payments?,transaction history
Can you fetch my payment QR code?,show my QR code
Transfer 1000 to John,pay via contacts
Send 1000 to alice@upi,pay via UPI ID
Make a UPI payment of 2000 to bob@ybl,pay via UPI ID
Make a UPI payment of 750 to emma@paytm,pay via UPI ID
"Send 31580 to account 3503310637, IFSC AXIS0001122.",bank_transfer
Add ₹10000 to my secondary account,pay to self
Display my recent transactions,transaction history
Pay 250 via emma@paytm,pay via UPI ID
Transfer 250 to Alice,pay via contacts
I need my QR code for transactions,show my QR code
Can you pay 2000 to John?,pay via contacts
Can you pay 250 to Alice?,pay via contacts
I need my QR code for transactions,show my QR code
Deposit ₹2000 into my bank account,pay to self
I need to see my past transactions,transaction history
I need my QR code for transactions,show my QR code
Send 1336 INR to 9995276216,pay via number
Move some funds to my personal account,pay to self
Can I send ₹2500 to my own account?,pay to self
Send 1000 to alice@upi,pay via UPI ID
Make a payment using QR,pay via QR code
Pay 750 via bob@ybl,pay via UPI ID
Pay bill of 463 using 9709787304,pay via number
Do a bank transfer.,bank_transfer
Make a UPI payment of 2000 to alice@upi,pay via UPI ID
Display my QR code,show my QR code
Self-payment of ₹6000,pay to self
Send 3540 to 9598261481,pay via number
Display my recent transactions,transaction history
Send 500 to Bob,pay via contacts
Transfer 31580 to David Johnson.,bank_transfer
I need to see my past transactions,transaction history
Pay 1762 to 9621239137,pay via number
Pay 2000 via bob@ybl,pay via UPI ID
Show my QR code for payment,show my QR code
Make a payment using QR,pay via QR code
Transfer 500 to Bob,pay via contacts
Fund 1541 to 9883430417,pay via number
"Send 31580 to account 2761635476, IFSC ICIC0009876.",bank_transfer
Send ₹500 to my savings account,pay to self
Send 750 to john@sbi,pay via UPI ID
Transfer money to my own account,pay to self
Add ₹10000 to my secondary account,pay to self
Send 4867 to IFSC SBIN0001234.,bank_transfer
Can you process a QR code payment?,pay via QR code
Send 1336 INR to 9995276216,pay via number
Send 26997 to IFSC YESB0003344.,bank_transfer
Do a bank transfer.,bank_transfer
Display my QR code,show my QR code
"Send 4209 to account 5265416525, IFSC YESB0003344.",bank_transfer
I need my QR code for transactions,show my QR code
Send 3540 to 9598261481,pay via number
I need to move ₹700 to another account of mine,pay to self
Shift ₹4500 from wallet to bank,pay to self
Display my QR code,show my QR code
Send 500 to john@sbi,pay via UPI ID
Transfer 250 to Alice,pay via contacts
Display my QR code,show my QR code
Can you fetch my payment QR code?,show my QR code
Send 1336 INR to 9995276216,pay via number
Transfer 2000 using bob@ybl,pay via UPI ID
Pay using the scanned QR code,pay via QR code
Can you process a QR code payment?,pay via QR code
Pay ₹8000 into my own bank,pay to self
Transfer 48843 to John Doe.,bank_transfer
Transfer 24477.,bank_transfer
Add ₹100 to my digital wallet,pay to self
Make a payment of 1000 to Bob,pay via contacts
Display my QR code,show my QR code
Display my recent transactions,transaction history
"Send money to Akash Nair, account number 4467829142.",bank_transfer
Scan a QR code to pay,pay via QR code
Make a payment using QR,pay via QR code
Can you fetch my last payments?,transaction history
Send 1336 INR to 9995276216,pay via number
Show my transaction history,transaction history
Send 1336 INR to 9995276216,pay via number
Make a payment using QR,pay via QR code
Can you process a QR code payment?,pay via QR code
Display my QR code,show my QR code
Can you process a QR code payment?,pay via QR code
I need to move ₹700 to another account of mine,pay to self
Can you pay 500 to Emma?,pay via contacts
Can you fetch my payment QR code?,show my QR code
"Send 37722 to account 4284769487, IFSC YESB0003344.",bank_transfer
Scan a QR code to pay,pay via QR code
Transfer 250 to John,pay via contacts
Move some funds to my personal account,pay to self
Send 500 to alice@upi,pay via UPI ID
Make a UPI payment of 250 to emma@paytm,pay via UPI ID
Transfer 1000 using john@sbi,pay via UPI ID
Shift ₹4500 from wallet to bank,pay to self
Transfer 1657 via 9176273695,pay via number
Make a payment using QR,pay via QR code
Make a payment using QR,pay via QR code
Transfer to account 2761635476.,bank_transfer
Scan a QR code to pay,pay via QR code
Self-transfer ₹1500,pay to self
Pay 750 via john@sbi,pay via UPI ID
"Transfer 26997 to Anita Singh, account number 5472871348, IFSC SBIN0001234.",bank_transfer
Make a payment using QR,pay via QR code
Show my QR code for payment,show my QR code
Show my QR code for payment,show my QR code
Pay 1762 to 9621239137,pay via number
Make a UPI payment of 250 to emma@paytm,pay via UPI ID
"Transfer 48486 to Rahul Sharma, account number 9654334863, IFSC BOFA0006789.",bank_transfer
I need my QR code for transactions,show my QR code
Transfer to account 4467829142.,bank_transfer
Transfer 1000 to John,pay via contacts
Pay 500 via emma@paytm,pay via UPI ID
Pay 1762 to 9621239137,pay via number
Make a payment of 500 to John,pay via contacts
Send 2000 to John,pay via contacts
Pay 1762 to 9621239137,pay via number
Can you fetch my payment QR code?,show my QR code
Pay ₹8000 into my own bank,pay to self
Send 3540 to 9598261481,pay via number
Display my recent transactions,transaction history
Transfer 32617 to Mei Chen.,bank_transfer
Can you pay 750 to Emma?,pay via contacts
Transfer 500 using emma@paytm,pay via UPI ID
Add ₹100 to my digital wallet,pay to self
"Send money to Akash Nair, account number 9628205197.",bank_transfer
Transfer money to my own account,pay to self
Transfer 750 to John,pay via contacts
Scan a QR code to pay,pay via QR code
Scan a QR code to pay,pay via QR code
Do a bank transfer.,bank_transfer
Send 1000 to john@sbi,pay via UPI ID
Send ₹500 to my savings account,pay to self
Send 1336 INR to 9995276216,pay via number
"Send money to Carlos Silva, account number 3503310637.",bank_transfer
Pay bill of 463 using 9709787304,pay via number
Transfer 500 using emma@paytm,pay via UPI ID
Scan a QR code to pay,pay via QR code
"Send money to Olivia Brown, account number 6839885968.",bank_transfer
I need my QR code for transactions,show my QR code
Do a bank transfer.,bank_transfer
Shift ₹4000 to my savings,pay to self
Transfer 250 using emma@paytm,pay via UPI ID
Pay 500 via john@sbi,pay via UPI ID
Transfer 5727.,bank_transfer
Send 1336 INR to 9995276216,pay via number
Add ₹10000 to my secondary account,pay to self
Send ₹500 to my savings account,pay to self
I want to pay myself ₹3000,pay to self
Move some funds to my personal account,pay to self
Add ₹100 to my digital wallet,pay to self
Transfer 500 to Alice,pay via contacts
Send 250 to Alice,pay via contacts
Fund 1541 to 9883430417,pay via number
I need to see my past transactions,transaction history
Send 250 to John,pay via contacts
I need to see my past transactions,transaction history
Can you pay 250 to Emma?,pay via contacts
"Transfer 24357 to David Johnson, account number 9654334863, IFSC PNB0005432.",bank_transfer
Move ₹1000 from checking to savings,pay to self
I need to see my past transactions,transaction history
Scan a QR code to pay,pay via QR code
Can you pay 1000 to Emma?,pay via contacts
Transfer 2000 to Emma,pay via contacts
Send 2000 to alice@upi,pay via UPI ID
I need to see my past transactions,transaction history
Make a payment using QR,pay via QR code
Send 500 to john@sbi,pay via UPI ID
Transfer to account 6284165127.,bank_transfer
Send 2000 to alice@upi,pay via UPI ID
"Send 28532 to account 8871333370, IFSC AXIS0001122.",bank_transfer
Send 250 to bob@ybl,pay via UPI ID
Pay 250 via alice@upi,pay via UPI ID
Pay ₹8000 into my own bank,pay to self
Display my recent transactions,transaction history
Make a payment of 2000 to Emma,pay via contacts
Can you fetch my last payments?,transaction history
Make a UPI payment of 750 to bob@ybl,pay via UPI ID
Pay 500 via emma@paytm,pay via UPI ID
Can you process a QR code payment?,pay via QR code
Make a payment using QR,pay via QR code
Can you process a QR code payment?,pay via QR code
"Transfer 28532 to Olivia Brown, account number 5265416525, IFSC BOFA0006789.",bank_transfer
Move ₹5500 within my accounts,pay to self
"Transfer 26997 to Anita Singh, account number 5472871348, IFSC SBIN0001234.",bank_transfer
I need to see my past transactions,transaction history
Show my QR code for payment,show my QR code
Display my QR code,show my QR code
Display my recent transactions,transaction history
I need to see my past transactions,transaction history
Transfer 1000 to Emma,pay via contacts
Deposit ₹900 into my account from UPI,pay to self
Fund 1541 to 9883430417,pay via number
I need to see my past transactions,transaction history
Fund transfer to self ₹200,pay to self
Display my QR code,show my QR code
Send 1000 to emma@paytm,pay via UPI ID
Self-transfer ₹1500,pay to self
Transfer 250 using alice@upi,pay via UPI ID
Make a payment of 2000 to Emma,pay via contacts
"Transfer 24357 to Priya Kapoor, account number 3075005585, IFSC BOFA0006789.",bank_transfer
Display my QR code,show my QR code
Scan a QR code to pay,pay via QR code
Deposit ₹2000 into my bank account,pay to self
I need my QR code for transactions,show my QR code
Display my recent transactions,transaction history
Send 250 to john@sbi,pay via UPI ID
Move ₹5500 within my accounts,pay to self
Can you pay 1000 to Emma?,pay via contacts
I need to see my past transactions,transaction history
Can you pay 1000 to John?,pay via contacts
Send 18656 to IFSC HDFC0005678.,bank_transfer
Can you process a QR code payment?,pay via QR code
Transfer 500 to Bob,pay via contacts
Transfer 1657 via 9176273695,pay via number
"Transfer 48843 to Fatima Begum, account number 9180071527, IFSC YESB0003344.",bank_transfer
I need to see my past transactions,transaction history
Scan a QR code to pay,pay via QR code
Send 1000 to Bob,pay via contacts
"Transfer 28532 to Olivia Brown, account number 6839885968, IFSC SBIN0001234.",bank_transfer
Can I send ₹2500 to my own account?,pay to self
Pay bill of 463 using 9709787304,pay via number
Show my transaction history,transaction history
Make a payment using QR,pay via QR code
Do a bank transfer.,bank_transfer
Add ₹10000 to my secondary account,pay to self
Send 1000 to Emma,pay via contacts
Make a payment of 2000 to John,pay via contacts
"Transfer 32617 to Rahul Sharma, account number 3870827289, IFSC PNB0005432.",bank_transfer
"Send 32617 to account 5265416525, IFSC ICIC0009876.",bank_transfer
Pay bill of 463 using 9709787304,pay via number
Can you fetch my last payments?,transaction history
Scan a QR code to pay,pay via QR code
Pay 1762 to 9621239137,pay via number
"Send 4867 to account 5472871348, IFSC BOFA0006789.",bank_transfer
Send ₹500 to my savings account,pay to self
Make a UPI payment of 250 to alice@upi,pay via UPI ID
"Send money to Priya Kapoor, account number 7036643460.",bank_transfer
I need my QR code for transactions,show my QR code
Can you process a QR code payment?,pay via QR code
Deposit ₹2000 into my bank account,pay to self
Can you process a QR code payment?,pay via QR code
Can you fetch my payment QR code?,show my QR code
Move ₹5500 within my accounts,pay to self
Make a UPI payment of 500 to john@sbi,pay via UPI ID
Display my QR code,show my QR code
Can you process a QR code payment?,pay via QR code
Can you fetch my payment QR code?,show my QR code
"Send 20440 to account 6284165127, IFSC ICIC0009876.",bank_transfer
"Send money to Olivia Brown, account number 2761635476.",bank_transfer
"Send 32617 to account 8871333370, IFSC ICIC0009876.",bank_transfer
Transfer 34700 to Mei Chen.,bank_transfer
Send 250 to alice@upi,pay via UPI ID
Display my recent transactions,transaction history
Fund 1541 to 9883430417,pay via number
Scan a QR code to pay,pay via QR code
I need my QR code for transactions,show my QR code
Show my transaction history,transaction history
Display my recent transactions,transaction history
I need my QR code for transactions,show my QR code
Move ₹1000 from checking to savings,pay to self
Pay 250 via john@sbi,pay via UPI ID
Scan a QR code to pay,pay via QR code
Transfer 48486.,bank_transfer
Transfer money to 9640360845,pay via number
Send 3540 to 9598261481,pay via number
"Transfer 14720 to Rahul Sharma, account number 8871333370, IFSC ICIC0009876.",bank_transfer
Self-transfer ₹1500,pay to self
Can you fetch my payment QR code?,show my QR code
Make a payment using QR,pay via QR code
Scan a QR code to pay,pay via QR code
Scan a QR code to pay,pay via QR code
Pay using the scanned QR code,pay via QR code
Send 2000 to bob@ybl,pay via UPI ID
Move ₹5500 within my accounts,pay to self
Transfer 2000 to Bob,pay via contacts
I need to see my past transactions,transaction history
I need my QR code for transactions,show my QR code
Fund 1541 to 9883430417,pay via number
Show my QR code for payment,show my QR code
Display my QR code,show my QR code
Scan a QR code to pay,pay via QR code
Deposit ₹900 into my account from UPI,pay to self
I need my QR code for transactions,show my QR code
I need my QR code for transactions,show my QR code
Send 500 to alice@upi,pay via UPI ID
Pay 1762 to 9621239137,pay via number
Can you pay 1000 to Alice?,pay via contacts
Show my QR code for payment,show my QR code
"Send money to Anita Singh, account number 3503310637.",bank_transfer
Display my recent transactions,transaction history
Make a payment using QR,pay via QR code
Make a payment of 2000 to Bob,pay via contacts
I need my QR code for transactions,show my QR code
Transfer 250 using bob@ybl,pay via UPI ID
Scan a QR code to pay,pay via QR code
Show my transaction history,transaction history
Transfer 1657 via 9176273695,pay via number
Make a payment using QR,pay via QR code
Move ₹5500 within my accounts,pay to self
"Send 48843 to account 4284769487, IFSC YESB0003344.",bank_transfer
Make a payment using QR,pay via QR code
Scan a QR code to pay,pay via QR code
"Transfer 37057 to Rahul Sharma, account number 9654334863, IFSC ICIC0009876.",bank_transfer
Scan a QR code to pay,pay via QR code
I need my QR code for transactions,show my QR code
Make a payment using QR,pay via QR code
"Send 14720 to account 6839885968, IFSC SBIN0001234.",bank_transfer
Send 1336 INR to 9995276216,pay via number
"Send money to Rahul Sharma, account number 9654334863.",bank_transfer
Pay using the scanned QR code,pay via QR code
"Send 24357 to account 5728856473, IFSC BOFA0006789.",bank_transfer
Can you fetch my last payments?,transaction history
"Send money to Akash Nair, account number 4284769487.",bank_transfer
Pay 250 via bob@ybl,pay via UPI ID
Can you process a QR code payment?,pay via QR code
Make a payment using QR,pay via QR code
Transfer 2000 using emma@paytm,pay via UPI ID
Send 1000 to bob@ybl,pay via UPI ID
Send 37057 to IFSC PNB0005432.,bank_transfer
Deposit ₹900 into my account from UPI,pay to self
Show my transaction history,transaction history
Send ₹500 to my savings account,pay to self
Transfer money to 9640360845,pay via number
Pay 2000 via bob@ybl,pay via UPI ID
Self-transfer ₹1500,pay to self
Show my QR code for payment,show my QR code
Fund 1541 to 9883430417,pay via number
Make a UPI payment of 250 to emma@paytm,pay via UPI ID
Transfer money to 9640360845,pay via number
Can you pay 500 to Bob?,pay via contacts
Send 1000 to Alice,pay via contacts
Transfer 1000 using bob@ybl,pay via UPI ID
Display my recent transactions,transaction history
Make a UPI payment of 2000 to emma@paytm,pay via UPI ID
Display my recent transactions,transaction history
Pay using the scanned QR code,pay via QR code
Send 1000 to John,pay via contacts
Transfer 2000 to Alice,pay via contacts
Pay using the scanned QR code,pay via QR code
Transfer 250 using bob@ybl,pay via UPI ID
Transfer 1657 via 9176273695,pay via number
Can you fetch my payment QR code?,show my QR code
Transfer 2000 using john@sbi,pay via UPI ID
Send 1336 INR to 9995276216,pay via number
Pay 1762 to 9621239137,pay via number
Make a payment using QR,pay via QR code
Make a payment of 500 to Bob,pay via contacts
Pay using the scanned QR code,pay via QR code
Can you process a QR code payment?,pay via QR code
I need my QR code for transactions,show my QR code
Send 500 to John,pay via contacts
Transfer 32617 to Priya Kapoor.,bank_transfer
Send 1336 INR to 9995276216,pay via number
Can you pay 750 to Bob?,pay via contacts
Show my QR code for payment,show my QR code
Display my recent transactions,transaction history
Transfer 1000 using john@sbi,pay via UPI ID
Transfer 24477 to Akash Nair.,bank_transfer
Deposit ₹2000 into my bank account,pay to self
I need my QR code for transactions,show my QR code
Transfer 26997.,bank_transfer
Transfer money to 9640360845,pay via number
Display my recent transactions,transaction history
Show my QR code for payment,show my QR code
Pay using the scanned QR code,pay via QR code
I need my QR code for transactions,show my QR code
Transfer 28532.,bank_transfer
Pay 1762 to 9621239137,pay via number
Can you process a QR code payment?,pay via QR code
Send 31401 to IFSC PNB0005432.,bank_transfer
Transfer 500 to Bob,pay via contacts
Can you pay 250 to John?,pay via contacts
Show my QR code for payment,show my QR code
Add ₹100 to my digital wallet,pay to self
Pay using the scanned QR code,pay via QR code
Shift ₹4000 to my savings,pay to self
Shift ₹4000 to my savings,pay to self
Scan a QR code to pay,pay via QR code
"Send money to Rahul Sharma, account number 8362678849.",bank_transfer
Make a payment of 2000 to Bob,pay via contacts
Transfer 250 to Emma,pay via contacts
Send 3540 to 9598261481,pay via number
Can you pay 750 to Bob?,pay via contacts
Make a payment of 2000 to John,pay via contacts
I need my QR code for transactions,show my QR code
Can you pay 750 to Bob?,pay via contacts
Transfer 1000 using john@sbi,pay via UPI ID
Show my transaction history,transaction history
Can you pay 2000 to Bob?,pay via contacts
Self-payment of ₹6000,pay to self
Send 750 to Alice,pay via contacts
Display my recent transactions,transaction history
Can you fetch my payment QR code?,show my QR code
Can you fetch my last payments?,transaction history
Show my transaction history,transaction history
Make a UPI payment of 750 to alice@upi,pay via UPI ID
Send 1336 INR to 9995276216,pay via number
Fund 1541 to 9883430417,pay via number
Pay 1000 via emma@paytm,pay via UPI ID
Send 4867 to IFSC PNB0005432.,bank_transfer
Shift ₹4500 from wallet to bank,pay to self
Send 2000 to Alice,pay via contacts
Display my QR code,show my QR code
Send 2000 to John,pay via contacts
Show my transaction history,transaction history
Pay bill of 463 using 9709787304,pay via number
Can you process a QR code payment?,pay via QR code
Can you fetch my payment QR code?,show my QR code
Show my transaction history,transaction history
Pay 1000 via bob@ybl,pay via UPI ID
Make a payment of 2000 to Emma,pay via contacts
Pay using the scanned QR code,pay via QR code
Transfer 1657 via 9176273695,pay via number
Make a payment using QR,pay via QR code
Pay 2000 via john@sbi,pay via UPI ID
Pay using the scanned QR code,pay via QR code
Make a payment of 750 to John,pay via contacts
Display my QR code,show my QR code
Scan a QR code to pay,pay via QR code
Scan a QR code to pay,pay via QR code
Transfer 1657 via 9176273695,pay via number
Send 1336 INR to 9995276216,pay via number
I need to see my past transactions,transaction history
Transfer money to my own account,pay to self
Can you pay 750 to Bob?,pay via contacts
Transfer money to 9640360845,pay via number
Make a payment using QR,pay via QR code
Can you fetch my last payments?,transaction history
Transfer 250 to Alice,pay via contacts
Display my QR code,show my QR code
Display my recent transactions,transaction history
Transfer 1657 via 9176273695,pay via number
Transfer 250 using alice@upi,pay via UPI ID
Transfer 5727 to Priya Kapoor.,bank_transfer
Make a UPI payment of 2000 to emma@paytm,pay via UPI ID
Transfer 1000 using emma@paytm,pay via UPI ID
Scan a QR code to pay,pay via QR code
Add ₹100 to my digital wallet,pay to self
Show my QR code for payment,show my QR code
Send 500 to bob@ybl,pay via UPI ID
Can you fetch my last payments?,transaction history
Can you fetch my last payments?,transaction history
Pay using the scanned QR code,pay via QR code
Transfer 1000 using john@sbi,pay via UPI ID
Transfer 4209 to Carlos Silva.,bank_transfer
Transfer 1657 via 9176273695,pay via number
Can you fetch my last payments?,transaction history
Can I transfer ₹5000 to myself?,pay to self
Transfer 250 using alice@upi,pay via UPI ID
Can you fetch my payment QR code?,show my QR code
Can you fetch my payment QR code?,show my QR code
Can you pay 250 to Alice?,pay via contacts
Pay bill of 463 using 9709787304,pay via number
Pay using the scanned QR code,pay via QR code
Show my transaction history,transaction history
Transfer money to 9640360845,pay via number
Send 3540 to 9598261481,pay via number
Display my QR code,show my QR code
Transfer 1000 to Alice,pay via contacts
I need to see my past transactions,transaction history
Pay using the scanned QR code,pay via QR code
Transfer 500 to Alice,pay via contacts
Move ₹1000 from checking to savings,pay to self
Transfer 250 to Emma,pay via contacts
Can you fetch my payment QR code?,show my QR code
Can I send ₹2500 to my own account?,pay to self
Transfer 1000 to John,pay via contacts
I need to see my past transactions,transaction history
Can you fetch my payment QR code?,show my QR code
Transfer 1000 to John,pay via contacts
Pay 1762 to 9621239137,pay via number
"Send money to Olivia Brown, account number 9606509765.",bank_transfer
Pay 1000 via bob@ybl,pay via UPI ID
"Send 20503 to account 9686302372, IFSC HDFC0005678.",bank_transfer
Self-transfer ₹1500,pay to self
I need to see my past transactions,transaction history
Show my transaction history,transaction history
Pay using the scanned QR code,pay via QR code
Send 1336 INR to 9995276216,pay via number
Scan a QR code to pay,pay via QR code
Make a UPI payment of 2000 to alice@upi,pay via UPI ID
Pay 1762 to 9621239137,pay via number
Pay 250 via alice@upi,pay via UPI ID
"Send money to Carlos Silva, account number 9654334863.",bank_transfer
Can you fetch my payment QR code?,show my QR code
Can you fetch my last payments?,transaction history
Can you fetch my last payments?,transaction history
Scan a QR code to pay,pay via QR code
Send 250 to john@sbi,pay via UPI ID
Can you fetch my payment QR code?,show my QR code
Make a payment using QR,pay via QR code
Pay ₹8000 into my own bank,pay to self
Display my recent transactions,transaction history
I need my QR code for transactions,show my QR code
Can you pay 250 to Bob?,pay via contacts
Send 2000 to emma@paytm,pay via UPI ID
Add ₹100 to my digital wallet,pay to self
Send 250 to Emma,pay via contacts
Can you process a QR code payment?,pay via QR code
Send 2000 to Bob,pay via contacts
Transfer 750 to Emma,pay via contacts
Scan a QR code to pay,pay via QR code
Send ₹3500 from my UPI to my own bank,pay to self
Scan a QR code to pay,pay via QR code
Make a UPI payment of 750 to emma@paytm,pay via UPI ID
Pay 1762 to 9621239137,pay via number
Pay 250 via john@sbi,pay via UPI ID
I need my QR code for transactions,show my QR code
Display my recent transactions,transaction history
Make a payment of 250 to John,pay via contacts
Send 31580 to IFSC BOFA0006789.,bank_transfer
Can you pay 750 to Alice?,pay via contacts
Make a UPI payment of 750 to alice@upi,pay via UPI ID
Move some funds to my personal account,pay to self
Move some funds to my personal account,pay to self
Fund transfer to self ₹200,pay to self
I need to see my past transactions,transaction history
Transfer 1657 via 9176273695,pay via number
Transfer 32617 to David Johnson.,bank_transfer
Send 1000 to bob@ybl,pay via UPI ID
I want to pay myself ₹3000,pay to self
I need to see my past transactions,transaction history
Deposit ₹2000 into my bank account,pay to self
Can you process a QR code payment?,pay via QR code
Display my recent transactions,transaction history
Can you fetch my payment QR code?,show my QR code
Send 750 to john@sbi,pay via UPI ID
Transfer 750 to Emma,pay via contacts
Make a payment of 500 to Alice,pay via contacts
Pay bill of 463 using 9709787304,pay via number
"Send money to David Johnson, account number 4467829142.",bank_transfer
Show my QR code for payment,show my QR code
Move some funds to my personal account,pay to self
Make a UPI payment of 500 to emma@paytm,pay via UPI ID
Transfer 48486.,bank_transfer
I need my QR code for transactions,show my QR code
Pay using the scanned QR code,pay via QR code
I need my QR code for transactions,show my QR code
Send 750 to bob@ybl,pay via UPI ID
Can you process a QR code payment?,pay via QR code
Show my transaction history,transaction history
Pay bill of 463 using 9709787304,pay via number
I need to see my past transactions,transaction history
Make a UPI payment of 2000 to emma@paytm,pay via UPI ID
Make a payment using QR,pay via QR code
Send 500 to bob@ybl,pay via UPI ID
Can you process a QR code payment?,pay via QR code
Send 1000 to alice@upi,pay via UPI ID
Move some funds to my personal account,pay to self
Make a UPI payment of 1000 to alice@upi,pay via UPI ID
I need to see my past transactions,transaction history
"Send 26997 to account 4467829142, IFSC BOFA0006789.",bank_transfer
Can you pay 1000 to Bob?,pay via contacts
"Send 20503 to account 5265416525, IFSC SBIN0001234.",bank_transfer
Send ₹500 to my savings account,pay to self
I need to move ₹700 to another account of mine,pay to self
Pay 250 via alice@upi,pay via UPI ID
Make a UPI payment of 500 to emma@paytm,pay via UPI ID
Pay bill of 463 using 9709787304,pay via number
Deposit ₹2000 into my bank account,pay to self
Transfer 750 using emma@paytm,pay via UPI ID
I need my QR code for transactions,show my QR code
I need to see my past transactions,transaction history
Pay bill of 463 using 9709787304,pay via number
Show my transaction history,transaction history
I need to see my past transactions,transaction history
Show my transaction history,transaction history
Show my QR code for payment,show my QR code
Make a UPI payment of 500 to john@sbi,pay via UPI ID
Move some funds to my personal account,pay to self
Pay bill of 463 using 9709787304,pay via number
Pay 1000 via emma@paytm,pay via UPI ID
Show my transaction history,transaction history
Send 3540 to 9598261481,pay via number
Can you pay 1000 to John?,pay via contacts
Shift ₹4500 from wallet to bank,pay to self
Pay using the scanned QR code,pay via QR code
Transfer money to 9640360845,pay via number
Send 750 to John,pay via contacts
Fund transfer to self ₹200,pay to self
Display my recent transactions,transaction history
Move some funds to my personal account,pay to self
Can you fetch my last payments?,transaction history
Can you fetch my last payments?,transaction history
I need my QR code for transactions,show my QR code
Transfer 4867 to Olivia Brown.,bank_transfer
Transfer 2000 using bob@ybl,pay via UPI ID
Make a UPI payment of 250 to john@sbi,pay via UPI ID
Can you process a QR code payment?,pay via QR code
Do a bank transfer.,bank_transfer
Send 3540 to 9598261481,pay via number
Transfer 26997.,bank_transfer
"Transfer 32617 to David Johnson, account number 9180071527, IFSC HDFC0005678.",bank_transfer
I need to see my past transactions,transaction history
Self-payment of ₹6000,pay to self
Transfer 500 to John,pay via contacts
Make a UPI payment of 2000 to alice@upi,pay via UPI ID
Send ₹500 to my savings account,pay to self
Pay 500 via alice@upi,pay via UPI ID
Make a payment using QR,pay via QR code
Send 1336 INR to 9995276216,pay via number
Self-transfer ₹1500,pay to self
Display my QR code,show my QR code
Deposit ₹2000 into my bank account,pay to self
Send 48486 to IFSC HDFC0005678.,bank_transfer
Transfer 1000 to Bob,pay via contacts
Transfer to account 9686302372.,bank_transfer
Fund 1541 to 9883430417,pay via number
Transfer money to 9640360845,pay via number
Make a payment using QR,pay via QR code
Transfer 41382.,bank_transfer
I need to see my past transactions,transaction history
Fund transfer to self ₹200,pay to self
Self-payment of ₹6000,pay to self
Send 41382 to IFSC BOFA0006789.,bank_transfer
Transfer 32617.,bank_transfer
I need my QR code for transactions,show my QR code
I need to see my past transactions,transaction history
Transfer 1657 via 9176273695,pay via number
Show my transaction history,transaction history
Move some funds to my personal account,pay to self
I want to pay myself ₹3000,pay to self
Transfer 750 to Bob,pay via contacts
Can you fetch my last payments?,transaction history
Show my transaction history,transaction history
Self-payment of ₹6000,pay to self
"Transfer 28532 to John Doe, account number 9446895308, IFSC BOFA0006789.",bank_transfer
Scan a QR code to pay,pay via QR code
"Send money to Olivia Brown, account number 4284769487.",bank_transfer
Can you pay 1000 to Bob?,pay via contacts
Pay 500 via john@sbi,pay via UPI ID
Pay using the scanned QR code,pay via QR code
Send ₹3500 from my UPI to my own bank,pay to self
Send 1336 INR to 9995276216,pay via number
Show my QR code for payment,show my QR code
Scan a QR code to pay,pay via QR code
Self-payment of ₹6000,pay to self
Transfer 37057 to Mei Chen.,bank_transfer
Make a payment of 250 to Alice,pay via contacts
I need my QR code for transactions,show my QR code
Transfer 1657 via 9176273695,pay via number
Pay 1762 to 9621239137,pay via number
Show my transaction history,transaction history
Transfer 32617 to David Johnson.,bank_transfer
Can I send ₹2500 to my own account?,pay to self
Send 3540 to 9598261481,pay via number
Can you pay 1000 to John?,pay via contacts
Send 2000 to emma@paytm,pay via UPI ID
Transfer to account 5265416525.,bank_transfer
Transfer 1000 using bob@ybl,pay via UPI ID
Display my QR code,show my QR code
Display my recent transactions,transaction history
Transfer 750 using alice@upi,pay via UPI ID
Can you pay 750 to Alice?,pay via contacts
I need to see my past transactions,transaction history
Transfer money to 9640360845,pay via number
Pay 1762 to 9621239137,pay via number
"Send money to David Johnson, account number 9446895308.",bank_transfer
Can you process a QR code payment?,pay via QR code
Send 2000 to emma@paytm,pay via UPI ID
Pay 1762 to 9621239137,pay via number
Make a UPI payment of 2000 to john@sbi,pay via UPI ID
Pay using the scanned QR code,pay via QR code
Transfer 1000 to Emma,pay via contacts
I need my QR code for transactions,show my QR code
Transfer 250 to Emma,pay via contacts
Send ₹500 to my savings account,pay to self
Show my transaction history,transaction history
Pay 1000 via john@sbi,pay via UPI ID
Self-payment of ₹6000,pay to self
I need to see my past transactions,transaction history
Make a payment using QR,pay via QR code
Make a payment of 500 to Alice,pay via contacts
Show my transaction history,transaction history
Display my QR code,show my QR code
Transfer 750 to Emma,pay via contacts
Send ₹500 to my savings account,pay to self
I need to see my past transactions,transaction history
"Send 41382 to account 6839885968, IFSC ICIC0009876.",bank_transfer
Transfer 1657 via 9176273695,pay via number
Display my QR code,show my QR code
Make a UPI payment of 250 to bob@ybl,pay via UPI ID
Make a payment of 750 to John,pay via contacts
Do a bank transfer.,bank_transfer
I need my QR code for transactions,show my QR code
Pay bill of 463 using 9709787304,pay via number
Can you process a QR code payment?,pay via QR code
Transfer money to 9640360845,pay via number
Can you pay 500 to Emma?,pay via contacts
Scan a QR code to pay,pay via QR code
Make a payment using QR,pay via QR code
Send 750 to john@sbi,pay via UPI ID
Make a payment using QR,pay via QR code
Pay bill of 463 using 9709787304,pay via number
Display my QR code,show my QR code
I need to move ₹700 to another account of mine,pay to self
Transfer money to 9640360845,pay via number
Show my transaction history,transaction history
Transfer 1657 via 9176273695,pay via number
Self-payment of ₹6000,pay to self
Can you pay 1000 to Bob?,pay via contacts
Show my transaction history,transaction history
Make a payment using QR,pay via QR code
Self-payment of ₹6000,pay to self
I need to see my past transactions,transaction history
Transfer 2000 using emma@paytm,pay via UPI ID
Scan a QR code to pay,pay via QR code
I need my QR code for transactions,show my QR code
Pay using the scanned QR code,pay via QR code
Make a UPI payment of 250 to john@sbi,pay via UPI ID
Can you fetch my last payments?,transaction history
Can you fetch my payment QR code?,show my QR code
Can you fetch my payment QR code?,show my QR code
Transfer 500 to Alice,pay via contacts
Show my transaction history,transaction history
Pay 1762 to 9621239137,pay via number
I need to move ₹700 to another account of mine,pay to self
Transfer 750 to Emma,pay via contacts
Display my recent transactions,transaction history
Show my QR code for payment,show my QR code
I need my QR code for transactions,show my QR code
Show my transaction history,transaction history
Display my QR code,show my QR code
Show my transaction history,transaction history
Make a payment using QR,pay via QR code
I need to see my past transactions,transaction history
Show my transaction history,transaction history
Send 500 to John,pay via contacts
Send 28532 to IFSC BOFA0006789.,bank_transfer
Transfer to account 3870827289.,bank_transfer
Transfer money to my own account,pay to self
Show my transaction history,transaction history
Pay using the scanned QR code,pay via QR code
Show my QR code for payment,show my QR code
Send 1336 INR to 9995276216,pay via number
Move some funds to my personal account,pay to self
Show my transaction history,transaction history
Can I send ₹2500 to my own account?,pay to self
Send 250 to Alice,pay via contacts
Show my transaction history,transaction history
Send 500 to emma@paytm,pay via UPI ID
I want to pay myself ₹3000,pay to self
Transfer 2000 using bob@ybl,pay via UPI ID
Fund transfer to self ₹200,pay to self
Send 4867 to IFSC PNB0005432.,bank_transfer
Can you process a QR code payment?,pay via QR code
Pay bill of 463 using 9709787304,pay via number
I need to see my past transactions,transaction history
Send ₹500 to my savings account,pay to self
Transfer 250 to Alice,pay via contacts
Make a UPI payment of 2000 to john@sbi,pay via UPI ID
Make a payment of 250 to Emma,pay via contacts
Make a payment of 500 to Emma,pay via contacts
Transfer 31401.,bank_transfer
Transfer 500 to Bob,pay via contacts
Shift ₹4500 from wallet to bank,pay to self
Make a payment of 2000 to Emma,pay via contacts
Send 1336 INR to 9995276216,pay via number
Send 1336 INR to 9995276216,pay via number
Pay 1000 via emma@paytm,pay via UPI ID
I need my QR code for transactions,show my QR code
Pay 1762 to 9621239137,pay via number
Pay bill of 463 using 9709787304,pay via number
I need to see my past transactions,transaction history
Can you fetch my payment QR code?,show my QR code
Move ₹5500 within my accounts,pay to self
Make a UPI payment of 750 to alice@upi,pay via UPI ID
Show my transaction history,transaction history
Show my transaction history,transaction history
Make a UPI payment of 250 to alice@upi,pay via UPI ID
I need to see my past transactions,transaction history
Transfer 750 to Bob,pay via contacts
I need to see my past transactions,transaction history
Make a UPI payment of 500 to alice@upi,pay via UPI ID
Fund transfer to self ₹200,pay to self
Show my QR code for payment,show my QR code
Can you fetch my last payments?,transaction history
Send 500 to Bob,pay via contacts
Send 1336 INR to 9995276216,pay via number
Pay 1000 via emma@paytm,pay via UPI ID
I need my QR code for transactions,show my QR code
Pay bill of 463 using 9709787304,pay via number
Send ₹500 to my savings account,pay to self
Fund 1541 to 9883430417,pay via number
Can you fetch my last payments?,transaction history
Show my transaction history,transaction history
Can you process a QR code payment?,pay via QR code
Transfer 750 to John,pay via contacts
Show my QR code for payment,show my QR code
Pay 1000 via john@sbi,pay via UPI ID
Make a UPI payment of 1000 to alice@upi,pay via UPI ID
Transfer 24357 to Carlos Silva.,bank_transfer
Show my QR code for payment,show my QR code
"Send money to John Doe, account number 6839885968.",bank_transfer
Make a UPI payment of 2000 to bob@ybl,pay via UPI ID
Pay 1762 to 9621239137,pay via number
Shift ₹4000 to my savings,pay to self
Self-transfer ₹1500,pay to self
Send 500 to alice@upi,pay via UPI ID
Display my recent transactions,transaction history
Move ₹5500 within my accounts,pay to self
Add ₹10000 to my secondary account,pay to self
Show my transaction history,transaction history
Can you process a QR code payment?,pay via QR code
Send 750 to Alice,pay via contacts
I need to see my past transactions,transaction history
Send ₹3500 from my UPI to my own bank,pay to self
Can you process a QR code payment?,pay via QR code
Show my QR code for payment,show my QR code
Show my transaction history,transaction history
Can you pay 1000 to Alice?,pay via contacts
Show my QR code for payment,show my QR code
Send 4209 to IFSC BOFA0006789.,bank_transfer
Pay bill of 463 using 9709787304,pay via number
Can I transfer ₹5000 to myself?,pay to self
Move ₹1000 from checking to savings,pay to self
Transfer 14720 to David Johnson.,bank_transfer
Make a UPI payment of 500 to bob@ybl,pay via UPI ID
Can you fetch my payment QR code?,show my QR code
Show my QR code for payment,show my QR code
"Transfer 20503 to Olivia Brown, account number 9654334863, IFSC SBIN0001234.",bank_transfer
Send 3540 to 9598261481,pay via number
Do a bank transfer.,bank_transfer
Pay using the scanned QR code,pay via QR code
Send 2000 to bob@ybl,pay via UPI ID
Transfer to account 8362678849.,bank_transfer
Send 37057 to IFSC SBIN0001234.,bank_transfer
Show my transaction history,transaction history
Show my QR code for payment,show my QR code
Scan a QR code to pay,pay via QR code
Transfer 2000 to John,pay via contacts
Make a payment using QR,pay via QR code
Pay 1000 via alice@upi,pay via UPI ID
Make a payment using QR,pay via QR code
Make a payment of 250 to Emma,pay via contacts
Make a payment of 500 to John,pay via contacts
Can you process a QR code payment?,pay via QR code
Make a payment of 1000 to Alice,pay via contacts
Transfer 48486.,bank_transfer
Pay bill of 463 using 9709787304,pay via number
Transfer 750 to Alice,pay via contacts
Transfer 37722 to Rahul Sharma.,bank_transfer
Make a UPI payment of 750 to john@sbi,pay via UPI ID
Display my recent transactions,transaction history
Display my recent transactions,transaction history
Pay bill of 463 using 9709787304,pay via number
Fund 1541 to 9883430417,pay via number
Make a UPI payment of 2000 to alice@upi,pay via UPI ID
Can you process a QR code payment?,pay via QR code
Can you fetch my last payments?,transaction history
Fund transfer to self ₹200,pay to self
Send 750 to Alice,pay via contacts
Can you fetch my payment QR code?,show my QR code
Make a UPI payment of 500 to john@sbi,pay via UPI ID
Send 1000 to emma@paytm,pay via UPI ID
Move ₹5500 within my accounts,pay to self
Can you fetch my last payments?,transaction history
Can I send ₹2500 to my own account?,pay to self
Can you pay 750 to Emma?,pay via contacts
Send 250 to Bob,pay via contacts
Pay 500 via john@sbi,pay via UPI ID
Fund 1541 to 9883430417,pay via number
Make a payment of 750 to Alice,pay via contacts
Display my QR code,show my QR code
Pay 1000 via bob@ybl,pay via UPI ID
Send 3540 to 9598261481,pay via number
Transfer 48486.,bank_transfer
"Send 34700 to account 9654334863, IFSC BOFA0006789.",bank_transfer
Make a payment using QR,pay via QR code
Transfer 2000 using emma@paytm,pay via UPI ID
"Send 41382 to account 6839885968, IFSC ICIC0009876.",bank_transfer
Move ₹1000 from checking to savings,pay to self
Transfer 1000 using alice@upi,pay via UPI ID
Make a payment of 2000 to Alice,pay via contacts
Can you fetch my last payments?,transaction history
Can you fetch my last payments?,transaction history
Deposit ₹2000 into my bank account,pay to self
Make a UPI payment of 1000 to john@sbi,pay via UPI ID
I need my QR code for transactions,show my QR code
Do a bank transfer.,bank_transfer
Transfer money to 9640360845,pay via number
Pay using the scanned QR code,pay via QR code
Self-payment of ₹6000,pay to self
Pay 1000 via bob@ybl,pay via UPI ID
Make a payment using QR,pay via QR code
Pay 500 via emma@paytm,pay via UPI ID
Make a payment of 750 to Alice,pay via contacts
Display my QR code,show my QR code
I need to see my past transactions,transaction history
Display my QR code,show my QR code
Do a bank transfer.,bank_transfer
Transfer 1657 via 9176273695,pay via number
Move some funds to my personal account,pay to self
Display my QR code,show my QR code
Transfer money to 9640360845,pay via number
Send 250 to bob@ybl,pay via UPI ID
"Send 14720 to account 8871333370, IFSC SBIN0001234.",bank_transfer
Pay 500 via alice@upi,pay via UPI ID
Show my transaction history,transaction history
Pay bill of 463 using 9709787304,pay via number
Make a payment using QR,pay via QR code
Make a payment of 750 to Emma,pay via contacts
Scan a QR code to pay,pay via QR code
Send 3540 to 9598261481,pay via number
Self-payment of ₹6000,pay to self
Send 1336 INR to 9995276216,pay via number
Send 2000 to bob@ybl,pay via UPI ID
Do a bank transfer.,bank_transfer
"Send money to Anita Singh, account number 3503310637.",bank_transfer
Send 3540 to 9598261481,pay via number
Transfer 37057 to David Johnson.,bank_transfer
Send 750 to John,pay via contacts
I need to see my past transactions,transaction history
Make a payment of 500 to Bob,pay via contacts
Transfer 500 to Alice,pay via contacts
Pay 250 via john@sbi,pay via UPI ID
Show my transaction history,transaction history
Transfer 1000 using alice@upi,pay via UPI ID
Send 2000 to John,pay via contacts
Can you pay 500 to Emma?,pay via contacts
Make a payment using QR,pay via QR code
"Send 20440 to account 8362678849, IFSC HDFC0005678.",bank_transfer
I need to see my past transactions,transaction history
Move ₹5500 within my accounts,pay to self
Can you fetch my last payments?,transaction history
Shift ₹4500 from wallet to bank,pay to self
Can you fetch my last payments?,transaction history
Send 500 to Bob,pay via contacts
Self-payment of ₹6000,pay to self
Fund transfer to self ₹200,pay to self
Make a payment using QR,pay via QR code
Display my recent transactions,transaction history
Move ₹5500 within my accounts,pay to self
Scan a QR code to pay,pay via QR code
Display my QR code,show my QR code
Move ₹1000 from checking to savings,pay to self
Fund transfer to self ₹200,pay to self
Send 3540 to 9598261481,pay via number
Make a UPI payment of 250 to emma@paytm,pay via UPI ID
Do a bank transfer.,bank_transfer
Scan a QR code to pay,pay via QR code
Send ₹500 to my savings account,pay to self
Transfer to account 7036643460.,bank_transfer
Send 1000 to alice@upi,pay via UPI ID
Transfer to account 5728856473.,bank_transfer
Can you pay 250 to Bob?,pay via contacts
Send 2000 to alice@upi,pay via UPI ID
Transfer 250 using john@sbi,pay via UPI ID
Send 2000 to john@sbi,pay via UPI ID
Transfer money to 9640360845,pay via number
"Send 26997 to account 4284769487, IFSC HDFC0005678.",bank_transfer
Fund 1541 to 9883430417,pay via number
Display my recent transactions,transaction history
Can you fetch my payment QR code?,show my QR code
"Send 26997 to account 4467829142, IFSC BOFA0006789.",bank_transfer
Can you process a QR code payment?,pay via QR code
Display my QR code,show my QR code
Make a payment using QR,pay via QR code
Make a UPI payment of 1000 to bob@ybl,pay via UPI ID
Display my QR code,show my QR code
Send 500 to bob@ybl,pay via UPI ID
Make a UPI payment of 750 to john@sbi,pay via UPI ID
Scan a QR code to pay,pay via QR code
I need to see my past transactions,transaction history
Pay ₹8000 into my own bank,pay to self
Add ₹10000 to my secondary account,pay to self
Send 2000 to bob@ybl,pay via UPI ID
Display my recent transactions,transaction history
Transfer 20503 to John Doe.,bank_transfer
Pay 750 via alice@upi,pay via UPI ID
Move ₹5500 within my accounts,pay to self
Can you process a QR code payment?,pay via QR code
I need my QR code for transactions,show my QR code
Transfer 4867.,bank_transfer
Move ₹1000 from checking to savings,pay to self
Pay using the scanned QR code,pay via QR code
"Transfer 14720 to Rahul Sharma, account number 8871333370, IFSC ICIC0009876.",bank_transfer
Send 3540 to 9598261481,pay via number
Transfer money to 9640360845,pay via number
I need to see my past transactions,transaction history
I want to pay myself ₹3000,pay to self
Transfer 4209.,bank_transfer
Pay 1762 to 9621239137,pay via number
Pay 500 via john@sbi,pay via UPI ID
Send 1000 to John,pay via contacts
Transfer to account 9686302372.,bank_transfer
Can you fetch my payment QR code?,show my QR code
Fund 1541 to 9883430417,pay via number
Fund transfer to self ₹200,pay to self
Display my QR code,show my QR code
Do a bank transfer.,bank_transfer
I need my QR code for transactions,show my QR code
Show my QR code for payment,show my QR code
Can you fetch my payment QR code?,show my QR code
Transfer 500 using emma@paytm,pay via UPI ID
Send 1336 INR to 9995276216,pay via number
Do a bank transfer.,bank_transfer
Can you fetch my last payments?,transaction history
Show my QR code for payment,show my QR code
Display my recent transactions,transaction history
Show my QR code for payment,show my QR code
Transfer 20440.,bank_transfer
Make a UPI payment of 2000 to alice@upi,pay via UPI ID
Move some funds to my personal account,pay to self
Can you pay 750 to Bob?,pay via contacts
Show my transaction history,transaction history
Send 750 to Alice,pay via contacts
I need to see my past transactions,transaction history
Self-payment of ₹6000,pay to self
Make a UPI payment of 500 to alice@upi,pay via UPI ID
"Send 41382 to account 5472871348, IFSC ICIC0009876.",bank_transfer
I need my QR code for transactions,show my QR code
Make a payment of 750 to Emma,pay via contacts
Make a payment of 500 to John,pay via contacts
Make a UPI payment of 1000 to alice@upi,pay via UPI ID
Fund 1541 to 9883430417,pay via number
Can you pay 250 to Bob?,pay via contacts
Transfer 250 using emma@paytm,pay via UPI ID
Can you process a QR code payment?,pay via QR code
Transfer 250 using emma@paytm,pay via UPI ID
Transfer to account 5728856473.,bank_transfer
Display my QR code,show my QR code
Transfer to account 2761635476.,bank_transfer
Pay bill of 463 using 9709787304,pay via number
Make a payment of 750 to Alice,pay via contacts
Scan a QR code to pay,pay via QR code
Can you process a QR code payment?,pay via QR code
Make a payment of 2000 to John,pay via contacts
Scan a QR code to pay,pay via QR code
Make a UPI payment of 1000 to emma@paytm,pay via UPI ID
I need to see my past transactions,transaction history
Make a payment of 1000 to Bob,pay via contacts
Move some funds to my personal account,pay to self
"Send money to Akash Nair, account number 6839885968.",bank_transfer
Display my recent transactions,transaction history
Show my QR code for payment,show my QR code
Can you process a QR code payment?,pay via QR code
I need my QR code for transactions,show my QR code
I need my QR code for transactions,show my QR code
Can you process a QR code payment?,pay via QR code
Transfer 48843.,bank_transfer
Do a bank transfer.,bank_transfer
Transfer to account 2761635476.,bank_transfer
Send 250 to Bob,pay via contacts
Show my QR code for payment,show my QR code
Deposit ₹2000 into my bank account,pay to self
"Transfer 5727 to Fatima Begum, account number 9446895308, IFSC SBIN0001234.",bank_transfer
Transfer 250 to Bob,pay via contacts
Add ₹100 to my digital wallet,pay to self
Show my QR code for payment,show my QR code
Pay using the scanned QR code,pay via QR code
Can you process a QR code payment?,pay via QR code
Transfer money to my own account,pay to self
Can you fetch my last payments?,transaction history
Fund 1541 to 9883430417,pay via number
Pay ₹8000 into my own bank,pay to self
Can you pay 500 to Bob?,pay via contacts
Do a bank transfer.,bank_transfer
Transfer 31580.,bank_transfer
Make a payment of 1000 to John,pay via contacts
Pay 1762 to 9621239137,pay via number
Send 3540 to 9598261481,pay via number
Transfer 250 to John,pay via contacts
Show my QR code for payment,show my QR code
Show my transaction history,transaction history
Make a UPI payment of 500 to bob@ybl,pay via UPI ID
Send 24357 to IFSC ICIC0009876.,bank_transfer
"Transfer 14720 to Akash Nair, account number 8362678849, IFSC YESB0003344.",bank_transfer
Display my recent transactions,transaction history
Make a payment of 250 to John,pay via contacts
Make a payment of 1000 to Alice,pay via contacts
Pay using the scanned QR code,pay via QR code
Can you process a QR code payment?,pay via QR code
Pay 1000 via alice@upi,pay via UPI ID
Can you pay 2000 to John?,pay via contacts
Add ₹100 to my digital wallet,pay to self
Move ₹1000 from checking to savings,pay to self
I need to move ₹700 to another account of mine,pay to self
I need my QR code for transactions,show my QR code
"Send 20503 to account 3503310637, IFSC PNB0005432.",bank_transfer
Can you fetch my payment QR code?,show my QR code
Show my QR code for payment,show my QR code
Make a payment using QR,pay via QR code
Transfer 48843.,bank_transfer
Send 2000 to Alice,pay via contacts
"Send 4209 to account 2761635476, IFSC BOFA0006789.",bank_transfer
Can you process a QR code payment?,pay via QR code
Fund 1541 to 9883430417,pay via number
Send 750 to John,pay via contacts
I need my QR code for transactions,show my QR code
Can you pay 250 to John?,pay via contacts
I need to see my past transactions,transaction history
Pay using the scanned QR code,pay via QR code
Send 3540 to 9598261481,pay via number
I need my QR code for transactions,show my QR code
Self-payment of ₹6000,pay to self
Display my QR code,show my QR code
Send 250 to Bob,pay via contacts
I need to see my past transactions,transaction history
Can I transfer ₹5000 to myself?,pay to self
Make a UPI payment of 500 to alice@upi,pay via UPI ID
Self-payment of ₹6000,pay to self
Pay 250 via john@sbi,pay via UPI ID
Send 1336 INR to 9995276216,pay via number
Send 1000 to alice@upi,pay via UPI ID
Send 2000 to Emma,pay via contacts
Pay 2000 via bob@ybl,pay via UPI ID
"Transfer 37057 to Rahul Sharma, account number 9654334863, IFSC ICIC0009876.",bank_transfer
Transfer 750 using alice@upi,pay via UPI ID
Can you process a QR code payment?,pay via QR code
Can you fetch my last payments?,transaction history
Pay using the scanned QR code,pay via QR code
Show my transaction history,transaction history
"Transfer 48843 to Priya Kapoor, account number 3503310637, IFSC PNB0005432.",bank_transfer
Can you fetch my last payments?,transaction history
I need my QR code for transactions,show my QR code
I need to see my past transactions,transaction history
Pay 500 via john@sbi,pay via UPI ID
Can you fetch my payment QR code?,show my QR code
Scan a QR code to pay,pay via QR code
Display my QR code,show my QR code
Deposit ₹900 into my account from UPI,pay to self
Can you pay 250 to Alice?,pay via contacts
Transfer 750 using john@sbi,pay via UPI ID
Send 1336 INR to 9995276216,pay via number
Deposit ₹900 into my account from UPI,pay to self
I need my QR code for transactions,show my QR code
Transfer 31401.,bank_transfer
I need my QR code for transactions,show my QR code
Make a payment using QR,pay via QR code
Send 1336 INR to 9995276216,pay via number
Make a UPI payment of 250 to bob@ybl,pay via UPI ID
Can you fetch my payment QR code?,show my QR code
Show my QR code for payment,show my QR code
Show my transaction history,transaction history
"Send money to Olivia Brown, account number 9180071527.",bank_transfer
Show my QR code for payment,show my QR code
Transfer 250 using bob@ybl,pay via UPI ID
Send 3540 to 9598261481,pay via number
Can you fetch my last payments?,transaction history
Pay bill of 463 using 9709787304,pay via number
Make a payment using QR,pay via QR code
Add ₹10000 to my secondary account,pay to self
Send 1336 INR to 9995276216,pay via number
Transfer 34700.,bank_transfer
Display my recent transactions,transaction history
Do a bank transfer.,bank_transfer
Can you fetch my last payments?,transaction history
"Transfer 37722 to Carlos Silva, account number 4284769487, IFSC ICIC0009876.",bank_transfer
Transfer 24357 to Priya Kapoor.,bank_transfer
Can you fetch my last payments?,transaction history
Send 750 to alice@upi,pay via UPI ID
I need to see my past transactions,transaction history
Scan a QR code to pay,pay via QR code
I need my QR code for transactions,show my QR code
Transfer money to 9640360845,pay via number
Make a payment using QR,pay via QR code
Do a bank transfer.,bank_transfer
Transfer 48486.,bank_transfer
Add ₹10000 to my secondary account,pay to self
Fund 1541 to 9883430417,pay via number
Send 2000 to Bob,pay via contacts
Can you pay 500 to Emma?,pay via contacts
I need to see my past transactions,transaction history
Transfer 1657 via 9176273695,pay via number
Transfer 31401 to Mei Chen.,bank_transfer
Can you process a QR code payment?,pay via QR code
Scan a QR code to pay,pay via QR code
Send 26997 to IFSC YESB0003344.,bank_transfer
Transfer money to 9640360845,pay via number
Can I transfer ₹5000 to myself?,pay to self
Pay using the scanned QR code,pay via QR code
Make a payment of 250 to Emma,pay via contacts
Make a payment using QR,pay via QR code
Show my transaction history,transaction history
Can you process a QR code payment?,pay via QR code
Self-payment of ₹6000,pay to self
Send ₹500 to my savings account,pay to self
Pay 2000 via john@sbi,pay via UPI ID
Send 1000 to bob@ybl,pay via UPI ID
Pay 2000 via bob@ybl,pay via UPI ID
Pay bill of 463 using 9709787304,pay via number
Pay using the scanned QR code,pay via QR code
I need my QR code for transactions,show my QR code
Send 1000 to John,pay via contacts
Display my recent transactions,transaction history
Transfer to account 6839885968.,bank_transfer
Can you process a QR code payment?,pay via QR code
Can you fetch my last payments?,transaction history
Do a bank transfer.,bank_transfer
Self-payment of ₹6000,pay to self
I need to see my past transactions,transaction history
Pay using the scanned QR code,pay via QR code
Add ₹10000 to my secondary account,pay to self
Display my recent transactions,transaction history
Transfer 2000 using emma@paytm,pay via UPI ID
Can you fetch my last payments?,transaction history
Transfer 1657 via 9176273695,pay via number
Scan a QR code to pay,pay via QR code
Send 3540 to 9598261481,pay via number
Transfer 2000 using alice@upi,pay via UPI ID
Send 2000 to alice@upi,pay via UPI ID
I need to see my past transactions,transaction history
Can you pay 500 to Bob?,pay via contacts
Send 26997 to IFSC PNB0005432.,bank_transfer
Move some funds to my personal account,pay to self
Can you pay 2000 to Emma?,pay via contacts
Display my recent transactions,transaction history
Pay 2000 via emma@paytm,pay via UPI ID
Display my recent transactions,transaction history
Pay bill of 463 using 9709787304,pay via number
Transfer 2000 to Bob,pay via contacts
Display my recent transactions,transaction history
Make a payment using QR,pay via QR code
Pay 500 via bob@ybl,pay via UPI ID
Can you fetch my last payments?,transaction history
Pay 750 via john@sbi,pay via UPI ID
Send 1336 INR to 9995276216,pay via number
Scan a QR code to pay,pay via QR code
Scan a QR code to pay,pay via QR code
Can you fetch my payment QR code?,show my QR code
Make a payment of 1000 to Alice,pay via contacts
Transfer 1000 using bob@ybl,pay via UPI ID
Transfer 24357.,bank_transfer
"Send 37057 to account 4467829142, IFSC PNB0005432.",bank_transfer
Send 1336 INR to 9995276216,pay via number
Pay 1000 via bob@ybl,pay via UPI ID
Can you process a QR code payment?,pay via QR code
Make a payment of 500 to Emma,pay via contacts
Send 41382 to IFSC ICIC0009876.,bank_transfer
Send 1336 INR to 9995276216,pay via number
Self-payment of ₹6000,pay to self
I need to see my past transactions,transaction history
Make a payment using QR,pay via QR code
Deposit ₹900 into my account from UPI,pay to self
Send 250 to Emma,pay via contacts
Can you fetch my last payments?,transaction history
Self-transfer ₹1500,pay to self
Make a payment using QR,pay via QR code
Send 750 to emma@paytm,pay via UPI ID
Transfer 750 using emma@paytm,pay via UPI ID
Transfer 250 to Alice,pay via contacts
Make a UPI payment of 2000 to bob@ybl,pay via UPI ID
Add ₹100 to my digital wallet,pay to self
Make a payment of 2000 to John,pay via contacts
I want to pay myself ₹3000,pay to self
Send 2000 to bob@ybl,pay via UPI ID
Send 31401 to IFSC SBIN0001234.,bank_transfer
Pay 2000 via alice@upi,pay via UPI ID
Can you fetch my payment QR code?,show my QR code
Display my QR code,show my QR code
Show my transaction history,transaction history
Pay bill of 463 using 9709787304,pay via number
Self-payment of ₹6000,pay to self
I need to see my past transactions,transaction history
Transfer 750 to Bob,pay via contacts
Can you fetch my payment QR code?,show my QR code
"Send 37057 to account 4284769487, IFSC AXIS0001122.",bank_transfer
Deposit ₹900 into my account from UPI,pay to self
Transfer 1000 to John,pay via contacts
Do a bank transfer.,bank_transfer
Move some funds to my personal account,pay to self
Pay 2000 via john@sbi,pay via UPI ID
Send 3540 to 9598261481,pay via number
Move some funds to my personal account,pay to self
Transfer to account 9686302372.,bank_transfer
"Transfer 26997 to Anita Singh, account number 5728856473, IFSC AXIS0001122.",bank_transfer
Pay 1762 to 9621239137,pay via number
Transfer money to 9640360845,pay via number
Pay 1762 to 9621239137,pay via number
Send 1336 INR to 9995276216,pay via number
Send 250 to Bob,pay via contacts
I need my QR code for transactions,show my QR code
"Send 41382 to account 3075005585, IFSC PNB0005432.",bank_transfer
Send 4209 to IFSC PNB0005432.,bank_transfer
Can I send ₹2500 to my own account?,pay to self
Send 1000 to Alice,pay via contacts
Do a bank transfer.,bank_transfer
Make a UPI payment of 250 to emma@paytm,pay via UPI ID
Pay 250 via bob@ybl,pay via UPI ID
Can you fetch my last payments?,transaction history
Transfer 4867 to John Doe.,bank_transfer
Transfer 18656 to John Doe.,bank_transfer
Scan a QR code to pay,pay via QR code
Can you fetch my payment QR code?,show my QR code
Fund 1541 to 9883430417,pay via number
Show my transaction history,transaction history
Can you fetch my last payments?,transaction history
Can I send ₹2500 to my own account?,pay to self
Transfer 250 using bob@ybl,pay via UPI ID
Transfer 48486.,bank_transfer
Display my recent transactions,transaction history
Make a payment of 250 to Emma,pay via contacts
Can you fetch my payment QR code?,show my QR code
Can you fetch my last payments?,transaction history
Add ₹10000 to my secondary account,pay to self
Make a payment using QR,pay via QR code
Make a UPI payment of 2000 to alice@upi,pay via UPI ID
Fund 1541 to 9883430417,pay via number
Transfer 24357 to Fatima Begum.,bank_transfer
Fund 1541 to 9883430417,pay via number
Send 750 to Emma,pay via contacts
Transfer to account 9180071527.,bank_transfer
Scan a QR code to pay,pay via QR code
I need to see my past transactions,transaction history
Send 1000 to Alice,pay via contacts
Can you fetch my last payments?,transaction history
Make a UPI payment of 750 to bob@ybl,pay via UPI ID
Move ₹5500 within my accounts,pay to self
Move ₹1000 from checking to savings,pay to self
Send 750 to John,pay via contacts
Pay ₹8000 into my own bank,pay to self
Can I transfer ₹5000 to myself?,pay to self
Move ₹5500 within my accounts,pay to self
Display my QR code,show my QR code
I need to see my past transactions,transaction history
I need my QR code for transactions,show my QR code
I need to move ₹700 to another account of mine,pay to self
Transfer money to 9640360845,pay via number
Make a UPI payment of 2000 to bob@ybl,pay via UPI ID
Display my QR code,show my QR code
Transfer 24477 to David Johnson.,bank_transfer
Transfer 500 to Bob,pay via contacts
"Send money to Carlos Silva, account number 5728856473.",bank_transfer
"Send money to Anita Singh, account number 9686302372.",bank_transfer
Can you fetch my payment QR code?,show my QR code
Can you pay 1000 to Alice?,pay via contacts
Display my QR code,show my QR code
Scan a QR code to pay,pay via QR code
Show my transaction history,transaction history
Display my QR code,show my QR code
Transfer 1657 via 9176273695,pay via number
Display my recent transactions,transaction history
Make a UPI payment of 250 to alice@upi,pay via UPI ID
Display my QR code,show my QR code
Send 750 to alice@upi,pay via UPI ID
Display my QR code,show my QR code
Send 3540 to 9598261481,pay via number
Make a payment of 250 to John,pay via contacts
Can you fetch my payment QR code?,show my QR code
Send 1000 to emma@paytm,pay via UPI ID
I need to see my past transactions,transaction history
Make a payment of 2000 to Bob,pay via contacts
Show my transaction history,transaction history
Send 2000 to Bob,pay via contacts
Transfer 24357.,bank_transfer
Make a payment using QR,pay via QR code
Transfer 24477.,bank_transfer
I need my QR code for transactions,show my QR code
Show my QR code for payment,show my QR code
Show my transaction history,transaction history
Scan a QR code to pay,pay via QR code
Pay 750 via emma@paytm,pay via UPI ID
Make a payment of 750 to Bob,pay via contacts
I want to pay myself ₹3000,pay to self
Display my QR code,show my QR code
Make a payment of 2000 to Bob,pay via contacts
Can you fetch my last payments?,transaction history
Can you fetch my payment QR code?,show my QR code
Send 2000 to Alice,pay via contacts
Shift ₹4000 to my savings,pay to self
Transfer money to 9640360845,pay via number
Pay using the scanned QR code,pay via QR code
Pay using the scanned QR code,pay via QR code
Transfer 20440.,bank_transfer
Make a payment of 2000 to Emma,pay via contacts
Pay bill of 463 using 9709787304,pay via number
Transfer 37057 to Carlos Silva.,bank_transfer
Send 250 to Emma,pay via contacts
Send 500 to john@sbi,pay via UPI ID
Transfer 37057 to David Johnson.,bank_transfer
Send 3540 to 9598261481,pay via number
Send 1336 INR to 9995276216,pay via number
Transfer money to 9640360845,pay via number
Display my recent transactions,transaction history
Display my QR code,show my QR code
Can you fetch my payment QR code?,show my QR code
Can I send ₹2500 to my own account?,pay to self
Transfer 1657 via 9176273695,pay via number
Can you fetch my last payments?,transaction history
Pay ₹8000 into my own bank,pay to self
Pay 500 via emma@paytm,pay via UPI ID
Send 2000 to Emma,pay via contacts
Pay using the scanned QR code,pay via QR code
Send 250 to bob@ybl,pay via UPI ID
Can you fetch my payment QR code?,show my QR code
Can you pay 500 to Alice?,pay via contacts
Make a UPI payment of 1000 to alice@upi,pay via UPI ID
Fund 1541 to 9883430417,pay via number
I need my QR code for transactions,show my QR code
Send 500 to John,pay via contacts
I need to move ₹700 to another account of mine,pay to self
Transfer 26997.,bank_transfer
Scan a QR code to pay,pay via QR code
Transfer 500 using emma@paytm,pay via UPI ID
Display my QR code,show my QR code
Show my QR code for payment,show my QR code
I need my QR code for transactions,show my QR code
"Send 5727 to account 9606509765, IFSC BOFA0006789.",bank_transfer
Send ₹3500 from my UPI to my own bank,pay to self
Self-transfer ₹1500,pay to self
Transfer 1657 via 9176273695,pay via number
Make a payment of 2000 to John,pay via contacts
Show my transaction history,transaction history
Show my transaction history,transaction history
Display my recent transactions,transaction history
Can you pay 2000 to Emma?,pay via contacts
Fund transfer to self ₹200,pay to self
Send 750 to Bob,pay via contacts
Add ₹100 to my digital wallet,pay to self
Show my QR code for payment,show my QR code
Scan a QR code to pay,pay via QR code
Can you process a QR code payment?,pay via QR code
Fund 1541 to 9883430417,pay via number
Show my QR code for payment,show my QR code
I need to see my past transactions,transaction history
"Send money to John Doe, account number 5728856473.",bank_transfer
Display my recent transactions,transaction history
Can you fetch my payment QR code?,show my QR code
Fund 1541 to 9883430417,pay via number
Send ₹3500 from my UPI to my own bank,pay to self
Transfer 1000 to Bob,pay via contacts
Pay bill of 463 using 9709787304,pay via number
I need my QR code for transactions,show my QR code
Can you process a QR code payment?,pay via QR code
Self-payment of ₹6000,pay to self
Move some funds to my personal account,pay to self
Make a UPI payment of 750 to alice@upi,pay via UPI ID
Send 250 to bob@ybl,pay via UPI ID
Fund transfer to self ₹200,pay to self
I need to see my past transactions,transaction history
Transfer 1000 using john@sbi,pay via UPI ID
Pay using the scanned QR code,pay via QR code
Move ₹1000 from checking to savings,pay to self
Deposit ₹900 into my account from UPI,pay to self
Send 1000 to Alice,pay via contacts
I need to move ₹700 to another account of mine,pay to self
Display my recent transactions,transaction history
Transfer money to 9640360845,pay via number
Self-payment of ₹6000,pay to self
Display my QR code,show my QR code
I need to see my past transactions,transaction history
Deposit ₹2000 into my bank account,pay to self
Make a UPI payment of 2000 to emma@paytm,pay via UPI ID
Transfer 250 to Bob,pay via contacts
Can I transfer ₹5000 to myself?,pay to self
Can you fetch my payment QR code?,show my QR code
Make a payment using QR,pay via QR code
Display my recent transactions,transaction history
"Send money to Olivia Brown, account number 9654334863.",bank_transfer
Pay 500 via john@sbi,pay via UPI ID
Display my recent transactions,transaction history
Can you process a QR code payment?,pay via QR code
Send 250 to Alice,pay via contacts
Deposit ₹900 into my account from UPI,pay to self
Transfer 500 using alice@upi,pay via UPI ID
Show my QR code for payment,show my QR code
Pay using the scanned QR code,pay via QR code
Move ₹1000 from checking to savings,pay to self
Display my recent transactions,transaction history
Show my transaction history,transaction history
Can you fetch my last payments?,transaction history
Send 3540 to 9598261481,pay via number
Send 1336 INR to 9995276216,pay via number
Scan a QR code to pay,pay via QR code
Send ₹500 to my savings account,pay to self
I need to see my past transactions,transaction history
"Send 4867 to account 5472871348, IFSC BOFA0006789.",bank_transfer
I need my QR code for transactions,show my QR code
Can you fetch my last payments?,transaction history
Make a payment using QR,pay via QR code
Fund transfer to self ₹200,pay to self
Transfer 48843 to David Johnson.,bank_transfer
Transfer 2000 to Bob,pay via contacts
Can you process a QR code payment?,pay via QR code
Can you process a QR code payment?,pay via QR code
Display my recent transactions,transaction history
Pay bill of 463 using 9709787304,pay via number
I want to pay myself ₹3000,pay to self
Send 3540 to 9598261481,pay via number
Display my recent transactions,transaction history
I want to pay myself ₹3000,pay to self
Display my recent transactions,transaction history
Transfer 1000 to Bob,pay via contacts
Pay using the scanned QR code,pay via QR code
I need to see my past transactions,transaction history
Transfer money to 9640360845,pay via number
Display my recent transactions,transaction history
Pay 1762 to 9621239137,pay via number
Make a UPI payment of 1000 to bob@ybl,pay via UPI ID
Fund transfer to self ₹200,pay to self
I need to move ₹700 to another account of mine,pay to self
"Send money to Rahul Sharma, account number 5728856473.",bank_transfer
Scan a QR code to pay,pay via QR code
Send 3540 to 9598261481,pay via number
Fund 1541 to 9883430417,pay via number
Self-transfer ₹1500,pay to self
Pay 1000 via bob@ybl,pay via UPI ID
Can you pay 250 to Bob?,pay via contacts
Show my transaction history,transaction history
Fund 1541 to 9883430417,pay via number
I need to move ₹700 to another account of mine,pay to self
Deposit ₹2000 into my bank account,pay to self
Can you process a QR code payment?,pay via QR code
Self-payment of ₹6000,pay to self
I need to move ₹700 to another account of mine,pay to self
Show my transaction history,transaction history
Make a UPI payment of 250 to bob@ybl,pay via UPI ID
Transfer 5727.,bank_transfer
Send 3540 to 9598261481,pay via number
Show my QR code for payment,show my QR code
Transfer 500 using john@sbi,pay via UPI ID
Pay 1762 to 9621239137,pay via number
Send ₹500 to my savings account,pay to self
Show my transaction history,transaction history
Transfer to account 9606509765.,bank_transfer
Can you pay 500 to Alice?,pay via contacts
Pay using the scanned QR code,pay via QR code
Deposit ₹900 into my account from UPI,pay to self
Send 2000 to emma@paytm,pay via UPI ID
Transfer 41382 to Priya Kapoor.,bank_transfer
Pay ₹8000 into my own bank,pay to self
Send 1000 to Emma,pay via contacts
Make a payment using QR,pay via QR code
Send 2000 to alice@upi,pay via UPI ID
Make a payment using QR,pay via QR code
Can you process a QR code payment?,pay via QR code
Transfer 750 using emma@paytm,pay via UPI ID
Self-payment of ₹6000,pay to self
Can you pay 750 to Alice?,pay via contacts
Transfer 18656 to David Johnson.,bank_transfer
Self-transfer ₹1500,pay to self
Pay using the scanned QR code,pay via QR code
I want to pay myself ₹3000,pay to self
Send 2000 to bob@ybl,pay via UPI ID
I need to move ₹700 to another account of mine,pay to self
Display my recent transactions,transaction history
I need my QR code for transactions,show my QR code
Show my transaction history,transaction history
Make a UPI payment of 250 to emma@paytm,pay via UPI ID
Can you fetch my last payments?,transaction history
Pay using the scanned QR code,pay via QR code
"Send money to Fatima Begum, account number 9686302372.",bank_transfer
Pay bill of 463 using 9709787304,pay via number
Scan a QR code to pay,pay via QR code
I need my QR code for transactions,show my QR code
Move ₹5500 within my accounts,pay to self
Send 500 to bob@ybl,pay via UPI ID
Show my QR code for payment,show my QR code
Move some funds to my personal account,pay to self
Make a payment of 750 to Bob,pay via contacts
Pay bill of 463 using 9709787304,pay via number
Send 750 to Bob,pay via contacts
Display my QR code,show my QR code
Make a payment using QR,pay via QR code
Pay 2000 via bob@ybl,pay via UPI ID
Show my QR code for payment,show my QR code
Show my transaction history,transaction history
"Transfer 32617 to David Johnson, account number 9686302372, IFSC YESB0003344.",bank_transfer
Transfer 1000 using emma@paytm,pay via UPI ID
Make a UPI payment of 750 to emma@paytm,pay via UPI ID
Pay 2000 via bob@ybl,pay via UPI ID
Show my QR code for payment,show my QR code
Transfer 250 to Emma,pay via contacts
I need to move ₹700 to another account of mine,pay to self
"Transfer 37057 to Olivia Brown, account number 5472871348, IFSC SBIN0001234.",bank_transfer
Send ₹3500 from my UPI to my own bank,pay to self
"Send 20440 to account 7036643460, IFSC ICIC0009876.",bank_transfer
Send 750 to John,pay via contacts
Send 750 to Alice,pay via contacts
I need my QR code for transactions,show my QR code
Send 34700 to IFSC AXIS0001122.,bank_transfer
Transfer 26997 to Anita Singh.,bank_transfer
Fund 1541 to 9883430417,pay via number
Show my QR code for payment,show my QR code
Show my QR code for payment,show my QR code
Can you fetch my payment QR code?,show my QR code
I need to see my past transactions,transaction history
Transfer money to my own account,pay to self
Make a UPI payment of 2000 to emma@paytm,pay via UPI ID
Move ₹5500 within my accounts,pay to self
Add ₹10000 to my secondary account,pay to self
Can I send ₹2500 to my own account?,pay to self
Show my QR code for payment,show my QR code
Transfer 1657 via 9176273695,pay via number
Send 750 to alice@upi,pay via UPI ID
Send 3540 to 9598261481,pay via number
Transfer 1000 using bob@ybl,pay via UPI ID
Do a bank transfer.,bank_transfer
Make a payment using QR,pay via QR code
"Send 20503 to account 9606509765, IFSC YESB0003344.",bank_transfer
Make a payment of 500 to John,pay via contacts
Make a UPI payment of 1000 to john@sbi,pay via UPI ID
Send 3540 to 9598261481,pay via number
Transfer 1657 via 9176273695,pay via number
"Send money to Anita Singh, account number 9180071527.",bank_transfer
Fund 1541 to 9883430417,pay via number
Make a UPI payment of 750 to john@sbi,pay via UPI ID
Send 500 to alice@upi,pay via UPI ID
Do a bank transfer.,bank_transfer
Pay 1000 via emma@paytm,pay via UPI ID
Fund 1541 to 9883430417,pay via number
Move some funds to my personal account,pay to self
"Transfer 48843 to Mei Chen, account number 5728856473, IFSC BOFA0006789.",bank_transfer
Add ₹10000 to my secondary account,pay to self
Transfer to account 2761635476.,bank_transfer
Display my QR code,show my QR code
Show my QR code for payment,show my QR code
Display my QR code,show my QR code
"Send 24357 to account 3503310637, IFSC SBIN0001234.",bank_transfer
Pay 2000 via bob@ybl,pay via UPI ID
Transfer 2000 to Bob,pay via contacts
Pay 1762 to 9621239137,pay via number
Pay 750 via emma@paytm,pay via UPI ID
Transfer 20503 to Carlos Silva.,bank_transfer
Transfer 14720 to Priya Kapoor.,bank_transfer
Fund 1541 to 9883430417,pay via number
Pay 250 via bob@ybl,pay via UPI ID
Can you pay 1000 to John?,pay via contacts
Make a payment using QR,pay via QR code
I need my QR code for transactions,show my QR code
Make a UPI payment of 500 to john@sbi,pay via UPI ID
Pay bill of 463 using 9709787304,pay via number
Can I transfer ₹5000 to myself?,pay to self
Shift ₹4000 to my savings,pay to self
Can you fetch my payment QR code?,show my QR code
Make a UPI payment of 250 to bob@ybl,pay via UPI ID
Fund 1541 to 9883430417,pay via number
Send 500 to Alice,pay via contacts
Can you process a QR code payment?,pay via QR code
Show my QR code for payment,show my QR code
Pay 1762 to 9621239137,pay via number
Make a payment of 500 to Emma,pay via contacts
I need my QR code for transactions,show my QR code
Show my transaction history,transaction history
Make a payment using QR,pay via QR code
Send 2000 to alice@upi,pay via UPI ID
Send 1336 INR to 9995276216,pay via number
Make a UPI payment of 1000 to bob@ybl,pay via UPI ID
Pay bill of 463 using 9709787304,pay via number
I need my QR code for transactions,show my QR code
Make a UPI payment of 2000 to alice@upi,pay via UPI ID
Show my QR code for payment,show my QR code
Display my recent transactions,transaction history
Send 250 to Bob,pay via contacts
Pay using the scanned QR code,pay via QR code
Pay using the scanned QR code,pay via QR code
I need my QR code for transactions,show my QR code
I need to see my past transactions,transaction history
Transfer money to 9640360845,pay via number
Transfer money to 9640360845,pay via number
Send 3540 to 9598261481,pay via number
Transfer 31401.,bank_transfer
Can you fetch my last payments?,transaction history
Make a UPI payment of 2000 to john@sbi,pay via UPI ID
Transfer to account 4284769487.,bank_transfer
Make a payment using QR,pay via QR code
I need to see my past transactions,transaction history
Add ₹100 to my digital wallet,pay to self
Scan a QR code to pay,pay via QR code
Send 1336 INR to 9995276216,pay via number
Display my QR code,show my QR code
Pay 750 via john@sbi,pay via UPI ID
Send 500 to alice@upi,pay via UPI ID
Transfer 250 to Bob,pay via contacts
Fund 1541 to 9883430417,pay via number
Transfer to account 9446895308.,bank_transfer
Send 2000 to emma@paytm,pay via UPI ID
Transfer 24357.,bank_transfer
Show my transaction history,transaction history
Transfer to account 5265416525.,bank_transfer
Make a payment using QR,pay via QR code
Pay 1762 to 9621239137,pay via number
Shift ₹4000 to my savings,pay to self
Pay bill of 463 using 9709787304,pay via number
"Send money to Akash Nair, account number 6839885968.",bank_transfer
Make a UPI payment of 250 to john@sbi,pay via UPI ID
Send ₹3500 from my UPI to my own bank,pay to self
Send 750 to alice@upi,pay via UPI ID
Send 1336 INR to 9995276216,pay via number
Make a UPI payment of 500 to emma@paytm,pay via UPI ID
Pay using the scanned QR code,pay via QR code
I need to see my past transactions,transaction history
Transfer money to 9640360845,pay via number
Pay 1762 to 9621239137,pay via number
Send 3540 to 9598261481,pay via number
Make a UPI payment of 2000 to john@sbi,pay via UPI ID
I need my QR code for transactions,show my QR code
Transfer money to 9640360845,pay via number
Transfer to account 9180071527.,bank_transfer
Make a payment using QR,pay via QR code
"Send money to Olivia Brown, account number 2761635476.",bank_transfer
Transfer 500 to Emma,pay via contacts
Make a UPI payment of 2000 to alice@upi,pay via UPI ID
Transfer money to 9640360845,pay via number
Transfer 1657 via 9176273695,pay via number
Display my QR code,show my QR code
Transfer 250 to Alice,pay via contacts
Make a payment of 750 to John,pay via contacts
Pay 250 via john@sbi,pay via UPI ID
Transfer 500 using emma@paytm,pay via UPI ID
Display my recent transactions,transaction history
Send 250 to john@sbi,pay via UPI ID
I need my QR code for transactions,show my QR code
Display my QR code,show my QR code
"Send 5727 to account 6284165127, IFSC ICIC0009876.",bank_transfer
Can you fetch my last payments?,transaction history
Transfer 4867.,bank_transfer
Can you fetch my last payments?,transaction history
Shift ₹4500 from wallet to bank,pay to self
Display my recent transactions,transaction history
Scan a QR code to pay,pay via QR code
Transfer 250 to Emma,pay via contacts
Send 32617 to IFSC PNB0005432.,bank_transfer
Send 500 to john@sbi,pay via UPI ID
Pay ₹8000 into my own bank,pay to self
"Transfer 24357 to Anita Singh, account number 6284165127, IFSC HDFC0005678.",bank_transfer
Display my QR code,show my QR code
Can I send ₹2500 to my own account?,pay to self
"Send 31401 to account 5728856473, IFSC BOFA0006789.",bank_transfer
Make a payment using QR,pay via QR code
Send 1336 INR to 9995276216,pay via number
Transfer 250 using alice@upi,pay via UPI ID
Can you fetch my payment QR code?,show my QR code
I need to see my past transactions,transaction history
Can you fetch my payment QR code?,show my QR code
Send 250 to Bob,pay via contacts
Can you fetch my payment QR code?,show my QR code
Make a payment using QR,pay via QR code
Can you process a QR code payment?,pay via QR code
I need to see my past transactions,transaction history
Can you fetch my payment QR code?,show my QR code
Deposit ₹900 into my account from UPI,pay to self
Can you pay 1000 to Emma?,pay via contacts
Transfer money to my own account,pay to self
Send 1336 INR to 9995276216,pay via number
Pay 1762 to 9621239137,pay via number
Display my QR code,show my QR code
Send 750 to Emma,pay via contacts
Show my transaction history,transaction history
Send 3540 to 9598261481,pay via number
Self-payment of ₹6000,pay to self
Send 1336 INR to 9995276216,pay via number
Send 1000 to bob@ybl,pay via UPI ID
Display my recent transactions,transaction history
Move some funds to my personal account,pay to self
Pay 250 via bob@ybl,pay via UPI ID
Make a UPI payment of 2000 to bob@ybl,pay via UPI ID
Can you fetch my last payments?,transaction history
I need to see my past transactions,transaction history
Do a bank transfer.,bank_transfer
Transfer 2000 to Bob,pay via contacts
"Send 18656 to account 5265416525, IFSC AXIS0001122.",bank_transfer
Can you fetch my last payments?,transaction history
Can I send ₹2500 to my own account?,pay to self
Display my recent transactions,transaction history
Can I transfer ₹5000 to myself?,pay to self
Transfer 500 using emma@paytm,pay via UPI ID
Transfer money to my own account,pay to self
Pay 750 via emma@paytm,pay via UPI ID
"Transfer 18656 to Rahul Sharma, account number 6284165127, IFSC SBIN0001234.",bank_transfer
Pay bill of 463 using 9709787304,pay via number
Show my transaction history,transaction history
Scan a QR code to pay,pay via QR code
Scan a QR code to pay,pay via QR code
Transfer money to 9640360845,pay via number
Display my QR code,show my QR code
Make a payment of 1000 to John,pay via contacts
Can you fetch my last payments?,transaction history
Send ₹500 to my savings account,pay to self
Transfer to account 6284165127.,bank_transfer
Transfer 41382.,bank_transfer
Pay 1762 to 9621239137,pay via number
Display my recent transactions,transaction history
Show my transaction history,transaction history
Pay ₹8000 into my own bank,pay to self
Transfer 750 to John,pay via contacts
Make a payment of 250 to John,pay via contacts
Show my transaction history,transaction history
Make a payment of 750 to Alice,pay via contacts
Make a payment using QR,pay via QR code
Can you fetch my payment QR code?,show my QR code
Pay 250 via john@sbi,pay via UPI ID
Display my recent transactions,transaction history
Transfer 32617 to David Johnson.,bank_transfer
Transfer money to 9640360845,pay via number
Can you process a QR code payment?,pay via QR code
Scan a QR code to pay,pay via QR code
Shift ₹4500 from wallet to bank,pay to self
Show my transaction history,transaction history
Pay 500 via alice@upi,pay via UPI ID
Transfer to account 7036643460.,bank_transfer
Can you fetch my payment QR code?,show my QR code
Send 5727 to IFSC ICIC0009876.,bank_transfer
Transfer 500 using john@sbi,pay via UPI ID
Pay 2000 via emma@paytm,pay via UPI ID
Send 14720 to IFSC AXIS0001122.,bank_transfer
Send 3540 to 9598261481,pay via number
Pay 750 via alice@upi,pay via UPI ID
Pay 1762 to 9621239137,pay via number
Transfer 250 to Emma,pay via contacts
Scan a QR code to pay,pay via QR code
Transfer 2000 using john@sbi,pay via UPI ID
Scan a QR code to pay,pay via QR code
Show my transaction history,transaction history
Display my recent transactions,transaction history
Transfer money to 9640360845,pay via number
Transfer 1657 via 9176273695,pay via number
Send 250 to Emma,pay via contacts
I need to move ₹700 to another account of mine,pay to self
Fund 1541 to 9883430417,pay via number
Send 3540 to 9598261481,pay via number
Pay 1762 to 9621239137,pay via number
"Send money to Anita Singh, account number 9686302372.",bank_transfer
Can you fetch my payment QR code?,show my QR code
"Transfer 34700 to John Doe, account number 9446895308, IFSC ICIC0009876.",bank_transfer
Can you pay 500 to Bob?,pay via contacts
Display my recent transactions,transaction history
Make a UPI payment of 750 to emma@paytm,pay via UPI ID
I need to see my past transactions,transaction history
Transfer money to 9640360845,pay via number
"Send 41382 to account 9628205197, IFSC PNB0005432.",bank_transfer
Can you process a QR code payment?,pay via QR code
Pay ₹8000 into my own bank,pay to self
Move ₹1000 from checking to savings,pay to self
Self-payment of ₹6000,pay to self
Pay bill of 463 using 9709787304,pay via number
Pay 1762 to 9621239137,pay via number
Transfer 1000 using john@sbi,pay via UPI ID
Display my QR code,show my QR code
Self-payment of ₹6000,pay to self
Make a payment using QR,pay via QR code
Can you fetch my last payments?,transaction history
Make a UPI payment of 2000 to bob@ybl,pay via UPI ID
Pay bill of 463 using 9709787304,pay via number
Transfer 1657 via 9176273695,pay via number
"Send money to Carlos Silva, account number 9606509765.",bank_transfer
I need to move ₹700 to another account of mine,pay to self
Send 750 to emma@paytm,pay via UPI ID
Send 250 to alice@upi,pay via UPI ID
Send ₹500 to my savings account,pay to self
Send 250 to john@sbi,pay via UPI ID
Can you pay 500 to Alice?,pay via contacts
Pay 1762 to 9621239137,pay via number
"Transfer 4867 to David Johnson, account number 2761635476, IFSC YESB0003344.",bank_transfer
I need my QR code for transactions,show my QR code
Transfer to account 9628205197.,bank_transfer
Add ₹10000 to my secondary account,pay to self
Deposit ₹900 into my account from UPI,pay to self
Make a UPI payment of 500 to john@sbi,pay via UPI ID
Send ₹3500 from my UPI to my own bank,pay to self
Move ₹5500 within my accounts,pay to self
Move ₹5500 within my accounts,pay to self
Can you pay 500 to John?,pay via contacts
Can I send ₹2500 to my own account?,pay to self
Transfer 4867.,bank_transfer
Send 1000 to john@sbi,pay via UPI ID
Make a UPI payment of 2000 to bob@ybl,pay via UPI ID
Pay 1000 via john@sbi,pay via UPI ID
Can you process a QR code payment?,pay via QR code
Make a payment using QR,pay via QR code
Can you fetch my payment QR code?,show my QR code
Show my QR code for payment,show my QR code
Display my QR code,show my QR code
I need to see my past transactions,transaction history
Pay 2000 via alice@upi,pay via UPI ID
Can you pay 1000 to Bob?,pay via contacts
Display my recent transactions,transaction history
Send 20503 to IFSC SBIN0001234.,bank_transfer
Transfer 2000 using bob@ybl,pay via UPI ID
Self-payment of ₹6000,pay to self
Scan a QR code to pay,pay via QR code
Can you fetch my payment QR code?,show my QR code
Make a UPI payment of 2000 to john@sbi,pay via UPI ID
I need to see my past transactions,transaction history
Make a payment using QR,pay via QR code
Send 750 to Alice,pay via contacts
Make a UPI payment of 2000 to emma@paytm,pay via UPI ID
Send 250 to Bob,pay via contacts
Can you pay 750 to Bob?,pay via contacts
Transfer 1657 via 9176273695,pay via number
Scan a QR code to pay,pay via QR code
Display my recent transactions,transaction history
Send 3540 to 9598261481,pay via number
Pay bill of 463 using 9709787304,pay via number
Make a payment of 1000 to Emma,pay via contacts
Transfer 250 using bob@ybl,pay via UPI ID
Pay 500 via emma@paytm,pay via UPI ID
Transfer 2000 to Bob,pay via contacts
Send 1336 INR to 9995276216,pay via number
Do a bank transfer.,bank_transfer
Send 2000 to alice@upi,pay via UPI ID
Show my transaction history,transaction history
Can you fetch my payment QR code?,show my QR code
Can you process a QR code payment?,pay via QR code
Can you fetch my payment QR code?,show my QR code
I need my QR code for transactions,show my QR code
Can you fetch my last payments?,transaction history
Can you pay 500 to Alice?,pay via contacts
Make a UPI payment of 500 to john@sbi,pay via UPI ID
Deposit ₹2000 into my bank account,pay to self
Make a payment of 250 to Bob,pay via contacts
Send ₹500 to my savings account,pay to self
Pay using the scanned QR code,pay via QR code
Can you fetch my payment QR code?,show my QR code
Send 1336 INR to 9995276216,pay via number
Deposit ₹2000 into my bank account,pay to self
Send 750 to Bob,pay via contacts
Display my recent transactions,transaction history
Make a UPI payment of 750 to bob@ybl,pay via UPI ID
Display my recent transactions,transaction history
Transfer to account 5265416525.,bank_transfer
Deposit ₹2000 into my bank account,pay to self
Transfer 750 using emma@paytm,pay via UPI ID
Show my QR code for payment,show my QR code
I need to see my past transactions,transaction history
Can you process a QR code payment?,pay via QR code
Display my QR code,show my QR code
Can you fetch my last payments?,transaction history
Pay 1000 via bob@ybl,pay via UPI ID
Show my QR code for payment,show my QR code
"Send 4209 to account 6839885968, IFSC HDFC0005678.",bank_transfer
Display my QR code,show my QR code
"Send money to Rahul Sharma, account number 5728856473.",bank_transfer
Can you process a QR code payment?,pay via QR code
Can you fetch my payment QR code?,show my QR code
Scan a QR code to pay,pay via QR code
Make a UPI payment of 2000 to alice@upi,pay via UPI ID
Scan a QR code to pay,pay via QR code
Make a payment using QR,pay via QR code
Display my recent transactions,transaction history
Transfer money to 9640360845,pay via number
Can you pay 2000 to Bob?,pay via contacts
Transfer 250 using alice@upi,pay via UPI ID
Pay 1762 to 9621239137,pay via number
Can you pay 2000 to Emma?,pay via contacts
Send 3540 to 9598261481,pay via number
Send 500 to alice@upi,pay via UPI ID
Pay bill of 463 using 9709787304,pay via number
Make a UPI payment of 2000 to bob@ybl,pay via UPI ID
Transfer 2000 to Emma,pay via contacts
I need to see my past transactions,transaction history
Send 3540 to 9598261481,pay via number
Display my recent transactions,transaction history
Pay 2000 via alice@upi,pay via UPI ID
Can I send ₹2500 to my own account?,pay to self
Make a payment using QR,pay via QR code
"Send money to David Johnson, account number 9446895308.",bank_transfer
Can you fetch my payment QR code?,show my QR code
Can you fetch my payment QR code?,show my QR code
Can you fetch my last payments?,transaction history
"Transfer 48843 to Mei Chen, account number 5728856473, IFSC BOFA0006789.",bank_transfer
Deposit ₹2000 into my bank account,pay to self
Make a UPI payment of 500 to bob@ybl,pay via UPI ID
Can you fetch my payment QR code?,show my QR code
Can you fetch my payment QR code?,show my QR code
Pay using the scanned QR code,pay via QR code
Pay using the scanned QR code,pay via QR code
Can you pay 500 to Alice?,pay via contacts
Make a UPI payment of 2000 to emma@paytm,pay via UPI ID
Transfer 2000 to John,pay via contacts
Send 1000 to John,pay via contacts
Can you fetch my last payments?,transaction history
Send 1336 INR to 9995276216,pay via number
Can you fetch my payment QR code?,show my QR code
Pay bill of 463 using 9709787304,pay via number
Transfer to account 9654334863.,bank_transfer
Scan a QR code to pay,pay via QR code
Can you fetch my payment QR code?,show my QR code
Can I send ₹2500 to my own account?,pay to self
Send 31401 to IFSC AXIS0001122.,bank_transfer
Pay 750 via john@sbi,pay via UPI ID
Can you pay 250 to Alice?,pay via contacts
"Send 4867 to account 8362678849, IFSC BOFA0006789.",bank_transfer
I need to see my past transactions,transaction history
Transfer money to 9640360845,pay via number
Send 500 to Bob,pay via contacts
Do a bank transfer.,bank_transfer
Send 750 to Alice,pay via contacts
Pay 1762 to 9621239137,pay via number
Send 2000 to john@sbi,pay via UPI ID
Pay using the scanned QR code,pay via QR code
Scan a QR code to pay,pay via QR code
Transfer 500 to Bob,pay via contacts
Transfer 500 to John,pay via contacts
Show my QR code for payment,show my QR code
Transfer 24357 to Priya Kapoor.,bank_transfer
Scan a QR code to pay,pay via QR code
Can you fetch my last payments?,transaction history
Show my transaction history,transaction history
Display my QR code,show my QR code
Can you process a QR code payment?,pay via QR code
Send 3540 to 9598261481,pay via number
Pay 250 via alice@upi,pay via UPI ID
Make a UPI payment of 2000 to alice@upi,pay via UPI ID
I need my QR code for transactions,show my QR code
Send 500 to alice@upi,pay via UPI ID
Make a payment using QR,pay via QR code
Display my QR code,show my QR code
"Transfer 26997 to Anita Singh, account number 6284165127, IFSC YESB0003344.",bank_transfer
Make a payment using QR,pay via QR code
I need my QR code for transactions,show my QR code
Move ₹5500 within my accounts,pay to self
Make a UPI payment of 750 to emma@paytm,pay via UPI ID
Pay 2000 via john@sbi,pay via UPI ID
Can I transfer ₹5000 to myself?,pay to self
Display my recent transactions,transaction history
I need to see my past transactions,transaction history
Pay using the scanned QR code,pay via QR code
Transfer 1657 via 9176273695,pay via number
Show my QR code for payment,show my QR code
I need to see my past transactions,transaction history
Do a bank transfer.,bank_transfer
Send 3540 to 9598261481,pay via number
Can you fetch my last payments?,transaction history
Transfer 1657 via 9176273695,pay via number
Show my transaction history,transaction history
Send 5727 to IFSC SBIN0001234.,bank_transfer
"Send 20440 to account 9686302372, IFSC SBIN0001234.",bank_transfer
Can you process a QR code payment?,pay via QR code
Show my QR code for payment,show my QR code
Make a UPI payment of 750 to bob@ybl,pay via UPI ID
Pay 1000 via john@sbi,pay via UPI ID
Can you fetch my last payments?,transaction history
Transfer 37722 to Anita Singh.,bank_transfer
Send 32617 to IFSC AXIS0001122.,bank_transfer
Make a payment using QR,pay via QR code
I need my QR code for transactions,show my QR code
Display my QR code,show my QR code
Pay 250 via bob@ybl,pay via UPI ID
"Send money to John Doe, account number 3870827289.",bank_transfer
Pay 750 via alice@upi,pay via UPI ID
"Send 20440 to account 5265416525, IFSC AXIS0001122.",bank_transfer
Pay bill of 463 using 9709787304,pay via number
Pay 1762 to 9621239137,pay via number
Display my recent transactions,transaction history
Make a UPI payment of 250 to bob@ybl,pay via UPI ID
Transfer money to 9640360845,pay via number
Send 1336 INR to 9995276216,pay via number
Display my QR code,show my QR code
Send 3540 to 9598261481,pay via number
Make a payment using QR,pay via QR code
Scan a QR code to pay,pay via QR code
Transfer 1657 via 9176273695,pay via number
Can you fetch my last payments?,transaction history
I need to see my past transactions,transaction history
Make a UPI payment of 500 to emma@paytm,pay via UPI ID
Display my recent transactions,transaction history
Transfer to account 6284165127.,bank_transfer
Display my QR code,show my QR code
I need to see my past transactions,transaction history
Send 500 to john@sbi,pay via UPI ID
Display my QR code,show my QR code
Pay bill of 463 using 9709787304,pay via number
Make a payment using QR,pay via QR code
Transfer to account 9180071527.,bank_transfer
Can you fetch my last payments?,transaction history
Can you fetch my payment QR code?,show my QR code
Send 1336 INR to 9995276216,pay via number
Make a UPI payment of 500 to bob@ybl,pay via UPI ID
Can you pay 1000 to John?,pay via contacts
I need to see my past transactions,transaction history
I need my QR code for transactions,show my QR code
Pay 1000 via john@sbi,pay via UPI ID
Show my QR code for payment,show my QR code
Pay ₹8000 into my own bank,pay to self
Can you process a QR code payment?,pay via QR code
Transfer 250 to John,pay via contacts
Send 1336 INR to 9995276216,pay via number
"Send money to Fatima Begum, account number 8871333370.",bank_transfer
Transfer to account 9180071527.,bank_transfer
Make a payment using QR,pay via QR code
Send 41382 to IFSC PNB0005432.,bank_transfer
Fund 1541 to 9883430417,pay via number
Pay bill of 463 using 9709787304,pay via number
Make a payment using QR,pay via QR code
Can I transfer ₹5000 to myself?,pay to self
Transfer to account 5728856473.,bank_transfer
Can you fetch my payment QR code?,show my QR code
Send 250 to Emma,pay via contacts
Show my transaction history,transaction history
Display my recent transactions,transaction history
Transfer 2000 using john@sbi,pay via UPI ID
Can you process a QR code payment?,pay via QR code
Send 3540 to 9598261481,pay via number
Can you process a QR code payment?,pay via QR code
"Transfer 28532 to Olivia Brown, account number 5265416525, IFSC BOFA0006789.",bank_transfer
Can you process a QR code payment?,pay via QR code
Send 250 to Alice,pay via contacts
Pay bill of 463 using 9709787304,pay via number
I need my QR code for transactions,show my QR code
Scan a QR code to pay,pay via QR code
Can you process a QR code payment?,pay via QR code
I need my QR code for transactions,show my QR code
Can you process a QR code payment?,pay via QR code
"Transfer 48843 to Mei Chen, account number 5728856473, IFSC BOFA0006789.",bank_transfer
Can you fetch my last payments?,transaction history
Can I send ₹2500 to my own account?,pay to self
Can you pay 500 to Emma?,pay via contacts
Can you fetch my last payments?,transaction history
Transfer 750 to John,pay via contacts
Make a payment using QR,pay via QR code
Send 3540 to 9598261481,pay via number
Scan a QR code to pay,pay via QR code
Scan a QR code to pay,pay via QR code
Transfer to account 4284769487.,bank_transfer
Move ₹1000 from checking to savings,pay to self
Make a payment using QR,pay via QR code
Can you fetch my payment QR code?,show my QR code
Transfer 1657 via 9176273695,pay via number
Transfer 5727 to Olivia Brown.,bank_transfer
Make a payment of 1000 to Alice,pay via contacts
I need to see my past transactions,transaction history
Move ₹5500 within my accounts,pay to self
"Send money to John Doe, account number 9446895308.",bank_transfer
Send 3540 to 9598261481,pay via number
Make a payment of 2000 to Bob,pay via contacts
Pay using the scanned QR code,pay via QR code
Add ₹10000 to my secondary account,pay to self
Display my QR code,show my QR code
Do a bank transfer.,bank_transfer
Make a UPI payment of 1000 to john@sbi,pay via UPI ID
Can you process a QR code payment?,pay via QR code
Send 500 to alice@upi,pay via UPI ID
Can you pay 250 to Bob?,pay via contacts
Send 3540 to 9598261481,pay via number
Send 2000 to Bob,pay via contacts
Transfer to account 9628205197.,bank_transfer
Send 500 to Bob,pay via contacts
Can you fetch my last payments?,transaction history
Transfer 250 to Alice,pay via contacts
Show my transaction history,transaction history
Can I transfer ₹5000 to myself?,pay to self
Can you pay 500 to John?,pay via contacts
Show my transaction history,transaction history
Can I transfer ₹5000 to myself?,pay to self
Can you fetch my payment QR code?,show my QR code
Send 20503 to IFSC SBIN0001234.,bank_transfer
Pay 250 via alice@upi,pay via UPI ID
I need to see my past transactions,transaction history
Display my recent transactions,transaction history
Pay 1762 to 9621239137,pay via number
Transfer 1657 via 9176273695,pay via number
Can I send ₹2500 to my own account?,pay to self
Can you process a QR code payment?,pay via QR code
Display my recent transactions,transaction history
Send 1000 to bob@ybl,pay via UPI ID
Transfer 500 using alice@upi,pay via UPI ID
I need my QR code for transactions,show my QR code
Transfer 1657 via 9176273695,pay via number
Show my transaction history,transaction history
Transfer to account 8871333370.,bank_transfer
Can you fetch my last payments?,transaction history
Make a UPI payment of 750 to emma@paytm,pay via UPI ID
Transfer 48486.,bank_transfer
Transfer 1000 to Emma,pay via contacts
Transfer 34700 to David Johnson.,bank_transfer
Transfer 2000 using emma@paytm,pay via UPI ID
Display my QR code,show my QR code
Transfer money to my own account,pay to self
Make a payment of 250 to Bob,pay via contacts
Transfer 2000 to Emma,pay via contacts
Scan a QR code to pay,pay via QR code
Show my QR code for payment,show my QR code
Send 750 to Bob,pay via contacts
Can you fetch my last payments?,transaction history
Add ₹10000 to my secondary account,pay to self
Transfer 500 to Emma,pay via contacts
I need my QR code for transactions,show my QR code
Send 250 to emma@paytm,pay via UPI ID
Transfer 2000 to John,pay via contacts
Make a UPI payment of 500 to bob@ybl,pay via UPI ID
I need to see my past transactions,transaction history
Show my QR code for payment,show my QR code
Transfer money to 9640360845,pay via number
Do a bank transfer.,bank_transfer
Pay 2000 via john@sbi,pay via UPI ID
Make a payment using QR,pay via QR code
Pay bill of 463 using 9709787304,pay via number
Send 250 to alice@upi,pay via UPI ID
Deposit ₹900 into my account from UPI,pay to self
Make a payment using QR,pay via QR code
I need my QR code for transactions,show my QR code
I need to see my past transactions,transaction history
Scan a QR code to pay,pay via QR code
Pay 750 via alice@upi,pay via UPI ID
Display my recent transactions,transaction history
Do a bank transfer.,bank_transfer
Can you fetch my last payments?,transaction history
"Send money to Olivia Brown, account number 4467829142.",bank_transfer
Move ₹1000 from checking to savings,pay to self
Transfer 1657 via 9176273695,pay via number
Send 250 to Emma,pay via contacts
Transfer 1657 via 9176273695,pay via number
Can I transfer ₹5000 to myself?,pay to self
Can you pay 500 to Emma?,pay via contacts
Show my QR code for payment,show my QR code
Scan a QR code to pay,pay via QR code
Send 500 to alice@upi,pay via UPI ID
Display my QR code,show my QR code
Send 500 to Alice,pay via contacts
Move ₹5500 within my accounts,pay to self
Pay 750 via john@sbi,pay via UPI ID
Can you fetch my last payments?,transaction history
Send 500 to john@sbi,pay via UPI ID
I need to move ₹700 to another account of mine,pay to self
Transfer 500 to John,pay via contacts
Display my recent transactions,transaction history
I need to see my past transactions,transaction history
Make a payment of 1000 to Alice,pay via contacts
Can you pay 250 to John?,pay via contacts
Can you fetch my payment QR code?,show my QR code
Make a payment of 250 to Alice,pay via contacts
Fund 1541 to 9883430417,pay via number
Show my transaction history,transaction history
Send 3540 to 9598261481,pay via number
Self-payment of ₹6000,pay to self
Transfer 28532 to Olivia Brown.,bank_transfer
"Transfer 18656 to Fatima Begum, account number 8871333370, IFSC SBIN0001234.",bank_transfer
Fund 1541 to 9883430417,pay via number
Scan a QR code to pay,pay via QR code
Pay bill of 463 using 9709787304,pay via number
Send 3540 to 9598261481,pay via number
Transfer 500 using john@sbi,pay via UPI ID
Can you fetch my last payments?,transaction history
Display my recent transactions,transaction history
Can you process a QR code payment?,pay via QR code
Can you process a QR code payment?,pay via QR code
I need my QR code for transactions,show my QR code
Can you pay 750 to Bob?,pay via contacts
I need to see my past transactions,transaction history
Transfer 1657 via 9176273695,pay via number
Do a bank transfer.,bank_transfer
Make a payment of 250 to John,pay via contacts
Transfer 32617.,bank_transfer
I need to see my past transactions,transaction history
Send 1000 to Bob,pay via contacts
Transfer to account 7036643460.,bank_transfer
Can you pay 500 to Alice?,pay via contacts
I need my QR code for transactions,show my QR code
Make a UPI payment of 2000 to john@sbi,pay via UPI ID
Transfer 1657 via 9176273695,pay via number
Make a payment using QR,pay via QR code
Transfer 1657 via 9176273695,pay via number
Show my transaction history,transaction history
Can I send ₹2500 to my own account?,pay to self
Pay using the scanned QR code,pay via QR code
Transfer 500 to Alice,pay via contacts
Display my QR code,show my QR code
Transfer 26997 to Fatima Begum.,bank_transfer
Show my transaction history,transaction history
Scan a QR code to pay,pay via QR code
I need my QR code for transactions,show my QR code
Scan a QR code to pay,pay via QR code
Do a bank transfer.,bank_transfer
Send 250 to bob@ybl,pay via UPI ID
I need to see my past transactions,transaction history
Pay using the scanned QR code,pay via QR code
Self-transfer ₹1500,pay to self
Send 250 to bob@ybl,pay via UPI ID
Fund transfer to self ₹200,pay to self
Send 1000 to Emma,pay via contacts
Transfer 4867 to John Doe.,bank_transfer
Can you fetch my last payments?,transaction history
Show my QR code for payment,show my QR code
Pay 1762 to 9621239137,pay via number
Scan a QR code to pay,pay via QR code
Move some funds to my personal account,pay to self
Transfer money to 9640360845,pay via number
Display my QR code,show my QR code
I need to see my past transactions,transaction history
Send 250 to john@sbi,pay via UPI ID
Display my QR code,show my QR code
Make a payment of 2000 to Bob,pay via contacts
Send 2000 to John,pay via contacts
Can you fetch my payment QR code?,show my QR code
Do a bank transfer.,bank_transfer
I need to see my past transactions,transaction history
Send 1336 INR to 9995276216,pay via number
Show my QR code for payment,show my QR code
Deposit ₹2000 into my bank account,pay to self
Can you process a QR code payment?,pay via QR code
Transfer 14720.,bank_transfer
Make a payment using QR,pay via QR code
Transfer 500 to Bob,pay via contacts
Transfer 500 to Emma,pay via contacts
I need my QR code for transactions,show my QR code
Transfer 750 to John,pay via contacts
Display my QR code,show my QR code
Transfer 1657 via 9176273695,pay via number
Show my transaction history,transaction history
Can you pay 1000 to John?,pay via contacts
Deposit ₹2000 into my bank account,pay to self
"Send money to Priya Kapoor, account number 9606509765.",bank_transfer
Show my transaction history,transaction history
Make a payment using QR,pay via QR code
Scan a QR code to pay,pay via QR code
Pay using the scanned QR code,pay via QR code
Transfer 4209.,bank_transfer
I need my QR code for transactions,show my QR code
Display my recent transactions,transaction history
I need my QR code for transactions,show my QR code
Scan a QR code to pay,pay via QR code
Deposit ₹2000 into my bank account,pay to self
Make a payment of 750 to Emma,pay via contacts
Can you fetch my last payments?,transaction history
Can I transfer ₹5000 to myself?,pay to self
Make a UPI payment of 500 to bob@ybl,pay via UPI ID
"Send 4209 to account 9628205197, IFSC SBIN0001234.",bank_transfer
"Send 48843 to account 4467829142, IFSC PNB0005432.",bank_transfer
"Send money to John Doe, account number 9180071527.",bank_transfer
Transfer 5727.,bank_transfer
Can you fetch my last payments?,transaction history
Make a payment of 750 to Bob,pay via contacts
Self-transfer ₹1500,pay to self
Send 3540 to 9598261481,pay via number
Send 3540 to 9598261481,pay via number
I need my QR code for transactions,show my QR code
Can you pay 250 to Emma?,pay via contacts
Display my recent transactions,transaction history
Show my transaction history,transaction history
Make a payment of 2000 to John,pay via contacts
"Transfer 48843 to David Johnson, account number 3503310637, IFSC AXIS0001122.",bank_transfer
Move some funds to my personal account,pay to self
"Transfer 18656 to Rahul Sharma, account number 6284165127, IFSC SBIN0001234.",bank_transfer
Can you pay 750 to Alice?,pay via contacts
Make a payment using QR,pay via QR code
I need my QR code for transactions,show my QR code
Can you process a QR code payment?,pay via QR code
Send 1336 INR to 9995276216,pay via number
Transfer to account 4284769487.,bank_transfer
Send 1000 to bob@ybl,pay via UPI ID
I need to see my past transactions,transaction history
Can you fetch my last payments?,transaction history
Can you process a QR code payment?,pay via QR code
Can you pay 500 to Bob?,pay via contacts
Display my QR code,show my QR code
Make a UPI payment of 500 to bob@ybl,pay via UPI ID
Transfer 28532.,bank_transfer
Display my recent transactions,transaction history
Display my recent transactions,transaction history
Transfer 1657 via 9176273695,pay via number
I need my QR code for transactions,show my QR code
Can you fetch my last payments?,transaction history
"Send 18656 to account 9686302372, IFSC BOFA0006789.",bank_transfer
Fund 1541 to 9883430417,pay via number
Can you fetch my last payments?,transaction history
Show my transaction history,transaction history
Show my transaction history,transaction history
Make a payment using QR,pay via QR code
Pay bill of 463 using 9709787304,pay via number
Show my transaction history,transaction history
Transfer 1000 using john@sbi,pay via UPI ID
"Send 37722 to account 9446895308, IFSC BOFA0006789.",bank_transfer
Shift ₹4500 from wallet to bank,pay to self
Deposit ₹2000 into my bank account,pay to self
"Send 4209 to account 5728856473, IFSC PNB0005432.",bank_transfer
Deposit ₹2000 into my bank account,pay to self
Transfer 4209 to John Doe.,bank_transfer
Send 1000 to Bob,pay via contacts
Make a UPI payment of 250 to bob@ybl,pay via UPI ID
Can I transfer ₹5000 to myself?,pay to self
Transfer 5727 to Priya Kapoor.,bank_transfer
Make a payment of 250 to John,pay via contacts
Transfer 31401.,bank_transfer
Can you pay 250 to Emma?,pay via contacts
Send 250 to Emma,pay via contacts
Show my QR code for payment,show my QR code
Can you fetch my last payments?,transaction history
Fund 1541 to 9883430417,pay via number
Can you process a QR code payment?,pay via QR code
Send 1336 INR to 9995276216,pay via number
Transfer 24477 to Akash Nair.,bank_transfer
Make a UPI payment of 750 to john@sbi,pay via UPI ID
Make a payment of 250 to Alice,pay via contacts
Transfer 4209.,bank_transfer
Scan a QR code to pay,pay via QR code
I need to see my past transactions,transaction history
I need my QR code for transactions,show my QR code
Pay 1000 via emma@paytm,pay via UPI ID
Transfer money to 9640360845,pay via number
Display my recent transactions,transaction history
Pay 1000 via john@sbi,pay via UPI ID
Send 48843 to IFSC YESB0003344.,bank_transfer
Can you pay 2000 to Bob?,pay via contacts
Can you fetch my payment QR code?,show my QR code
Can I transfer ₹5000 to myself?,pay to self
Can you fetch my payment QR code?,show my QR code
Can you fetch my payment QR code?,show my QR code
Can you pay 250 to Bob?,pay via contacts
Display my QR code,show my QR code
Make a payment of 750 to John,pay via contacts
Can you process a QR code payment?,pay via QR code
Make a payment using QR,pay via QR code
"Transfer 14720 to Anita Singh, account number 5265416525, IFSC AXIS0001122.",bank_transfer
Make a UPI payment of 500 to bob@ybl,pay via UPI ID
Can I send ₹2500 to my own account?,pay to self
I need my QR code for transactions,show my QR code
I need my QR code for transactions,show my QR code
Transfer 1657 via 9176273695,pay via number
Show my QR code for payment,show my QR code
Show my transaction history,transaction history
Move ₹1000 from checking to savings,pay to self
Can you fetch my last payments?,transaction history
Can you process a QR code payment?,pay via QR code
I need to see my past transactions,transaction history
Transfer 1657 via 9176273695,pay via number
"Send money to John Doe, account number 5728856473.",bank_transfer
Make a UPI payment of 1000 to alice@upi,pay via UPI ID
I need my QR code for transactions,show my QR code
Send 500 to Bob,pay via contacts
Pay bill of 463 using 9709787304,pay via number
Make a payment using QR,pay via QR code
Send 4867 to IFSC AXIS0001122.,bank_transfer
Can you pay 250 to Bob?,pay via contacts
Move ₹5500 within my accounts,pay to self
Pay using the scanned QR code,pay via QR code
I need to see my past transactions,transaction history
Transfer to account 5265416525.,bank_transfer
Send 1000 to emma@paytm,pay via UPI ID
Can you process a QR code payment?,pay via QR code
Can you process a QR code payment?,pay via QR code
Send 3540 to 9598261481,pay via number
Can you pay 1000 to Emma?,pay via contacts
"Transfer 41382 to Olivia Brown, account number 5472871348, IFSC BOFA0006789.",bank_transfer
"Send 37057 to account 9628205197, IFSC PNB0005432.",bank_transfer
Transfer 31401 to Mei Chen.,bank_transfer
Fund transfer to self ₹200,pay to self
Make a payment of 1000 to Alice,pay via contacts
Show my QR code for payment,show my QR code
Move ₹1000 from checking to savings,pay to self
Do a bank transfer.,bank_transfer
Make a payment using QR,pay via QR code
Transfer 750 using john@sbi,pay via UPI ID
Can you pay 750 to Emma?,pay via contacts
Send 500 to Alice,pay via contacts
"Transfer 14720 to David Johnson, account number 9686302372, IFSC YESB0003344.",bank_transfer
Make a UPI payment of 2000 to emma@paytm,pay via UPI ID
Make a UPI payment of 500 to john@sbi,pay via UPI ID
Transfer money to 9640360845,pay via number
Display my recent transactions,transaction history
Can I transfer ₹5000 to myself?,pay to self
Make a payment using QR,pay via QR code
Self-transfer ₹1500,pay to self
Pay using the scanned QR code,pay via QR code
Send 34700 to IFSC BOFA0006789.,bank_transfer
Send 500 to bob@ybl,pay via UPI ID
"Transfer 48843 to John Doe, account number 9686302372, IFSC HDFC0005678.",bank_transfer
Pay bill of 463 using 9709787304,pay via number
Send 3540 to 9598261481,pay via number
Can you fetch my last payments?,transaction history
I need to see my past transactions,transaction history
Send 1000 to Emma,pay via contacts
Show my transaction history,transaction history
Make a UPI payment of 500 to bob@ybl,pay via UPI ID
Send 500 to emma@paytm,pay via UPI ID
I need to see my past transactions,transaction history
Can you pay 1000 to Emma?,pay via contacts
Send 250 to john@sbi,pay via UPI ID
Pay using the scanned QR code,pay via QR code
Can I send ₹2500 to my own account?,pay to self
Make a UPI payment of 750 to alice@upi,pay via UPI ID
Scan a QR code to pay,pay via QR code
Transfer 250 to Alice,pay via contacts
Move some funds to my personal account,pay to self
Make a payment using QR,pay via QR code
Self-payment of ₹6000,pay to self
Make a payment of 1000 to Alice,pay via contacts
Pay 1762 to 9621239137,pay via number
Pay 2000 via john@sbi,pay via UPI ID
Shift ₹4500 from wallet to bank,pay to self
Pay bill of 463 using 9709787304,pay via number
Send 500 to bob@ybl,pay via UPI ID
Pay 1762 to 9621239137,pay via number
Do a bank transfer.,bank_transfer
"Transfer 20503 to John Doe, account number 7036643460, IFSC AXIS0001122.",bank_transfer
Display my QR code,show my QR code
Scan a QR code to pay,pay via QR code
Make a payment of 2000 to John,pay via contacts
Can you pay 1000 to John?,pay via contacts
Make a payment using QR,pay via QR code
Pay using the scanned QR code,pay via QR code
Self-payment of ₹6000,pay to self
I need to see my past transactions,transaction history
Send 1000 to bob@ybl,pay via UPI ID
I need to see my past transactions,transaction history
Display my recent transactions,transaction history
Fund 1541 to 9883430417,pay via number
I need to see my past transactions,transaction history
Transfer 750 to John,pay via contacts
Make a payment using QR,pay via QR code
Make a payment using QR,pay via QR code
Make a UPI payment of 250 to alice@upi,pay via UPI ID
Send 750 to John,pay via contacts
Send 750 to john@sbi,pay via UPI ID
Transfer 1657 via 9176273695,pay via number
Display my QR code,show my QR code
Can you fetch my payment QR code?,show my QR code
Make a payment using QR,pay via QR code
Send 1336 INR to 9995276216,pay via number
Make a payment using QR,pay via QR code
Make a payment using QR,pay via QR code
Show my transaction history,transaction history
Fund transfer to self ₹200,pay to self
Can you process a QR code payment?,pay via QR code
Send 750 to john@sbi,pay via UPI ID
Scan a QR code to pay,pay via QR code
Can you process a QR code payment?,pay via QR code
Make a payment of 750 to Emma,pay via contacts
Shift ₹4000 to my savings,pay to self
Show my QR code for payment,show my QR code
I need my QR code for transactions,show my QR code
Pay 750 via alice@upi,pay via UPI ID
Show my QR code for payment,show my QR code
Can you pay 500 to Emma?,pay via contacts
"Transfer 48843 to Rahul Sharma, account number 6839885968, IFSC ICIC0009876.",bank_transfer
Pay using the scanned QR code,pay via QR code
Show my QR code for payment,show my QR code
Transfer 1000 using john@sbi,pay via UPI ID
Display my recent transactions,transaction history
Can you pay 1000 to Bob?,pay via contacts
Can you process a QR code payment?,pay via QR code
Transfer 4209.,bank_transfer
Send 1336 INR to 9995276216,pay via number
Transfer 28532.,bank_transfer
Pay bill of 463 using 9709787304,pay via number
Can you fetch my last payments?,transaction history
Show my transaction history,transaction history
Make a UPI payment of 2000 to alice@upi,pay via UPI ID
"Transfer 26997 to Anita Singh, account number 6284165127, IFSC YESB0003344.",bank_transfer
Display my QR code,show my QR code
Shift ₹4000 to my savings,pay to self
Show my QR code for payment,show my QR code
Display my recent transactions,transaction history
Show my QR code for payment,show my QR code
Fund 1541 to 9883430417,pay via number
Show my transaction history,transaction history
Pay bill of 463 using 9709787304,pay via number
"Transfer 5727 to Anita Singh, account number 5472871348, IFSC SBIN0001234.",bank_transfer
Make a payment using QR,pay via QR code
Pay ₹8000 into my own bank,pay to self
Can you fetch my last payments?,transaction history
Make a UPI payment of 500 to bob@ybl,pay via UPI ID
Fund 1541 to 9883430417,pay via number
Pay using the scanned QR code,pay via QR code
Transfer to account 5265416525.,bank_transfer
Can I transfer ₹5000 to myself?,pay to self
Show my QR code for payment,show my QR code
Transfer money to 9640360845,pay via number
Send 250 to Bob,pay via contacts
Pay using the scanned QR code,pay via QR code
Transfer 2000 using bob@ybl,pay via UPI ID
Deposit ₹2000 into my bank account,pay to self
Send 1000 to John,pay via contacts
Make a payment using QR,pay via QR code
Can you fetch my last payments?,transaction history
Transfer 250 using bob@ybl,pay via UPI ID
"Send money to Fatima Begum, account number 3870827289.",bank_transfer
Pay 1762 to 9621239137,pay via number
I need my QR code for transactions,show my QR code
Transfer 2000 using john@sbi,pay via UPI ID
Show my QR code for payment,show my QR code
Add ₹10000 to my secondary account,pay to self
Transfer 1657 via 9176273695,pay via number
Move ₹1000 from checking to savings,pay to self
Fund 1541 to 9883430417,pay via number
Deposit ₹900 into my account from UPI,pay to self
Send ₹3500 from my UPI to my own bank,pay to self
Make a payment of 750 to John,pay via contacts
Shift ₹4500 from wallet to bank,pay to self
Send 26997 to IFSC PNB0005432.,bank_transfer
I want to pay myself ₹3000,pay to self
Transfer 2000 using alice@upi,pay via UPI ID
Send 37722 to IFSC AXIS0001122.,bank_transfer
Self-transfer ₹1500,pay to self
Transfer 37722 to Anita Singh.,bank_transfer
Display my QR code,show my QR code
Display my recent transactions,transaction history
Pay 750 via bob@ybl,pay via UPI ID
"Transfer 26997 to Priya Kapoor, account number 4284769487, IFSC YESB0003344.",bank_transfer
Show my transaction history,transaction history
Fund 1541 to 9883430417,pay via number
Send 1336 INR to 9995276216,pay via number
Can you fetch my last payments?,transaction history
Make a payment of 2000 to Alice,pay via contacts
Pay using the scanned QR code,pay via QR code
"Send money to John Doe, account number 5472871348.",bank_transfer
Make a payment of 250 to John,pay via contacts
Pay bill of 463 using 9709787304,pay via number
Pay bill of 463 using 9709787304,pay via number
Fund 1541 to 9883430417,pay via number
Make a payment using QR,pay via QR code
Transfer 750 using bob@ybl,pay via UPI ID
Send 750 to emma@paytm,pay via UPI ID
Display my recent transactions,transaction history
Display my QR code,show my QR code
I need my QR code for transactions,show my QR code
Make a UPI payment of 2000 to john@sbi,pay via UPI ID
Display my recent transactions,transaction history
Send 2000 to Emma,pay via contacts
I need to move ₹700 to another account of mine,pay to self
Show my QR code for payment,show my QR code
Transfer 750 to Alice,pay via contacts
Make a payment using QR,pay via QR code
Send 3540 to 9598261481,pay via number
Self-transfer ₹1500,pay to self
Can you fetch my payment QR code?,show my QR code
Make a payment of 500 to John,pay via contacts
Fund 1541 to 9883430417,pay via number
Show my QR code for payment,show my QR code
Pay 500 via emma@paytm,pay via UPI ID
I need to see my past transactions,transaction history
I need to see my past transactions,transaction history
Transfer 37057.,bank_transfer
Pay ₹8000 into my own bank,pay to self
Pay 500 via bob@ybl,pay via UPI ID
Send 1336 INR to 9995276216,pay via number
Transfer 4867 to John Doe.,bank_transfer
Transfer 750 to Alice,pay via contacts
"Transfer 37722 to Mei Chen, account number 4284769487, IFSC SBIN0001234.",bank_transfer
Transfer 31401.,bank_transfer
Can you fetch my payment QR code?,show my QR code
Can you process a QR code payment?,pay via QR code
Can you pay 250 to Emma?,pay via contacts
Show my transaction history,transaction history
Send 3540 to 9598261481,pay via number
Make a payment using QR,pay via QR code
Fund transfer to self ₹200,pay to self
Add ₹100 to my digital wallet,pay to self
Send 1000 to Emma,pay via contacts
Fund 1541 to 9883430417,pay via number
Show my transaction history,transaction history
Show my QR code for payment,show my QR code
Show my transaction history,transaction history
Move some funds to my personal account,pay to self
Display my QR code,show my QR code
Transfer 5727.,bank_transfer
Display my recent transactions,transaction history
Transfer 500 to Alice,pay via contacts
I need my QR code for transactions,show my QR code
Display my recent transactions,transaction history
Display my recent transactions,transaction history
Show my transaction history,transaction history
Send 250 to bob@ybl,pay via UPI ID
Send 1336 INR to 9995276216,pay via number
Show my transaction history,transaction history
Deposit ₹900 into my account from UPI,pay to self
Transfer 24477.,bank_transfer
Can you pay 250 to Alice?,pay via contacts
Transfer money to 9640360845,pay via number
Send 24477 to IFSC BOFA0006789.,bank_transfer
Pay 250 via alice@upi,pay via UPI ID
I need my QR code for transactions,show my QR code
Add ₹10000 to my secondary account,pay to self
Shift ₹4500 from wallet to bank,pay to self
Pay bill of 463 using 9709787304,pay via number
Make a payment using QR,pay via QR code
Pay bill of 463 using 9709787304,pay via number
Move ₹1000 from checking to savings,pay to self
Send 3540 to 9598261481,pay via number
Pay 750 via alice@upi,pay via UPI ID
Transfer 750 using alice@upi,pay via UPI ID
"Send money to Olivia Brown, account number 9686302372.",bank_transfer
Scan a QR code to pay,pay via QR code
Show my QR code for payment,show my QR code
"Send money to Rahul Sharma, account number 4284769487.",bank_transfer
Make a payment of 500 to Emma,pay via contacts
Send 3540 to 9598261481,pay via number
Make a payment of 2000 to Alice,pay via contacts
Move ₹1000 from checking to savings,pay to self
Transfer 24357.,bank_transfer
Make a UPI payment of 750 to alice@upi,pay via UPI ID
Transfer 750 to John,pay via contacts
Display my QR code,show my QR code
"Send money to Olivia Brown, account number 2761635476.",bank_transfer
Make a UPI payment of 2000 to john@sbi,pay via UPI ID
Make a payment of 500 to Emma,pay via contacts
"Send 14720 to account 2761635476, IFSC SBIN0001234.",bank_transfer
Show my QR code for payment,show my QR code
Transfer 32617.,bank_transfer
Can you fetch my last payments?,transaction history
Send 250 to alice@upi,pay via UPI ID
Transfer 500 to John,pay via contacts
Transfer 31401 to Priya Kapoor.,bank_transfer
Move ₹5500 within my accounts,pay to self
Make a payment of 750 to Emma,pay via contacts
Send ₹3500 from my UPI to my own bank,pay to self
Show my transaction history,transaction history
Make a UPI payment of 2000 to john@sbi,pay via UPI ID
Transfer money to 9640360845,pay via number
I need to see my past transactions,transaction history
Can you pay 750 to John?,pay via contacts
Pay 1762 to 9621239137,pay via number
Transfer 1657 via 9176273695,pay via number
Pay using the scanned QR code,pay via QR code
I want to pay myself ₹3000,pay to self
Transfer money to 9640360845,pay via number
Display my QR code,show my QR code
"Transfer 37722 to Akash Nair, account number 6284165127, IFSC AXIS0001122.",bank_transfer
Scan a QR code to pay,pay via QR code
Make a payment using QR,pay via QR code
I need my QR code for transactions,show my QR code
Transfer money to 9640360845,pay via number
"Send 37722 to account 9606509765, IFSC YESB0003344.",bank_transfer
Pay 1762 to 9621239137,pay via number
Transfer to account 5728856473.,bank_transfer
Pay 500 via bob@ybl,pay via UPI ID
Can you pay 500 to Bob?,pay via contacts
Can you pay 750 to Bob?,pay via contacts
Send 750 to Emma,pay via contacts
Show my QR code for payment,show my QR code
Can you process a QR code payment?,pay via QR code
Move some funds to my personal account,pay to self
Can you fetch my last payments?,transaction history
Pay using the scanned QR code,pay via QR code
Send 1000 to emma@paytm,pay via UPI ID
Transfer 18656.,bank_transfer
Show my QR code for payment,show my QR code
Transfer money to 9640360845,pay via number
Transfer money to my own account,pay to self
Send 1336 INR to 9995276216,pay via number
"Transfer 20440 to Olivia Brown, account number 9180071527, IFSC ICIC0009876.",bank_transfer
Transfer 1657 via 9176273695,pay via number
I need my QR code for transactions,show my QR code
I need to move ₹700 to another account of mine,pay to self
Make a payment using QR,pay via QR code
Show my transaction history,transaction history
Transfer 750 to Emma,pay via contacts
Send 3540 to 9598261481,pay via number
Send 2000 to alice@upi,pay via UPI ID
Send ₹3500 from my UPI to my own bank,pay to self
Can you process a QR code payment?,pay via QR code
Pay using the scanned QR code,pay via QR code
Can I send ₹2500 to my own account?,pay to self
Show my QR code for payment,show my QR code
Make a UPI payment of 1000 to emma@paytm,pay via UPI ID
Pay 1762 to 9621239137,pay via number
Transfer 2000 to Emma,pay via contacts
Pay bill of 463 using 9709787304,pay via number
Pay 1000 via emma@paytm,pay via UPI ID
Make a UPI payment of 2000 to emma@paytm,pay via UPI ID
Make a payment of 750 to John,pay via contacts
Show my QR code for payment,show my QR code
Make a payment using QR,pay via QR code
I need my QR code for transactions,show my QR code
Transfer 1000 to Emma,pay via contacts
Can you fetch my payment QR code?,show my QR code
Self-transfer ₹1500,pay to self
Send 1000 to alice@upi,pay via UPI ID
Transfer money to 9640360845,pay via number
Send 1336 INR to 9995276216,pay via number
Send 31401 to IFSC HDFC0005678.,bank_transfer
Pay bill of 463 using 9709787304,pay via number
I need my QR code for transactions,show my QR code
Transfer money to my own account,pay to self
Can you fetch my payment QR code?,show my QR code
Pay 1762 to 9621239137,pay via number
Deposit ₹2000 into my bank account,pay to self
"Send money to Rahul Sharma, account number 8362678849.",bank_transfer
Can I send ₹2500 to my own account?,pay to self
Can you fetch my last payments?,transaction history
Send 250 to Alice,pay via contacts
Can you fetch my payment QR code?,show my QR code
Can you fetch my payment QR code?,show my QR code
Transfer 2000 using alice@upi,pay via UPI ID
Shift ₹4500 from wallet to bank,pay to self
"Send money to David Johnson, account number 3075005585.",bank_transfer
Transfer 1657 via 9176273695,pay via number
Make a payment of 2000 to Alice,pay via contacts
Pay using the scanned QR code,pay via QR code
Transfer 1657 via 9176273695,pay via number
Show my QR code for payment,show my QR code
Display my QR code,show my QR code
Can you pay 250 to Bob?,pay via contacts
Display my QR code,show my QR code
Transfer money to my own account,pay to self
Display my QR code,show my QR code
Show my QR code for payment,show my QR code
Self-transfer ₹1500,pay to self
Scan a QR code to pay,pay via QR code
I need to see my past transactions,transaction history
Display my QR code,show my QR code
Do a bank transfer.,bank_transfer
Make a UPI payment of 500 to alice@upi,pay via UPI ID
Send 750 to alice@upi,pay via UPI ID
"Send 26997 to account 8871333370, IFSC PNB0005432.",bank_transfer
Make a payment of 250 to Bob,pay via contacts
Send 1000 to emma@paytm,pay via UPI ID
Transfer 1000 to Alice,pay via contacts
Pay 2000 via emma@paytm,pay via UPI ID
Make a UPI payment of 750 to alice@upi,pay via UPI ID
Transfer money to 9640360845,pay via number
Show my transaction history,transaction history
Display my QR code,show my QR code
Transfer money to 9640360845,pay via number
Transfer 2000 to Emma,pay via contacts
Scan a QR code to pay,pay via QR code
Pay using the scanned QR code,pay via QR code
Send 250 to John,pay via contacts
Send 2000 to Emma,pay via contacts
Make a UPI payment of 1000 to emma@paytm,pay via UPI ID
"Transfer 4209 to Priya Kapoor, account number 2761635476, IFSC BOFA0006789.",bank_transfer
Scan a QR code to pay,pay via QR code
Send 1000 to bob@ybl,pay via UPI ID
Can you process a QR code payment?,pay via QR code
"Send 37057 to account 4284769487, IFSC AXIS0001122.",bank_transfer
Transfer 48843 to Akash Nair.,bank_transfer
Send 750 to Emma,pay via contacts
Make a payment of 250 to Bob,pay via contacts
Transfer money to my own account,pay to self
Can you fetch my payment QR code?,show my QR code
Fund 1541 to 9883430417,pay via number
Pay using the scanned QR code,pay via QR code
Can you process a QR code payment?,pay via QR code
Transfer money to my own account,pay to self
"Send money to Olivia Brown, account number 6839885968.",bank_transfer
Self-payment of ₹6000,pay to self
Transfer to account 5265416525.,bank_transfer
Transfer 1657 via 9176273695,pay via number
Can you process a QR code payment?,pay via QR code
Make a payment of 2000 to John,pay via contacts
Can you fetch my payment QR code?,show my QR code
Shift ₹4500 from wallet to bank,pay to self
Display my QR code,show my QR code
Make a UPI payment of 1000 to bob@ybl,pay via UPI ID
Transfer money to my own account,pay to self
Show my transaction history,transaction history
Scan a QR code to pay,pay via QR code
Transfer 750 to Emma,pay via contacts
Scan a QR code to pay,pay via QR code
Transfer 32617 to Carlos Silva.,bank_transfer
Transfer money to 9640360845,pay via number
Pay 1762 to 9621239137,pay via number
Make a payment using QR,pay via QR code
Fund transfer to self ₹200,pay to self
"Send money to Olivia Brown, account number 4467829142.",bank_transfer
Can you fetch my payment QR code?,show my QR code
Send 1336 INR to 9995276216,pay via number
Send 250 to john@sbi,pay via UPI ID
I need my QR code for transactions,show my QR code
Can I transfer ₹5000 to myself?,pay to self
Make a payment of 1000 to Emma,pay via contacts
Transfer 500 using john@sbi,pay via UPI ID
I need to see my past transactions,transaction history
Can you fetch my last payments?,transaction history
Make a payment of 500 to John,pay via contacts
Can you fetch my payment QR code?,show my QR code
Send 500 to bob@ybl,pay via UPI ID
Show my QR code for payment,show my QR code
Send 3540 to 9598261481,pay via number
Do a bank transfer.,bank_transfer
Pay bill of 463 using 9709787304,pay via number
I need to see my past transactions,transaction history
Add ₹100 to my digital wallet,pay to self
Make a payment of 750 to Bob,pay via contacts
Transfer money to my own account,pay to self
Make a UPI payment of 250 to emma@paytm,pay via UPI ID
Send 250 to john@sbi,pay via UPI ID
I need to see my past transactions,transaction history
Scan a QR code to pay,pay via QR code
Show my QR code for payment,show my QR code
Send 2000 to Emma,pay via contacts
Pay using the scanned QR code,pay via QR code
Make a UPI payment of 750 to alice@upi,pay via UPI ID
"Send 24357 to account 5728856473, IFSC BOFA0006789.",bank_transfer
Pay 750 via john@sbi,pay via UPI ID
Show my transaction history,transaction history
Deposit ₹2000 into my bank account,pay to self
Transfer money to 9640360845,pay via number
Show my transaction history,transaction history
"Send 4867 to account 6839885968, IFSC SBIN0001234.",bank_transfer
Make a payment of 1000 to John,pay via contacts
Show my transaction history,transaction history
Send 37057 to IFSC SBIN0001234.,bank_transfer
Transfer 1000 using john@sbi,pay via UPI ID
Transfer 1657 via 9176273695,pay via number
Make a payment of 750 to John,pay via contacts
Pay bill of 463 using 9709787304,pay via number
Send 1336 INR to 9995276216,pay via number
Move ₹1000 from checking to savings,pay to self
Make a UPI payment of 750 to alice@upi,pay via UPI ID
Pay 500 via john@sbi,pay via UPI ID
Pay 250 via alice@upi,pay via UPI ID
Send 28532 to IFSC PNB0005432.,bank_transfer
Can you process a QR code payment?,pay via QR code
Pay using the scanned QR code,pay via QR code
Show my QR code for payment,show my QR code
I need my QR code for transactions,show my QR code
Deposit ₹2000 into my bank account,pay to self
Transfer 2000 to John,pay via contacts
Scan a QR code to pay,pay via QR code
Pay using the scanned QR code,pay via QR code
I need my QR code for transactions,show my QR code
Transfer 24357 to Rahul Sharma.,bank_transfer
Send 500 to john@sbi,pay via UPI ID
Transfer money to 9640360845,pay via number
Send 250 to Alice,pay via contacts
Transfer 1000 to Emma,pay via contacts
I need my QR code for transactions,show my QR code
Transfer to account 4284769487.,bank_transfer
Transfer money to my own account,pay to self
Can you fetch my last payments?,transaction history
Pay 1000 via alice@upi,pay via UPI ID
Send 750 to alice@upi,pay via UPI ID
Send 1336 INR to 9995276216,pay via number
Pay 1000 via alice@upi,pay via UPI ID
Can you pay 250 to John?,pay via contacts
Display my QR code,show my QR code
"Send money to Fatima Begum, account number 9606509765.",bank_transfer
Send 250 to Alice,pay via contacts
Can you fetch my payment QR code?,show my QR code
Make a payment using QR,pay via QR code
Can you fetch my payment QR code?,show my QR code
I need to see my past transactions,transaction history
Transfer 1000 to Alice,pay via contacts
Scan a QR code to pay,pay via QR code
Can you process a QR code payment?,pay via QR code
Transfer 250 using bob@ybl,pay via UPI ID
Scan a QR code to pay,pay via QR code
Pay 1000 via bob@ybl,pay via UPI ID
Make a payment of 2000 to Alice,pay via contacts
I need my QR code for transactions,show my QR code
Pay 750 via alice@upi,pay via UPI ID
Pay 1762 to 9621239137,pay via number
Fund 1541 to 9883430417,pay via number
Display my recent transactions,transaction history
Send 250 to Emma,pay via contacts
Can you fetch my payment QR code?,show my QR code
Make a payment of 1000 to John,pay via contacts
Can you pay 750 to Emma?,pay via contacts
Transfer 1657 via 9176273695,pay via number
Scan a QR code to pay,pay via QR code
I need to see my past transactions,transaction history
Do a bank transfer.,bank_transfer
Pay 1000 via emma@paytm,pay via UPI ID
Send 1000 to Emma,pay via contacts
Transfer money to 9640360845,pay via number
Transfer 14720 to Priya Kapoor.,bank_transfer
I need to see my past transactions,transaction history
I need to see my past transactions,transaction history
Send 750 to john@sbi,pay via UPI ID
I need my QR code for transactions,show my QR code
Pay ₹8000 into my own bank,pay to self
Show my QR code for payment,show my QR code
"Send money to Fatima Begum, account number 6839885968.",bank_transfer
Transfer 18656.,bank_transfer
Transfer 2000 to Bob,pay via contacts
Transfer 1657 via 9176273695,pay via number
Display my recent transactions,transaction history
Send 41382 to IFSC BOFA0006789.,bank_transfer
Send 2000 to Alice,pay via contacts
I need to see my past transactions,transaction history
Do a bank transfer.,bank_transfer
Transfer to account 9446895308.,bank_transfer
Transfer 18656.,bank_transfer
Pay 1762 to 9621239137,pay via number
Transfer money to 9640360845,pay via number
Display my recent transactions,transaction history
Can you fetch my payment QR code?,show my QR code
Transfer money to my own account,pay to self
"Send 31401 to account 3870827289, IFSC PNB0005432.",bank_transfer
Show my transaction history,transaction history
Can you fetch my last payments?,transaction history
I need my QR code for transactions,show my QR code
Transfer money to my own account,pay to self
Display my QR code,show my QR code
Send 1336 INR to 9995276216,pay via number
Pay 500 via bob@ybl,pay via UPI ID
Scan a QR code to pay,pay via QR code
I need my QR code for transactions,show my QR code
Transfer 37722.,bank_transfer
Transfer 1000 to Emma,pay via contacts
Transfer money to 9640360845,pay via number
Show my QR code for payment,show my QR code
Display my QR code,show my QR code
Send 5727 to IFSC HDFC0005678.,bank_transfer
Send 500 to Alice,pay via contacts
I need my QR code for transactions,show my QR code
Make a payment of 750 to Bob,pay via contacts
Send 2000 to John,pay via contacts
I need to see my past transactions,transaction history
Can you process a QR code payment?,pay via QR code
Pay 500 via emma@paytm,pay via UPI ID
Make a UPI payment of 500 to bob@ybl,pay via UPI ID
Pay 1762 to 9621239137,pay via number
Transfer 1000 using john@sbi,pay via UPI ID
Make a payment using QR,pay via QR code
Display my recent transactions,transaction history
Transfer 750 to Bob,pay via contacts
I need to see my past transactions,transaction history
Can you pay 500 to John?,pay via contacts
Add ₹100 to my digital wallet,pay to self
Display my QR code,show my QR code
I need to see my past transactions,transaction history
Make a payment of 250 to John,pay via contacts
Fund 1541 to 9883430417,pay via number
"Send 34700 to account 9606509765, IFSC BOFA0006789.",bank_transfer
Make a payment using QR,pay via QR code
Display my recent transactions,transaction history
Scan a QR code to pay,pay via QR code
Make a payment using QR,pay via QR code
Pay using the scanned QR code,pay via QR code
Scan a QR code to pay,pay via QR code
I need my QR code for transactions,show my QR code
Transfer 32617 to Akash Nair.,bank_transfer
Transfer to account 4467829142.,bank_transfer
Transfer to account 9180071527.,bank_transfer
Scan a QR code to pay,pay via QR code
"Send money to Anita Singh, account number 2761635476.",bank_transfer
I need to see my past transactions,transaction history
Fund 1541 to 9883430417,pay via number
Pay ₹8000 into my own bank,pay to self
Pay 2000 via alice@upi,pay via UPI ID
Transfer 250 using bob@ybl,pay via UPI ID
Transfer 750 to Bob,pay via contacts
Can you fetch my payment QR code?,show my QR code
Can you fetch my last payments?,transaction history
Transfer 750 to Alice,pay via contacts
Fund 1541 to 9883430417,pay via number
Send 3540 to 9598261481,pay via number
Transfer 500 to Alice,pay via contacts
Transfer 500 using john@sbi,pay via UPI ID
Make a payment of 1000 to John,pay via contacts
Transfer 1657 via 9176273695,pay via number
Shift ₹4500 from wallet to bank,pay to self
Shift ₹4500 from wallet to bank,pay to self
Pay 1762 to 9621239137,pay via number
Can you pay 500 to Bob?,pay via contacts
I need to see my past transactions,transaction history
Can I transfer ₹5000 to myself?,pay to self
Show my transaction history,transaction history
"Send money to Mei Chen, account number 5265416525.",bank_transfer
Display my recent transactions,transaction history
Display my QR code,show my QR code
Send 2000 to bob@ybl,pay via UPI ID
Scan a QR code to pay,pay via QR code
I need to see my past transactions,transaction history
Pay using the scanned QR code,pay via QR code
Can you fetch my payment QR code?,show my QR code
Transfer 250 using bob@ybl,pay via UPI ID
Send ₹500 to my savings account,pay to self
Pay using the scanned QR code,pay via QR code
I need to move ₹700 to another account of mine,pay to self
Can you fetch my payment QR code?,show my QR code
Shift ₹4500 from wallet to bank,pay to self
Add ₹100 to my digital wallet,pay to self
"Transfer 34700 to Mei Chen, account number 8871333370, IFSC BOFA0006789.",bank_transfer
Deposit ₹2000 into my bank account,pay to self
Scan a QR code to pay,pay via QR code
Can you pay 2000 to Emma?,pay via contacts
Send 1336 INR to 9995276216,pay via number
I need to see my past transactions,transaction history
Pay 500 via alice@upi,pay via UPI ID
Send 4867 to IFSC HDFC0005678.,bank_transfer
Can I send ₹2500 to my own account?,pay to self
Fund 1541 to 9883430417,pay via number
Can you process a QR code payment?,pay via QR code
Fund transfer to self ₹200,pay to self
Can you fetch my last payments?,transaction history
Can you process a QR code payment?,pay via QR code
Send 24477 to IFSC YESB0003344.,bank_transfer
Display my recent transactions,transaction history
Transfer 500 using emma@paytm,pay via UPI ID
Transfer to account 9446895308.,bank_transfer
Transfer 750 using alice@upi,pay via UPI ID
Make a UPI payment of 1000 to bob@ybl,pay via UPI ID
Show my QR code for payment,show my QR code
"Transfer 4209 to Anita Singh, account number 9180071527, IFSC ICIC0009876.",bank_transfer
Shift ₹4000 to my savings,pay to self
Send 3540 to 9598261481,pay via number
Pay 1000 via bob@ybl,pay via UPI ID
Make a payment of 250 to John,pay via contacts
I need to see my past transactions,transaction history
Send 24477 to IFSC SBIN0001234.,bank_transfer
Scan a QR code to pay,pay via QR code
Show my QR code for payment,show my QR code
Deposit ₹900 into my account from UPI,pay to self
Make a payment using QR,pay via QR code
Display my QR code,show my QR code
Can you fetch my last payments?,transaction history
Display my recent transactions,transaction history
Can you fetch my last payments?,transaction history
Deposit ₹2000 into my bank account,pay to self
Display my recent transactions,transaction history
"Send money to Priya Kapoor, account number 8362678849.",bank_transfer
Pay bill of 463 using 9709787304,pay via number
Can you process a QR code payment?,pay via QR code
Pay bill of 463 using 9709787304,pay via number
Can you pay 750 to Alice?,pay via contacts
Transfer 1657 via 9176273695,pay via number
Show my QR code for payment,show my QR code
Make a UPI payment of 250 to alice@upi,pay via UPI ID
I need to move ₹700 to another account of mine,pay to self
Do a bank transfer.,bank_transfer
Scan a QR code to pay,pay via QR code
Fund transfer to self ₹200,pay to self
Can you fetch my last payments?,transaction history
Send 28532 to IFSC HDFC0005678.,bank_transfer
Transfer 1000 to Emma,pay via contacts
Transfer to account 6839885968.,bank_transfer
Display my recent transactions,transaction history
Fund 1541 to 9883430417,pay via number
Show my transaction history,transaction history
Can you fetch my last payments?,transaction history
Transfer 48843 to Olivia Brown.,bank_transfer
Pay bill of 463 using 9709787304,pay via number
Show my transaction history,transaction history
Can you fetch my payment QR code?,show my QR code
Pay using the scanned QR code,pay via QR code
Show my QR code for payment,show my QR code
Self-transfer ₹1500,pay to self
Move ₹1000 from checking to savings,pay to self
Can you fetch my last payments?,transaction history
Display my QR code,show my QR code
Show my transaction history,transaction history
Deposit ₹2000 into my bank account,pay to self
Can you fetch my payment QR code?,show my QR code
Can you fetch my last payments?,transaction history
Can you pay 2000 to Alice?,pay via contacts
Move some funds to my personal account,pay to self
Make a payment using QR,pay via QR code
Show my transaction history,transaction history
Scan a QR code to pay,pay via QR code
Show my transaction history,transaction history
Pay 500 via john@sbi,pay via UPI ID
Send ₹3500 from my UPI to my own bank,pay to self
I need my QR code for transactions,show my QR code
Display my recent transactions,transaction history
Make a payment of 500 to Emma,pay via contacts
Transfer 1000 using emma@paytm,pay via UPI ID
Transfer 750 using bob@ybl,pay via UPI ID
Send 1000 to alice@upi,pay via UPI ID
Show my QR code for payment,show my QR code
Can I send ₹2500 to my own account?,pay to self
I need to see my past transactions,transaction history
Make a UPI payment of 2000 to alice@upi,pay via UPI ID
Make a UPI payment of 250 to alice@upi,pay via UPI ID
Pay using the scanned QR code,pay via QR code
Show my transaction history,transaction history
Shift ₹4000 to my savings,pay to self
Show my QR code for payment,show my QR code
Transfer 250 to John,pay via contacts
I need to see my past transactions,transaction history
I want to pay myself ₹3000,pay to self
Transfer 250 to Emma,pay via contacts
Can you pay 750 to Emma?,pay via contacts
Make a payment of 250 to Emma,pay via contacts
Can I send ₹2500 to my own account?,pay to self
Move ₹1000 from checking to savings,pay to self
Can you fetch my payment QR code?,show my QR code
Transfer 250 using emma@paytm,pay via UPI ID
Send 3540 to 9598261481,pay via number
"Transfer 4209 to Mei Chen, account number 6284165127, IFSC HDFC0005678.",bank_transfer
Transfer 250 to Emma,pay via contacts
Make a UPI payment of 750 to emma@paytm,pay via UPI ID
I need my QR code for transactions,show my QR code
Display my recent transactions,transaction history
I need my QR code for transactions,show my QR code
"Send money to Anita Singh, account number 2761635476.",bank_transfer
Shift ₹4500 from wallet to bank,pay to self
Send 1000 to bob@ybl,pay via UPI ID
Send 500 to john@sbi,pay via UPI ID
Pay 1762 to 9621239137,pay via number
Can you fetch my payment QR code?,show my QR code
I need my QR code for transactions,show my QR code
Send 2000 to alice@upi,pay via UPI ID
Can you process a QR code payment?,pay via QR code
Send 3540 to 9598261481,pay via number
I need to see my past transactions,transaction history
Pay using the scanned QR code,pay via QR code
Transfer 37057.,bank_transfer
Make a payment using QR,pay via QR code
Can you fetch my payment QR code?,show my QR code
Send ₹3500 from my UPI to my own bank,pay to self
Scan a QR code to pay,pay via QR code
Can I send ₹2500 to my own account?,pay to self
Transfer 1000 using emma@paytm,pay via UPI ID
Scan a QR code to pay,pay via QR code
Send 2000 to bob@ybl,pay via UPI ID
Make a UPI payment of 250 to emma@paytm,pay via UPI ID
Send 2000 to Alice,pay via contacts
Pay 2000 via bob@ybl,pay via UPI ID
Transfer 1000 using john@sbi,pay via UPI ID
Transfer 28532.,bank_transfer
Can you process a QR code payment?,pay via QR code
Display my QR code,show my QR code
Scan a QR code to pay,pay via QR code
Show my QR code for payment,show my QR code
Can you fetch my last payments?,transaction history
Can you fetch my payment QR code?,show my QR code
Can you fetch my last payments?,transaction history
Make a payment of 750 to John,pay via contacts
Make a payment of 1000 to John,pay via contacts
Can you fetch my payment QR code?,show my QR code
Can you fetch my last payments?,transaction history
Send 500 to john@sbi,pay via UPI ID
Can you process a QR code payment?,pay via QR code
"Transfer 31401 to Rahul Sharma, account number 8871333370, IFSC ICIC0009876.",bank_transfer
Pay 1000 via john@sbi,pay via UPI ID
Send ₹3500 from my UPI to my own bank,pay to self
Transfer 750 to Bob,pay via contacts
"Send money to Anita Singh, account number 4284769487.",bank_transfer
Display my QR code,show my QR code
Send 1336 INR to 9995276216,pay via number
Do a bank transfer.,bank_transfer
Transfer 2000 to Emma,pay via contacts
Show my QR code for payment,show my QR code
I need my QR code for transactions,show my QR code
Can you fetch my payment QR code?,show my QR code
Make a payment of 500 to Alice,pay via contacts
"Transfer 18656 to David Johnson, account number 3503310637, IFSC PNB0005432.",bank_transfer
Pay bill of 463 using 9709787304,pay via number
Can I send ₹2500 to my own account?,pay to self
Pay 1762 to 9621239137,pay via number
Send 2000 to bob@ybl,pay via UPI ID
Make a UPI payment of 750 to emma@paytm,pay via UPI ID
Pay 750 via bob@ybl,pay via UPI ID
Shift ₹4500 from wallet to bank,pay to self
Can you fetch my payment QR code?,show my QR code
Deposit ₹2000 into my bank account,pay to self
Show my transaction history,transaction history
Pay 500 via john@sbi,pay via UPI ID
Transfer 24357 to John Doe.,bank_transfer
Send 1336 INR to 9995276216,pay via number
Transfer 500 using john@sbi,pay via UPI ID
Show my QR code for payment,show my QR code
Send 2000 to Bob,pay via contacts
Make a UPI payment of 500 to bob@ybl,pay via UPI ID
Pay bill of 463 using 9709787304,pay via number
Can you pay 2000 to John?,pay via contacts
"Send 24357 to account 9606509765, IFSC AXIS0001122.",bank_transfer
"Send money to Akash Nair, account number 9628205197.",bank_transfer
Send 750 to bob@ybl,pay via UPI ID
Transfer money to 9640360845,pay via number
Display my QR code,show my QR code
Show my QR code for payment,show my QR code
Show my transaction history,transaction history
Transfer 1657 via 9176273695,pay via number
Transfer 1657 via 9176273695,pay via number
Send 250 to alice@upi,pay via UPI ID
Transfer to account 5265416525.,bank_transfer
Show my QR code for payment,show my QR code
Can I transfer ₹5000 to myself?,pay to self
Send 750 to alice@upi,pay via UPI ID
"Transfer 48843 to Olivia Brown, account number 5472871348, IFSC SBIN0001234.",bank_transfer
Pay bill of 463 using 9709787304,pay via number
Transfer 1657 via 9176273695,pay via number
Scan a QR code to pay,pay via QR code
Display my recent transactions,transaction history
Can I transfer ₹5000 to myself?,pay to self
I need my QR code for transactions,show my QR code
Show my transaction history,transaction history
Can you process a QR code payment?,pay via QR code
Shift ₹4000 to my savings,pay to self
Pay 1762 to 9621239137,pay via number
Make a UPI payment of 2000 to emma@paytm,pay via UPI ID
Pay bill of 463 using 9709787304,pay via number
Display my QR code,show my QR code
Transfer 750 using john@sbi,pay via UPI ID
I need to move ₹700 to another account of mine,pay to self
Send 1336 INR to 9995276216,pay via number
Pay 2000 via john@sbi,pay via UPI ID
"Send 37722 to account 3870827289, IFSC AXIS0001122.",bank_transfer
Can you process a QR code payment?,pay via QR code
Show my transaction history,transaction history
Move ₹5500 within my accounts,pay to self
Send 750 to Alice,pay via contacts
Add ₹10000 to my secondary account,pay to self
Self-payment of ₹6000,pay to self
Can you fetch my payment QR code?,show my QR code
Can you process a QR code payment?,pay via QR code
Transfer 48486.,bank_transfer
Shift ₹4500 from wallet to bank,pay to self
Show my transaction history,transaction history
Can you fetch my payment QR code?,show my QR code
Display my recent transactions,transaction history
Transfer 31401.,bank_transfer
Can I send ₹2500 to my own account?,pay to self
Pay 1762 to 9621239137,pay via number
Make a payment of 2000 to Emma,pay via contacts
Move ₹1000 from checking to savings,pay to self
Can you pay 2000 to Emma?,pay via contacts
Send 31401 to IFSC SBIN0001234.,bank_transfer
I need my QR code for transactions,show my QR code
Transfer money to 9640360845,pay via number
Send 1000 to Alice,pay via contacts
Show my transaction history,transaction history
Transfer to account 6839885968.,bank_transfer
Show my transaction history,transaction history
Show my QR code for payment,show my QR code
Self-transfer ₹1500,pay to self
Pay 250 via alice@upi,pay via UPI ID
Transfer 1000 to John,pay via contacts
Pay using the scanned QR code,pay via QR code
Make a UPI payment of 500 to emma@paytm,pay via UPI ID
I need to see my past transactions,transaction history
Display my recent transactions,transaction history
Move some funds to my personal account,pay to self
Show my QR code for payment,show my QR code
Can you process a QR code payment?,pay via QR code
Move some funds to my personal account,pay to self
I need to move ₹700 to another account of mine,pay to self
Send 250 to Alice,pay via contacts
Can you fetch my payment QR code?,show my QR code
Transfer 750 using bob@ybl,pay via UPI ID
Pay 1000 via emma@paytm,pay via UPI ID
Deposit ₹2000 into my bank account,pay to self
Send 3540 to 9598261481,pay via number
Pay 500 via alice@upi,pay via UPI ID
Display my recent transactions,transaction history
Show my transaction history,transaction history
Send 1336 INR to 9995276216,pay via number
Show my QR code for payment,show my QR code
Display my QR code,show my QR code
Scan a QR code to pay,pay via QR code
I need to move ₹700 to another account of mine,pay to self
Transfer 500 to John,pay via contacts
Display my recent transactions,transaction history
"Send money to Mei Chen, account number 9686302372.",bank_transfer
Transfer 500 to John,pay via contacts
Can you pay 1000 to John?,pay via contacts
Transfer 500 to John,pay via contacts
Pay using the scanned QR code,pay via QR code
Show my QR code for payment,show my QR code
Pay 2000 via john@sbi,pay via UPI ID
Send ₹500 to my savings account,pay to self
Can you process a QR code payment?,pay via QR code
Transfer 28532.,bank_transfer
Shift ₹4500 from wallet to bank,pay to self
Make a payment using QR,pay via QR code
Send 37057 to IFSC ICIC0009876.,bank_transfer
Transfer 24477.,bank_transfer
"Send 48486 to account 8871333370, IFSC AXIS0001122.",bank_transfer
Show my QR code for payment,show my QR code
Can you pay 1000 to Alice?,pay via contacts
Send 1336 INR to 9995276216,pay via number
Pay using the scanned QR code,pay via QR code
Send 750 to Bob,pay via contacts
Can you pay 750 to Alice?,pay via contacts
Add ₹10000 to my secondary account,pay to self
Fund 1541 to 9883430417,pay via number
Display my QR code,show my QR code
Can you fetch my last payments?,transaction history
"Send 31580 to account 3075005585, IFSC BOFA0006789.",bank_transfer
"Send money to Mei Chen, account number 5265416525.",bank_transfer
Fund 1541 to 9883430417,pay via number
Make a UPI payment of 250 to emma@paytm,pay via UPI ID
Make a UPI payment of 2000 to emma@paytm,pay via UPI ID
Transfer to account 8362678849.,bank_transfer
Display my QR code,show my QR code
Transfer 2000 using john@sbi,pay via UPI ID
Show my transaction history,transaction history
Do a bank transfer.,bank_transfer
Pay bill of 463 using 9709787304,pay via number
Make a UPI payment of 750 to bob@ybl,pay via UPI ID
Send 1000 to Bob,pay via contacts
Display my recent transactions,transaction history
Make a payment using QR,pay via QR code
Can I transfer ₹5000 to myself?,pay to self
Pay using the scanned QR code,pay via QR code
Can I send ₹2500 to my own account?,pay to self
Do a bank transfer.,bank_transfer
Can you fetch my payment QR code?,show my QR code
Can you pay 2000 to Alice?,pay via contacts
Transfer money to 9640360845,pay via number
Can you process a QR code payment?,pay via QR code
Fund 1541 to 9883430417,pay via number
Make a payment of 500 to Bob,pay via contacts
Transfer 2000 using emma@paytm,pay via UPI ID
Show my QR code for payment,show my QR code
Pay 2000 via bob@ybl,pay via UPI ID
Make a UPI payment of 750 to emma@paytm,pay via UPI ID
Pay using the scanned QR code,pay via QR code
Transfer 250 to Emma,pay via contacts
Transfer 14720.,bank_transfer
Can you process a QR code payment?,pay via QR code
Can you process a QR code payment?,pay via QR code
Display my recent transactions,transaction history
Send ₹3500 from my UPI to my own bank,pay to self
Do a bank transfer.,bank_transfer
Show my transaction history,transaction history
Can you fetch my last payments?,transaction history
Send 1336 INR to 9995276216,pay via number
Transfer 250 to Alice,pay via contacts
Send ₹500 to my savings account,pay to self
Make a UPI payment of 2000 to john@sbi,pay via UPI ID
Transfer 2000 using emma@paytm,pay via UPI ID
Transfer 2000 to Alice,pay via contacts
Make a payment using QR,pay via QR code
I need my QR code for transactions,show my QR code
Display my QR code,show my QR code
Display my QR code,show my QR code
Show my QR code for payment,show my QR code
Transfer money to 9640360845,pay via number
I need my QR code for transactions,show my QR code
Pay 500 via emma@paytm,pay via UPI ID
Can you fetch my payment QR code?,show my QR code
Fund 1541 to 9883430417,pay via number
Pay bill of 463 using 9709787304,pay via number
Make a payment using QR,pay via QR code
Send 28532 to IFSC BOFA0006789.,bank_transfer
Transfer 250 to John,pay via contacts
Transfer 2000 to Alice,pay via contacts
Send 750 to Bob,pay via contacts
Pay 1000 via emma@paytm,pay via UPI ID
Can you pay 2000 to Bob?,pay via contacts
Deposit ₹2000 into my bank account,pay to self
Pay 1762 to 9621239137,pay via number
Make a UPI payment of 1000 to alice@upi,pay via UPI ID
Make a payment using QR,pay via QR code
I need to see my past transactions,transaction history
Transfer 250 using bob@ybl,pay via UPI ID
Transfer 1657 via 9176273695,pay via number
Pay using the scanned QR code,pay via QR code
Make a payment of 500 to John,pay via contacts
"Transfer 24477 to Rahul Sharma, account number 9180071527, IFSC PNB0005432.",bank_transfer
Can I transfer ₹5000 to myself?,pay to self
Can you fetch my last payments?,transaction history
Transfer 250 using emma@paytm,pay via UPI ID
Transfer 1657 via 9176273695,pay via number
Transfer 1000 to John,pay via contacts
Transfer 750 using bob@ybl,pay via UPI ID
"Send 32617 to account 9446895308, IFSC SBIN0001234.",bank_transfer
Send 3540 to 9598261481,pay via number
Pay 1000 via alice@upi,pay via UPI ID
Can you pay 500 to Alice?,pay via contacts
Can you process a QR code payment?,pay via QR code
Transfer 500 to John,pay via contacts
Transfer 1657 via 9176273695,pay via number
Pay using the scanned QR code,pay via QR code
Do a bank transfer.,bank_transfer
Transfer money to 9640360845,pay via number
Make a UPI payment of 250 to john@sbi,pay via UPI ID
I need to see my past transactions,transaction history
Display my recent transactions,transaction history
Can you fetch my last payments?,transaction history
Can you pay 250 to Bob?,pay via contacts
Can you process a QR code payment?,pay via QR code
Can you fetch my payment QR code?,show my QR code
I need to see my past transactions,transaction history
Display my recent transactions,transaction history
I want to pay myself ₹3000,pay to self
I need to see my past transactions,transaction history
Display my QR code,show my QR code
Show my QR code for payment,show my QR code
Send 750 to emma@paytm,pay via UPI ID
Can you process a QR code payment?,pay via QR code
Show my QR code for payment,show my QR code
Display my QR code,show my QR code
Transfer money to my own account,pay to self
Can you pay 2000 to John?,pay via contacts
Transfer 500 to John,pay via contacts
Make a payment using QR,pay via QR code
Add ₹10000 to my secondary account,pay to self
Transfer money to my own account,pay to self
Transfer money to my own account,pay to self
Can you pay 250 to Emma?,pay via contacts
Make a payment using QR,pay via QR code
Make a UPI payment of 2000 to bob@ybl,pay via UPI ID
Pay 1762 to 9621239137,pay via number
Send 1336 INR to 9995276216,pay via number
Display my recent transactions,transaction history
Do a bank transfer.,bank_transfer
Move ₹5500 within my accounts,pay to self
Make a payment of 250 to John,pay via contacts
I need to see my past transactions,transaction history
Make a payment of 750 to Bob,pay via contacts
Pay using the scanned QR code,pay via QR code
I want to pay myself ₹3000,pay to self
Send ₹500 to my savings account,pay to self
Can you fetch my payment QR code?,show my QR code
Pay ₹8000 into my own bank,pay to self
Transfer 1000 using emma@paytm,pay via UPI ID
Do a bank transfer.,bank_transfer
Send ₹500 to my savings account,pay to self
"Send 14720 to account 8362678849, IFSC ICIC0009876.",bank_transfer
Show my transaction history,transaction history
Show my QR code for payment,show my QR code
Can you fetch my payment QR code?,show my QR code
Can you pay 500 to Bob?,pay via contacts
Transfer 41382 to Priya Kapoor.,bank_transfer
Can you fetch my last payments?,transaction history
Transfer 500 using john@sbi,pay via UPI ID
"Transfer 4867 to Carlos Silva, account number 9628205197, IFSC YESB0003344.",bank_transfer
Send 34700 to IFSC BOFA0006789.,bank_transfer
Show my QR code for payment,show my QR code
Pay 250 via bob@ybl,pay via UPI ID
Scan a QR code to pay,pay via QR code
Pay 1762 to 9621239137,pay via number
Make a UPI payment of 250 to john@sbi,pay via UPI ID
Send 1336 INR to 9995276216,pay via number
Can you fetch my payment QR code?,show my QR code
I want to pay myself ₹3000,pay to self
Scan a QR code to pay,pay via QR code
Show my transaction history,transaction history
Fund 1541 to 9883430417,pay via number
I need my QR code for transactions,show my QR code
Transfer 750 to Alice,pay via contacts
Transfer to account 8871333370.,bank_transfer
Pay 500 via emma@paytm,pay via UPI ID
Transfer 250 to Emma,pay via contacts
"Send 24357 to account 4284769487, IFSC SBIN0001234.",bank_transfer
Pay 2000 via emma@paytm,pay via UPI ID
Send 3540 to 9598261481,pay via number
I need to see my past transactions,transaction history
Display my QR code,show my QR code
Pay using the scanned QR code,pay via QR code
Transfer 48843 to Akash Nair.,bank_transfer
Make a payment using QR,pay via QR code
Make a payment of 2000 to Alice,pay via contacts
Can you fetch my payment QR code?,show my QR code
Pay 750 via bob@ybl,pay via UPI ID
Deposit ₹900 into my account from UPI,pay to self
"Send money to John Doe, account number 5728856473.",bank_transfer
Deposit ₹2000 into my bank account,pay to self
Transfer 500 using john@sbi,pay via UPI ID
I want to pay myself ₹3000,pay to self
Can I send ₹2500 to my own account?,pay to self
Transfer 1000 to Bob,pay via contacts
Scan a QR code to pay,pay via QR code
Scan a QR code to pay,pay via QR code
Pay 1762 to 9621239137,pay via number
Show my QR code for payment,show my QR code
Add ₹10000 to my secondary account,pay to self
Can you pay 250 to John?,pay via contacts
Make a payment using QR,pay via QR code
Send 500 to john@sbi,pay via UPI ID
Make a payment using QR,pay via QR code
Pay 750 via emma@paytm,pay via UPI ID
Display my recent transactions,transaction history
Show my QR code for payment,show my QR code
Shift ₹4500 from wallet to bank,pay to self
Display my QR code,show my QR code
Show my transaction history,transaction history
Pay using the scanned QR code,pay via QR code
Send 500 to Bob,pay via contacts
Can you process a QR code payment?,pay via QR code
I need to move ₹700 to another account of mine,pay to self
Can you process a QR code payment?,pay via QR code
Transfer 20503 to Carlos Silva.,bank_transfer
Can you process a QR code payment?,pay via QR code
Send 1000 to alice@upi,pay via UPI ID
Send 250 to Emma,pay via contacts
Transfer 1000 to Bob,pay via contacts
Display my QR code,show my QR code
Scan a QR code to pay,pay via QR code
Can you pay 1000 to John?,pay via contacts
Can you fetch my payment QR code?,show my QR code
Send 1336 INR to 9995276216,pay via number
Pay using the scanned QR code,pay via QR code
Scan a QR code to pay,pay via QR code
Show my transaction history,transaction history
Pay 1762 to 9621239137,pay via number
Deposit ₹900 into my account from UPI,pay to self
Show my transaction history,transaction history
Display my recent transactions,transaction history
Deposit ₹900 into my account from UPI,pay to self
Pay using the scanned QR code,pay via QR code
I need my QR code for transactions,show my QR code
Transfer 750 using bob@ybl,pay via UPI ID
I need to move ₹700 to another account of mine,pay to self
Do a bank transfer.,bank_transfer
Transfer money to 9640360845,pay via number
Make a payment using QR,pay via QR code
Deposit ₹900 into my account from UPI,pay to self
I need my QR code for transactions,show my QR code
I need my QR code for transactions,show my QR code
Display my QR code,show my QR code
Transfer 31401.,bank_transfer
I need my QR code for transactions,show my QR code
Scan a QR code to pay,pay via QR code
Pay using the scanned QR code,pay via QR code
Transfer 250 to John,pay via contacts
Scan a QR code to pay,pay via QR code
Send 1000 to bob@ybl,pay via UPI ID
Pay 1762 to 9621239137,pay via number
Pay bill of 463 using 9709787304,pay via number
Can you fetch my last payments?,transaction history
Pay 250 via john@sbi,pay via UPI ID
Can you process a QR code payment?,pay via QR code
I need my QR code for transactions,show my QR code
Pay 500 via emma@paytm,pay via UPI ID
Send 750 to John,pay via contacts
Display my QR code,show my QR code
Scan a QR code to pay,pay via QR code
Can you process a QR code payment?,pay via QR code
Make a payment using QR,pay via QR code
Display my recent transactions,transaction history
Display my recent transactions,transaction history
Pay 1762 to 9621239137,pay via number
Pay 500 via bob@ybl,pay via UPI ID
Do a bank transfer.,bank_transfer
Transfer 1000 to Emma,pay via contacts
Pay bill of 463 using 9709787304,pay via number
"Send 20440 to account 5265416525, IFSC AXIS0001122.",bank_transfer
Can you fetch my payment QR code?,show my QR code
Transfer to account 9686302372.,bank_transfer
Transfer to account 9628205197.,bank_transfer
Send ₹3500 from my UPI to my own bank,pay to self
Show my transaction history,transaction history
Make a payment using QR,pay via QR code
Show my transaction history,transaction history
I need my QR code for transactions,show my QR code
Send 1000 to bob@ybl,pay via UPI ID
Make a payment using QR,pay via QR code
Pay 250 via bob@ybl,pay via UPI ID
Transfer 250 using emma@paytm,pay via UPI ID
Self-payment of ₹6000,pay to self
Add ₹100 to my digital wallet,pay to self
Can you pay 750 to John?,pay via contacts
Pay 1762 to 9621239137,pay via number
Send 2000 to alice@upi,pay via UPI ID
Make a UPI payment of 500 to bob@ybl,pay via UPI ID
Can I send ₹2500 to my own account?,pay to self
"Transfer 48843 to David Johnson, account number 3503310637, IFSC AXIS0001122.",bank_transfer
Send ₹3500 from my UPI to my own bank,pay to self
Transfer money to 9640360845,pay via number
Deposit ₹2000 into my bank account,pay to self
Send 3540 to 9598261481,pay via number
I need my QR code for transactions,show my QR code
Make a payment of 2000 to Bob,pay via contacts
Make a payment using QR,pay via QR code
Can you process a QR code payment?,pay via QR code
Move ₹1000 from checking to savings,pay to self
Send ₹3500 from my UPI to my own bank,pay to self
I need my QR code for transactions,show my QR code
Transfer 2000 using john@sbi,pay via UPI ID
Make a payment using QR,pay via QR code
I need to see my past transactions,transaction history
I need to see my past transactions,transaction history
Transfer 1657 via 9176273695,pay via number
Self-payment of ₹6000,pay to self
Can you fetch my last payments?,transaction history
Transfer 2000 to Alice,pay via contacts
"Transfer 34700 to John Doe, account number 9446895308, IFSC ICIC0009876.",bank_transfer
Send 750 to bob@ybl,pay via UPI ID
Transfer 250 using alice@upi,pay via UPI ID
Make a payment using QR,pay via QR code
Make a payment of 250 to John,pay via contacts
Fund 1541 to 9883430417,pay via number
Pay using the scanned QR code,pay via QR code
Send 1336 INR to 9995276216,pay via number
Transfer 48486.,bank_transfer
Send 1000 to Bob,pay via contacts
Scan a QR code to pay,pay via QR code
Can you process a QR code payment?,pay via QR code
Do a bank transfer.,bank_transfer
Scan a QR code to pay,pay via QR code
Shift ₹4000 to my savings,pay to self
Transfer 1000 using alice@upi,pay via UPI ID
Pay using the scanned QR code,pay via QR code
Transfer 48843.,bank_transfer
Transfer money to my own account,pay to self
Send 750 to Emma,pay via contacts
Display my recent transactions,transaction history
Transfer 24357 to Rahul Sharma.,bank_transfer
Send 3540 to 9598261481,pay via number
Do a bank transfer.,bank_transfer
Send 1000 to emma@paytm,pay via UPI ID
Make a UPI payment of 250 to emma@paytm,pay via UPI ID
Can you process a QR code payment?,pay via QR code
Send 3540 to 9598261481,pay via number
Send 4867 to IFSC HDFC0005678.,bank_transfer
Pay 2000 via alice@upi,pay via UPI ID
Display my recent transactions,transaction history
I want to pay myself ₹3000,pay to self
Send 500 to John,pay via contacts
Send 250 to emma@paytm,pay via UPI ID
Send 3540 to 9598261481,pay via number
Send 2000 to alice@upi,pay via UPI ID
I need my QR code for transactions,show my QR code
Scan a QR code to pay,pay via QR code
Scan a QR code to pay,pay via QR code
Can you fetch my payment QR code?,show my QR code
Can you process a QR code payment?,pay via QR code
Send 48486 to IFSC HDFC0005678.,bank_transfer
Show my transaction history,transaction history
Self-transfer ₹1500,pay to self
Send ₹3500 from my UPI to my own bank,pay to self
Make a payment of 500 to Alice,pay via contacts
Add ₹100 to my digital wallet,pay to self
Can you fetch my last payments?,transaction history
Transfer 1000 to Alice,pay via contacts
I need to see my past transactions,transaction history
Display my recent transactions,transaction history
Can you fetch my payment QR code?,show my QR code
Display my QR code,show my QR code
Show my QR code for payment,show my QR code
Make a payment using QR,pay via QR code
Show my QR code for payment,show my QR code
Do a bank transfer.,bank_transfer
Display my QR code,show my QR code
Self-payment of ₹6000,pay to self
"Transfer 14720 to Mei Chen, account number 4467829142, IFSC SBIN0001234.",bank_transfer
Scan a QR code to pay,pay via QR code
Make a UPI payment of 250 to bob@ybl,pay via UPI ID
Transfer money to 9640360845,pay via number
Show my transaction history,transaction history
Pay 1762 to 9621239137,pay via number
Transfer 48486 to Carlos Silva.,bank_transfer
Make a payment using QR,pay via QR code
Self-payment of ₹6000,pay to self
Scan a QR code to pay,pay via QR code
"Send 34700 to account 9654334863, IFSC BOFA0006789.",bank_transfer
Pay bill of 463 using 9709787304,pay via number
Transfer 31401.,bank_transfer
Deposit ₹2000 into my bank account,pay to self
Pay 1762 to 9621239137,pay via number
Scan a QR code to pay,pay via QR code
Self-transfer ₹1500,pay to self
Transfer 750 using bob@ybl,pay via UPI ID
Fund 1541 to 9883430417,pay via number
I need my QR code for transactions,show my QR code
Make a payment using QR,pay via QR code
"Transfer 20440 to David Johnson, account number 5265416525, IFSC BOFA0006789.",bank_transfer
Pay 500 via alice@upi,pay via UPI ID
Can you pay 750 to Emma?,pay via contacts
Show my transaction history,transaction history
Scan a QR code to pay,pay via QR code
Show my QR code for payment,show my QR code
Shift ₹4500 from wallet to bank,pay to self
Transfer 750 using emma@paytm,pay via UPI ID
Can you process a QR code payment?,pay via QR code
Make a payment using QR,pay via QR code
Scan a QR code to pay,pay via QR code
Make a payment of 750 to Emma,pay via contacts
Transfer 28532.,bank_transfer
Display my recent transactions,transaction history
Self-transfer ₹1500,pay to self
Move ₹5500 within my accounts,pay to self
Can you fetch my payment QR code?,show my QR code
Scan a QR code to pay,pay via QR code
Can you process a QR code payment?,pay via QR code
I want to pay myself ₹3000,pay to self
Can you process a QR code payment?,pay via QR code
I need to see my past transactions,transaction history
Send ₹3500 from my UPI to my own bank,pay to self
Shift ₹4500 from wallet to bank,pay to self
Make a payment using QR,pay via QR code
Deposit ₹900 into my account from UPI,pay to self
Fund 1541 to 9883430417,pay via number
I need to move ₹700 to another account of mine,pay to self
Send 3540 to 9598261481,pay via number
Send 750 to Alice,pay via contacts
Pay 2000 via bob@ybl,pay via UPI ID
Can you pay 750 to Alice?,pay via contacts
I need to move ₹700 to another account of mine,pay to self
Make a payment using QR,pay via QR code
Pay using the scanned QR code,pay via QR code
Make a payment of 750 to Emma,pay via contacts
I need my QR code for transactions,show my QR code
Scan a QR code to pay,pay via QR code
Pay 1762 to 9621239137,pay via number
Pay bill of 463 using 9709787304,pay via number
Can you fetch my payment QR code?,show my QR code
Pay 500 via bob@ybl,pay via UPI ID
"Send money to Carlos Silva, account number 9606509765.",bank_transfer
Send 750 to John,pay via contacts
Scan a QR code to pay,pay via QR code
Scan a QR code to pay,pay via QR code
Show my transaction history,transaction history
Add ₹10000 to my secondary account,pay to self
Transfer money to 9640360845,pay via number
Make a payment of 750 to Bob,pay via contacts
Transfer to account 6839885968.,bank_transfer
Can you pay 750 to John?,pay via contacts
"Send money to Priya Kapoor, account number 3870827289.",bank_transfer
"Transfer 20440 to Anita Singh, account number 3503310637, IFSC YESB0003344.",bank_transfer
Pay bill of 463 using 9709787304,pay via number
I need to see my past transactions,transaction history
Send ₹500 to my savings account,pay to self
Transfer to account 7036643460.,bank_transfer
Pay 750 via bob@ybl,pay via UPI ID
Can you process a QR code payment?,pay via QR code
Send 24477 to IFSC YESB0003344.,bank_transfer
Pay using the scanned QR code,pay via QR code
Make a payment of 750 to Bob,pay via contacts
Can you fetch my payment QR code?,show my QR code
Make a payment of 1000 to John,pay via contacts
Can you fetch my last payments?,transaction history
Transfer 31401.,bank_transfer
Make a payment of 500 to John,pay via contacts
Show my transaction history,transaction history
Transfer money to 9640360845,pay via number
Transfer 41382 to Priya Kapoor.,bank_transfer
Transfer 32617 to Priya Kapoor.,bank_transfer
Send 1000 to bob@ybl,pay via UPI ID
I need to see my past transactions,transaction history
Do a bank transfer.,bank_transfer
I need my QR code for transactions,show my QR code
Make a payment using QR,pay via QR code
Show my QR code for payment,show my QR code
Display my recent transactions,transaction history
Make a payment using QR,pay via QR code
Transfer 1657 via 9176273695,pay via number
Make a UPI payment of 250 to john@sbi,pay via UPI ID
Show my QR code for payment,show my QR code
Make a payment of 2000 to Bob,pay via contacts
Make a UPI payment of 750 to john@sbi,pay via UPI ID
Show my QR code for payment,show my QR code
Transfer 500 using emma@paytm,pay via UPI ID
Transfer money to 9640360845,pay via number
Make a UPI payment of 750 to alice@upi,pay via UPI ID
Pay 750 via john@sbi,pay via UPI ID
Send 750 to Alice,pay via contacts
"Send 18656 to account 7036643460, IFSC AXIS0001122.",bank_transfer
Transfer 500 using emma@paytm,pay via UPI ID
"Send money to Mei Chen, account number 3870827289.",bank_transfer
Scan a QR code to pay,pay via QR code
Deposit ₹2000 into my bank account,pay to self
Self-payment of ₹6000,pay to self
Transfer 500 to John,pay via contacts
I need to move ₹700 to another account of mine,pay to self
Send 500 to Bob,pay via contacts
Scan a QR code to pay,pay via QR code
Pay using the scanned QR code,pay via QR code
Send 1000 to bob@ybl,pay via UPI ID
Make a payment of 250 to Bob,pay via contacts
Pay 2000 via bob@ybl,pay via UPI ID
Pay using the scanned QR code,pay via QR code
Send 3540 to 9598261481,pay via number
Show my QR code for payment,show my QR code
I need my QR code for transactions,show my QR code
I need to see my past transactions,transaction history
Pay 1762 to 9621239137,pay via number
Make a payment of 250 to John,pay via contacts
Pay using the scanned QR code,pay via QR code
Transfer money to 9640360845,pay via number
Scan a QR code to pay,pay via QR code
Pay using the scanned QR code,pay via QR code
Transfer 250 to John,pay via contacts
Make a UPI payment of 750 to alice@upi,pay via UPI ID
Transfer 500 to Alice,pay via contacts
Can I send ₹2500 to my own account?,pay to self
Pay 2000 via bob@ybl,pay via UPI ID
Send 3540 to 9598261481,pay via number
Pay using the scanned QR code,pay via QR code
Make a payment using QR,pay via QR code
I need my QR code for transactions,show my QR code
Transfer money to 9640360845,pay via number
Scan a QR code to pay,pay via QR code
Fund 1541 to 9883430417,pay via number
Pay using the scanned QR code,pay via QR code
Transfer 500 to John,pay via contacts
"Transfer 20440 to Priya Kapoor, account number 9606509765, IFSC SBIN0001234.",bank_transfer
Can you fetch my last payments?,transaction history
Can you pay 750 to Bob?,pay via contacts
Make a payment using QR,pay via QR code
Show my transaction history,transaction history
Transfer money to 9640360845,pay via number
Make a UPI payment of 750 to alice@upi,pay via UPI ID
Pay bill of 463 using 9709787304,pay via number
Transfer money to my own account,pay to self
Send 1000 to alice@upi,pay via UPI ID
Can you fetch my payment QR code?,show my QR code
Make a UPI payment of 750 to alice@upi,pay via UPI ID
I need to see my past transactions,transaction history
"Send 37057 to account 8871333370, IFSC HDFC0005678.",bank_transfer
"Send 31580 to account 4284769487, IFSC HDFC0005678.",bank_transfer
Can you fetch my last payments?,transaction history
Pay using the scanned QR code,pay via QR code
Fund 1541 to 9883430417,pay via number
Transfer 26997.,bank_transfer
Move ₹5500 within my accounts,pay to self
Can you pay 750 to Alice?,pay via contacts
I need my QR code for transactions,show my QR code
"Transfer 24357 to John Doe, account number 5728856473, IFSC ICIC0009876.",bank_transfer
Send 250 to bob@ybl,pay via UPI ID
Can you process a QR code payment?,pay via QR code
Transfer to account 8871333370.,bank_transfer
Transfer 48486 to Mei Chen.,bank_transfer
Make a payment using QR,pay via QR code
Add ₹10000 to my secondary account,pay to self
I need to see my past transactions,transaction history
Send 1000 to Alice,pay via contacts
Show my transaction history,transaction history
Scan a QR code to pay,pay via QR code
Make a UPI payment of 1000 to john@sbi,pay via UPI ID
I need my QR code for transactions,show my QR code
Display my QR code,show my QR code
Send 750 to Emma,pay via contacts
Make a payment using QR,pay via QR code
Make a payment using QR,pay via QR code
Can you pay 500 to Bob?,pay via contacts
Transfer 1657 via 9176273695,pay via number
"Send money to Mei Chen, account number 9686302372.",bank_transfer
Make a payment of 1000 to Alice,pay via contacts
Scan a QR code to pay,pay via QR code
Transfer money to 9640360845,pay via number
Display my recent transactions,transaction history
Make a payment of 750 to Emma,pay via contacts
Self-payment of ₹6000,pay to self
Send 2000 to Emma,pay via contacts
Transfer 5727.,bank_transfer
I need to see my past transactions,transaction history
Display my recent transactions,transaction history
Show my transaction history,transaction history
Make a payment using QR,pay via QR code
Transfer to account 6839885968.,bank_transfer
Can I transfer ₹5000 to myself?,pay to self
Make a UPI payment of 500 to bob@ybl,pay via UPI ID
Pay using the scanned QR code,pay via QR code
Pay using the scanned QR code,pay via QR code
Scan a QR code to pay,pay via QR code
Send 1336 INR to 9995276216,pay via number
Display my QR code,show my QR code
I want to pay myself ₹3000,pay to self
Make a UPI payment of 1000 to emma@paytm,pay via UPI ID
Pay 1762 to 9621239137,pay via number
Can you pay 750 to Emma?,pay via contacts
Display my QR code,show my QR code
Pay 1762 to 9621239137,pay via number
Send 32617 to IFSC SBIN0001234.,bank_transfer
Shift ₹4500 from wallet to bank,pay to self
I need to see my past transactions,transaction history
Show my QR code for payment,show my QR code
Transfer 500 using bob@ybl,pay via UPI ID
Pay using the scanned QR code,pay via QR code
Send 1336 INR to 9995276216,pay via number
Pay 750 via bob@ybl,pay via UPI ID
Can you process a QR code payment?,pay via QR code
Show my QR code for payment,show my QR code
Make a UPI payment of 1000 to emma@paytm,pay via UPI ID
Show my transaction history,transaction history
Can you process a QR code payment?,pay via QR code
Pay using the scanned QR code,pay via QR code
Send 250 to Alice,pay via contacts
Pay 1762 to 9621239137,pay via number
Self-payment of ₹6000,pay to self
Show my transaction history,transaction history
"Send 4209 to account 8871333370, IFSC YESB0003344.",bank_transfer
I need my QR code for transactions,show my QR code
Make a UPI payment of 1000 to bob@ybl,pay via UPI ID
I need my QR code for transactions,show my QR code
Show my transaction history,transaction history
Transfer 32617.,bank_transfer
Can you fetch my last payments?,transaction history
Send 3540 to 9598261481,pay via number
Self-transfer ₹1500,pay to self
Move ₹1000 from checking to savings,pay to self
Can I send ₹2500 to my own account?,pay to self
Pay using the scanned QR code,pay via QR code
Make a UPI payment of 250 to john@sbi,pay via UPI ID
"Send 18656 to account 9686302372, IFSC BOFA0006789.",bank_transfer
"Transfer 26997 to Priya Kapoor, account number 4284769487, IFSC YESB0003344.",bank_transfer
Display my QR code,show my QR code
Make a payment of 500 to John,pay via contacts
Show my transaction history,transaction history
Can you fetch my last payments?,transaction history
Make a payment using QR,pay via QR code
Do a bank transfer.,bank_transfer
Pay using the scanned QR code,pay via QR code
Transfer money to 9640360845,pay via number
Shift ₹4500 from wallet to bank,pay to self
Can you fetch my last payments?,transaction history
I need to move ₹700 to another account of mine,pay to self
Move some funds to my personal account,pay to self
Transfer 1657 via 9176273695,pay via number
Shift ₹4500 from wallet to bank,pay to self
Can you pay 250 to John?,pay via contacts
I want to pay myself ₹3000,pay to self
Fund 1541 to 9883430417,pay via number
Transfer money to my own account,pay to self
Pay 250 via bob@ybl,pay via UPI ID
I need to see my past transactions,transaction history
I need my QR code for transactions,show my QR code
Pay using the scanned QR code,pay via QR code
Transfer 24357.,bank_transfer
"Send money to Olivia Brown, account number 6284165127.",bank_transfer
Make a payment using QR,pay via QR code
Send 1336 INR to 9995276216,pay via number
Fund 1541 to 9883430417,pay via number
Can I transfer ₹5000 to myself?,pay to self
Send 3540 to 9598261481,pay via number
Transfer 1000 to Bob,pay via contacts
Deposit ₹900 into my account from UPI,pay to self
"Send 48486 to account 8871333370, IFSC AXIS0001122.",bank_transfer
Display my QR code,show my QR code
Display my recent transactions,transaction history
Can you fetch my payment QR code?,show my QR code
Fund 1541 to 9883430417,pay via number
"Transfer 48486 to Fatima Begum, account number 8362678849, IFSC AXIS0001122.",bank_transfer
Fund 1541 to 9883430417,pay via number
Make a payment of 500 to Alice,pay via contacts
Pay bill of 463 using 9709787304,pay via number
Transfer 1000 using bob@ybl,pay via UPI ID
Make a UPI payment of 2000 to emma@paytm,pay via UPI ID
Scan a QR code to pay,pay via QR code
Send 1336 INR to 9995276216,pay via number
Transfer 37057 to Akash Nair.,bank_transfer
Pay 500 via alice@upi,pay via UPI ID
Pay 1000 via alice@upi,pay via UPI ID
Can you fetch my last payments?,transaction history
Send 750 to john@sbi,pay via UPI ID
Make a UPI payment of 500 to alice@upi,pay via UPI ID
Pay 250 via john@sbi,pay via UPI ID
Can you fetch my payment QR code?,show my QR code
Can you fetch my last payments?,transaction history
Make a payment of 500 to Bob,pay via contacts
Send 24477 to IFSC YESB0003344.,bank_transfer
Can you fetch my last payments?,transaction history
"Send money to Fatima Begum, account number 7036643460.",bank_transfer
Transfer money to my own account,pay to self
I need my QR code for transactions,show my QR code
Send 500 to Bob,pay via contacts
Move ₹1000 from checking to savings,pay to self
Can I transfer ₹5000 to myself?,pay to self
"Send money to Priya Kapoor, account number 9446895308.",bank_transfer
Display my recent transactions,transaction history
I need to see my past transactions,transaction history
Display my recent transactions,transaction history
Make a payment of 750 to John,pay via contacts
Transfer money to 9640360845,pay via number
Send 1000 to Emma,pay via contacts
Pay 750 via bob@ybl,pay via UPI ID
I need my QR code for transactions,show my QR code
Make a payment of 750 to Emma,pay via contacts
Make a payment of 250 to Bob,pay via contacts
Send 250 to bob@ybl,pay via UPI ID
Display my QR code,show my QR code
Pay using the scanned QR code,pay via QR code
Show my transaction history,transaction history
Can you fetch my payment QR code?,show my QR code
Transfer to account 5472871348.,bank_transfer
Send 3540 to 9598261481,pay via number
"Send 48486 to account 9446895308, IFSC AXIS0001122.",bank_transfer
Show my transaction history,transaction history
"Transfer 34700 to David Johnson, account number 3075005585, IFSC YESB0003344.",bank_transfer
Can you fetch my last payments?,transaction history
I need my QR code for transactions,show my QR code
Display my QR code,show my QR code
Move ₹1000 from checking to savings,pay to self
Pay 1762 to 9621239137,pay via number
Make a UPI payment of 2000 to bob@ybl,pay via UPI ID
Send 2000 to John,pay via contacts
Display my QR code,show my QR code
Move ₹1000 from checking to savings,pay to self
Transfer 26997.,bank_transfer
Transfer 750 using john@sbi,pay via UPI ID
Make a UPI payment of 500 to emma@paytm,pay via UPI ID
Send ₹3500 from my UPI to my own bank,pay to self
Pay using the scanned QR code,pay via QR code
Fund 1541 to 9883430417,pay via number
Show my transaction history,transaction history
Transfer 20503.,bank_transfer
Transfer 32617 to Carlos Silva.,bank_transfer
Can you fetch my payment QR code?,show my QR code
Can you fetch my last payments?,transaction history
Send 1000 to Bob,pay via contacts
Add ₹10000 to my secondary account,pay to self
Move some funds to my personal account,pay to self
Transfer 1000 using emma@paytm,pay via UPI ID
Make a payment using QR,pay via QR code
Send 250 to alice@upi,pay via UPI ID
Shift ₹4000 to my savings,pay to self
I need my QR code for transactions,show my QR code
Can you fetch my last payments?,transaction history
Pay 1000 via bob@ybl,pay via UPI ID
Can you fetch my last payments?,transaction history
Can you fetch my payment QR code?,show my QR code
Show my transaction history,transaction history
Can you pay 500 to Bob?,pay via contacts
Transfer 37722 to Priya Kapoor.,bank_transfer
I need to see my past transactions,transaction history
Show my transaction history,transaction history
I need to see my past transactions,transaction history
Pay 1762 to 9621239137,pay via number
Pay 1762 to 9621239137,pay via number
Make a payment using QR,pay via QR code
Transfer 4867.,bank_transfer
Make a payment of 750 to John,pay via contacts
Pay using the scanned QR code,pay via QR code
Can you fetch my payment QR code?,show my QR code
Transfer 2000 to John,pay via contacts
Pay 750 via bob@ybl,pay via UPI ID
"Transfer 4209 to John Doe, account number 3870827289, IFSC HDFC0005678.",bank_transfer
Can you pay 1000 to Emma?,pay via contacts
Do a bank transfer.,bank_transfer
Transfer money to 9640360845,pay via number
Show my transaction history,transaction history
Self-transfer ₹1500,pay to self
Transfer money to 9640360845,pay via number
Can you pay 750 to Alice?,pay via contacts
Shift ₹4000 to my savings,pay to self
Can you fetch my last payments?,transaction history
Make a payment using QR,pay via QR code
Transfer 250 using emma@paytm,pay via UPI ID
Deposit ₹2000 into my bank account,pay to self
Transfer 4867.,bank_transfer
I need to see my past transactions,transaction history
Scan a QR code to pay,pay via QR code
Scan a QR code to pay,pay via QR code
Scan a QR code to pay,pay via QR code
Make a payment using QR,pay via QR code
Send 3540 to 9598261481,pay via number
Send 3540 to 9598261481,pay via number
Display my recent transactions,transaction history
Can you pay 250 to Alice?,pay via contacts
Scan a QR code to pay,pay via QR code
Pay using the scanned QR code,pay via QR code
Send ₹500 to my savings account,pay to self
Can you fetch my last payments?,transaction history
Can I send ₹2500 to my own account?,pay to self
"Send money to Carlos Silva, account number 9654334863.",bank_transfer
Can you fetch my payment QR code?,show my QR code
Scan a QR code to pay,pay via QR code
Send 750 to Alice,pay via contacts
Pay ₹8000 into my own bank,pay to self
Can you fetch my payment QR code?,show my QR code
Transfer 32617.,bank_transfer
Show my transaction history,transaction history
Pay bill of 463 using 9709787304,pay via number
Make a UPI payment of 2000 to alice@upi,pay via UPI ID
Send 750 to Alice,pay via contacts
Make a payment using QR,pay via QR code
Make a payment using QR,pay via QR code
Make a UPI payment of 1000 to alice@upi,pay via UPI ID
I need to move ₹700 to another account of mine,pay to self
Scan a QR code to pay,pay via QR code
Can you process a QR code payment?,pay via QR code
Display my QR code,show my QR code
Pay using the scanned QR code,pay via QR code
Transfer 1657 via 9176273695,pay via number
"Send 4867 to account 9628205197, IFSC BOFA0006789.",bank_transfer
Make a payment using QR,pay via QR code
Send 1336 INR to 9995276216,pay via number
Display my recent transactions,transaction history
Can you fetch my payment QR code?,show my QR code
Add ₹10000 to my secondary account,pay to self
Add ₹10000 to my secondary account,pay to self
Fund 1541 to 9883430417,pay via number
Make a payment using QR,pay via QR code
"Send money to David Johnson, account number 9606509765.",bank_transfer
Transfer 32617 to Carlos Silva.,bank_transfer
Make a payment using QR,pay via QR code
Show my transaction history,transaction history
Transfer 250 to Alice,pay via contacts
Can you fetch my payment QR code?,show my QR code
Transfer 1657 via 9176273695,pay via number
Can you fetch my last payments?,transaction history
Make a UPI payment of 250 to bob@ybl,pay via UPI ID
Transfer 1657 via 9176273695,pay via number
Can you process a QR code payment?,pay via QR code
Can you fetch my payment QR code?,show my QR code
Make a payment using QR,pay via QR code
I need my QR code for transactions,show my QR code
Pay 750 via bob@ybl,pay via UPI ID
Display my QR code,show my QR code
Transfer 1657 via 9176273695,pay via number
Send 500 to Bob,pay via contacts
Display my recent transactions,transaction history
Shift ₹4000 to my savings,pay to self
Pay using the scanned QR code,pay via QR code
Pay bill of 463 using 9709787304,pay via number
Transfer 500 to John,pay via contacts
Pay using the scanned QR code,pay via QR code
Show my transaction history,transaction history
I need to see my past transactions,transaction history
Transfer 1000 to John,pay via contacts
Make a UPI payment of 250 to emma@paytm,pay via UPI ID
Send 1000 to Alice,pay via contacts
Deposit ₹2000 into my bank account,pay to self
Show my QR code for payment,show my QR code
Transfer money to 9640360845,pay via number
Scan a QR code to pay,pay via QR code
Display my recent transactions,transaction history
Move ₹1000 from checking to savings,pay to self
I need my QR code for transactions,show my QR code
Send 250 to emma@paytm,pay via UPI ID
I need my QR code for transactions,show my QR code
I need my QR code for transactions,show my QR code
Shift ₹4500 from wallet to bank,pay to self
Make a UPI payment of 500 to alice@upi,pay via UPI ID
Fund 1541 to 9883430417,pay via number
Transfer 2000 using bob@ybl,pay via UPI ID
Pay 1000 via alice@upi,pay via UPI ID
Transfer 1000 to John,pay via contacts
Do a bank transfer.,bank_transfer
Make a UPI payment of 250 to alice@upi,pay via UPI ID
Can you fetch my payment QR code?,show my QR code
I need my QR code for transactions,show my QR code
"Transfer 48843 to Fatima Begum, account number 9180071527, IFSC YESB0003344.",bank_transfer
Make a payment using QR,pay via QR code
Show my transaction history,transaction history
Make a payment using QR,pay via QR code
Do a bank transfer.,bank_transfer
Send 2000 to bob@ybl,pay via UPI ID
Show my transaction history,transaction history
Scan a QR code to pay,pay via QR code
Transfer 1657 via 9176273695,pay via number
Make a payment of 2000 to John,pay via contacts
I need to see my past transactions,transaction history
Transfer 250 to Bob,pay via contacts
Can you fetch my payment QR code?,show my QR code
Pay using the scanned QR code,pay via QR code
Send 4867 to IFSC YESB0003344.,bank_transfer
Pay using the scanned QR code,pay via QR code
Fund transfer to self ₹200,pay to self
Show my transaction history,transaction history
Can you fetch my payment QR code?,show my QR code
I need to see my past transactions,transaction history
Can I send ₹2500 to my own account?,pay to self
Make a payment of 2000 to Alice,pay via contacts
Add ₹10000 to my secondary account,pay to self
I need my QR code for transactions,show my QR code
Make a UPI payment of 500 to emma@paytm,pay via UPI ID
I need to move ₹700 to another account of mine,pay to self
Send 500 to alice@upi,pay via UPI ID
Transfer 2000 to Bob,pay via contacts
Send 3540 to 9598261481,pay via number
Can you fetch my payment QR code?,show my QR code
Make a payment of 2000 to John,pay via contacts
Show my transaction history,transaction history
Deposit ₹900 into my account from UPI,pay to self
Display my recent transactions,transaction history
"Transfer 48486 to Rahul Sharma, account number 8871333370, IFSC YESB0003344.",bank_transfer
Scan a QR code to pay,pay via QR code
Scan a QR code to pay,pay via QR code
Can you fetch my last payments?,transaction history
Send 3540 to 9598261481,pay via number
Make a payment using QR,pay via QR code
Display my recent transactions,transaction history
Transfer to account 4467829142.,bank_transfer
Can you process a QR code payment?,pay via QR code
I want to pay myself ₹3000,pay to self
Make a payment of 750 to Bob,pay via contacts
Can you fetch my last payments?,transaction history
Send 48486 to IFSC ICIC0009876.,bank_transfer
Transfer 1657 via 9176273695,pay via number
Shift ₹4000 to my savings,pay to self
Transfer 2000 to Alice,pay via contacts
Move some funds to my personal account,pay to self
Pay ₹8000 into my own bank,pay to self
Do a bank transfer.,bank_transfer
Can you fetch my last payments?,transaction history
Send 250 to alice@upi,pay via UPI ID
"Transfer 41382 to Carlos Silva, account number 8871333370, IFSC YESB0003344.",bank_transfer
Pay 2000 via john@sbi,pay via UPI ID
Do a bank transfer.,bank_transfer
Show my QR code for payment,show my QR code
Move ₹5500 within my accounts,pay to self
"Send money to Rahul Sharma, account number 4284769487.",bank_transfer
Can you fetch my last payments?,transaction history
Transfer 500 using john@sbi,pay via UPI ID
Send 500 to alice@upi,pay via UPI ID
Display my QR code,show my QR code
Send 3540 to 9598261481,pay via number
Scan a QR code to pay,pay via QR code
Display my QR code,show my QR code
Can you fetch my last payments?,transaction history
Transfer money to 9640360845,pay via number
Make a payment of 500 to Alice,pay via contacts
Send 1000 to John,pay via contacts
Transfer 250 using emma@paytm,pay via UPI ID
Shift ₹4500 from wallet to bank,pay to self
Transfer money to 9640360845,pay via number
I need to see my past transactions,transaction history
Transfer 20503 to Anita Singh.,bank_transfer
Pay using the scanned QR code,pay via QR code
"Send 37722 to account 4467829142, IFSC YESB0003344.",bank_transfer
Pay 1762 to 9621239137,pay via number
Fund 1541 to 9883430417,pay via number
Show my QR code for payment,show my QR code
Can you fetch my payment QR code?,show my QR code
I want to pay myself ₹3000,pay to self
Display my QR code,show my QR code
Send 3540 to 9598261481,pay via number
Send 3540 to 9598261481,pay via number
Send 750 to Alice,pay via contacts
I need to see my past transactions,transaction history
Can you fetch my last payments?,transaction history
Pay using the scanned QR code,pay via QR code
Send 3540 to 9598261481,pay via number
Display my QR code,show my QR code
Transfer 48843.,bank_transfer
Shift ₹4000 to my savings,pay to self
Show my QR code for payment,show my QR code
Display my recent transactions,transaction history
Display my recent transactions,transaction history
Transfer 2000 using bob@ybl,pay via UPI ID
Send 250 to bob@ybl,pay via UPI ID
I need my QR code for transactions,show my QR code
Self-transfer ₹1500,pay to self
Send 500 to Alice,pay via contacts
Send 3540 to 9598261481,pay via number
Send 2000 to John,pay via contacts
Display my recent transactions,transaction history
Make a payment using QR,pay via QR code
Show my transaction history,transaction history
Can you pay 250 to Emma?,pay via contacts
Pay 250 via emma@paytm,pay via UPI ID
I need my QR code for transactions,show my QR code
Make a payment of 500 to Alice,pay via contacts
Pay using the scanned QR code,pay via QR code
Self-payment of ₹6000,pay to self
Deposit ₹900 into my account from UPI,pay to self
Can you fetch my payment QR code?,show my QR code
Send ₹500 to my savings account,pay to self
Pay 750 via bob@ybl,pay via UPI ID
Move ₹5500 within my accounts,pay to self
Send 750 to Alice,pay via contacts
Make a UPI payment of 500 to bob@ybl,pay via UPI ID
Scan a QR code to pay,pay via QR code
Send 1336 INR to 9995276216,pay via number
Deposit ₹2000 into my bank account,pay to self
Can you pay 500 to Alice?,pay via contacts
"Send money to Mei Chen, account number 3870827289.",bank_transfer
Transfer 31401 to Mei Chen.,bank_transfer
Send 500 to John,pay via contacts
Can you fetch my payment QR code?,show my QR code
"Send money to Priya Kapoor, account number 8871333370.",bank_transfer
Scan a QR code to pay,pay via QR code
Transfer 500 using emma@paytm,pay via UPI ID
Show my transaction history,transaction history
Make a payment of 1000 to Emma,pay via contacts
Can I send ₹2500 to my own account?,pay to self
Send 250 to alice@upi,pay via UPI ID
Transfer 500 to Bob,pay via contacts
Move ₹5500 within my accounts,pay to self
Send 500 to John,pay via contacts
Fund 1541 to 9883430417,pay via number
Scan a QR code to pay,pay via QR code
Move ₹5500 within my accounts,pay to self
Transfer 750 using alice@upi,pay via UPI ID
Pay using the scanned QR code,pay via QR code
Make a UPI payment of 1000 to emma@paytm,pay via UPI ID
Pay 1762 to 9621239137,pay via number
I need to see my past transactions,transaction history
Send 250 to Emma,pay via contacts
Pay 1762 to 9621239137,pay via number
Make a UPI payment of 250 to alice@upi,pay via UPI ID
Send ₹500 to my savings account,pay to self
Scan a QR code to pay,pay via QR code
Can you process a QR code payment?,pay via QR code
Pay 1762 to 9621239137,pay via number
Send 3540 to 9598261481,pay via number
Do a bank transfer.,bank_transfer
Transfer 250 to Bob,pay via contacts
Move ₹5500 within my accounts,pay to self
Transfer 26997 to Fatima Begum.,bank_transfer
Transfer 1657 via 9176273695,pay via number
Can you pay 500 to Alice?,pay via contacts
"Send money to Mei Chen, account number 8871333370.",bank_transfer
"Transfer 41382 to Olivia Brown, account number 5472871348, IFSC BOFA0006789.",bank_transfer
Can you fetch my last payments?,transaction history
Can you pay 250 to Alice?,pay via contacts
Display my recent transactions,transaction history
Can you fetch my last payments?,transaction history
Fund transfer to self ₹200,pay to self
Can you fetch my payment QR code?,show my QR code
Make a payment of 1000 to John,pay via contacts
Transfer 1000 using bob@ybl,pay via UPI ID
Display my QR code,show my QR code
Can you fetch my payment QR code?,show my QR code
Self-payment of ₹6000,pay to self
"Send money to Mei Chen, account number 5728856473.",bank_transfer
Pay 500 via alice@upi,pay via UPI ID
Send 750 to john@sbi,pay via UPI ID
Make a payment using QR,pay via QR code
I need my QR code for transactions,show my QR code
Transfer 1000 to John,pay via contacts
Transfer 1657 via 9176273695,pay via number
Fund 1541 to 9883430417,pay via number
Show my QR code for payment,show my QR code
Self-payment of ₹6000,pay to self
Make a payment using QR,pay via QR code
Can you pay 750 to Emma?,pay via contacts
Show my QR code for payment,show my QR code
Scan a QR code to pay,pay via QR code
Scan a QR code to pay,pay via QR code
Pay using the scanned QR code,pay via QR code
I need my QR code for transactions,show my QR code
Transfer 1000 using john@sbi,pay via UPI ID
I need my QR code for transactions,show my QR code
Send 250 to Alice,pay via contacts
Fund 1541 to 9883430417,pay via number
Send 500 to Emma,pay via contacts
Pay ₹8000 into my own bank,pay to self
Move ₹1000 from checking to savings,pay to self
Can you fetch my payment QR code?,show my QR code
Make a UPI payment of 500 to bob@ybl,pay via UPI ID
Deposit ₹900 into my account from UPI,pay to self
"Send 37722 to account 6284165127, IFSC HDFC0005678.",bank_transfer
I need my QR code for transactions,show my QR code
Can you fetch my payment QR code?,show my QR code
Transfer 5727.,bank_transfer
Can you process a QR code payment?,pay via QR code
Pay bill of 463 using 9709787304,pay via number
Transfer to account 8871333370.,bank_transfer
I need my QR code for transactions,show my QR code
Make a UPI payment of 750 to bob@ybl,pay via UPI ID
Pay 1762 to 9621239137,pay via number
Send 500 to John,pay via contacts
Display my QR code,show my QR code
I need my QR code for transactions,show my QR code
Shift ₹4500 from wallet to bank,pay to self
Make a payment using QR,pay via QR code
Make a payment of 1000 to Bob,pay via contacts
Send 500 to Bob,pay via contacts
Add ₹100 to my digital wallet,pay to self
Pay using the scanned QR code,pay via QR code
Send ₹500 to my savings account,pay to self
Can you process a QR code payment?,pay via QR code
Transfer to account 8871333370.,bank_transfer
Transfer to account 5265416525.,bank_transfer
"Send 24357 to account 5728856473, IFSC BOFA0006789.",bank_transfer
Send 1000 to bob@ybl,pay via UPI ID
Can you pay 250 to Bob?,pay via contacts
Transfer 5727 to Anita Singh.,bank_transfer
Do a bank transfer.,bank_transfer
Transfer to account 4284769487.,bank_transfer
"Send money to Akash Nair, account number 5728856473.",bank_transfer
Display my recent transactions,transaction history
"Transfer 48486 to Olivia Brown, account number 7036643460, IFSC PNB0005432.",bank_transfer
Move ₹1000 from checking to savings,pay to self
Display my recent transactions,transaction history
Scan a QR code to pay,pay via QR code
Show my transaction history,transaction history
Transfer 1657 via 9176273695,pay via number
Transfer 24477 to Akash Nair.,bank_transfer
Can you fetch my last payments?,transaction history
Pay 1762 to 9621239137,pay via number
I need my QR code for transactions,show my QR code
Pay using the scanned QR code,pay via QR code
"Send money to Mei Chen, account number 5728856473.",bank_transfer
Make a payment of 750 to John,pay via contacts
I want to pay myself ₹3000,pay to self
Show my QR code for payment,show my QR code
Can you pay 250 to Bob?,pay via contacts
"Send money to Priya Kapoor, account number 2761635476.",bank_transfer
Send 1336 INR to 9995276216,pay via number
Can you process a QR code payment?,pay via QR code
Transfer 26997 to Anita Singh.,bank_transfer
Transfer 1000 using alice@upi,pay via UPI ID
Can you fetch my payment QR code?,show my QR code
Make a payment using QR,pay via QR code
Transfer 4867.,bank_transfer
Do a bank transfer.,bank_transfer
Display my recent transactions,transaction history
"Send 20440 to account 6284165127, IFSC ICIC0009876.",bank_transfer
Can you pay 250 to Bob?,pay via contacts
Send 31401 to IFSC SBIN0001234.,bank_transfer
Fund 1541 to 9883430417,pay via number
I need my QR code for transactions,show my QR code
Transfer 750 to Alice,pay via contacts
Pay 750 via bob@ybl,pay via UPI ID
Show my QR code for payment,show my QR code
Can I send ₹2500 to my own account?,pay to self
"Send 37722 to account 9446895308, IFSC BOFA0006789.",bank_transfer
Make a payment using QR,pay via QR code
Make a UPI payment of 1000 to emma@paytm,pay via UPI ID
Transfer 1000 using emma@paytm,pay via UPI ID
Transfer 5727 to Olivia Brown.,bank_transfer
Scan a QR code to pay,pay via QR code
Move ₹1000 from checking to savings,pay to self
Make a payment using QR,pay via QR code
Can you fetch my last payments?,transaction history
Pay ₹8000 into my own bank,pay to self
Show my transaction history,transaction history
Send 1336 INR to 9995276216,pay via number
Pay using the scanned QR code,pay via QR code
Display my recent transactions,transaction history
Transfer 750 to Bob,pay via contacts
I need to see my past transactions,transaction history
Do a bank transfer.,bank_transfer
Pay using the scanned QR code,pay via QR code
Can you fetch my last payments?,transaction history
Can you process a QR code payment?,pay via QR code
I need to see my past transactions,transaction history
Can you pay 750 to Emma?,pay via contacts
"Send 28532 to account 4467829142, IFSC AXIS0001122.",bank_transfer
Transfer 2000 using john@sbi,pay via UPI ID
Send 1336 INR to 9995276216,pay via number
Transfer 28532.,bank_transfer
Send 3540 to 9598261481,pay via number
Scan a QR code to pay,pay via QR code
Scan a QR code to pay,pay via QR code
Make a payment using QR,pay via QR code
Deposit ₹900 into my account from UPI,pay to self
Show my transaction history,transaction history
Transfer 750 using bob@ybl,pay via UPI ID
Can you process a QR code payment?,pay via QR code
Pay ₹8000 into my own bank,pay to self
Display my recent transactions,transaction history
Scan a QR code to pay,pay via QR code
Can you fetch my payment QR code?,show my QR code
Show my QR code for payment,show my QR code
Can you process a QR code payment?,pay via QR code
Make a payment using QR,pay via QR code
Send 3540 to 9598261481,pay via number
Do a bank transfer.,bank_transfer
Pay bill of 463 using 9709787304,pay via number
Make a payment using QR,pay via QR code
Can you fetch my last payments?,transaction history
Can you pay 750 to Alice?,pay via contacts
I need my QR code for transactions,show my QR code
Display my recent transactions,transaction history
Self-payment of ₹6000,pay to self
Pay bill of 463 using 9709787304,pay via number
Make a payment using QR,pay via QR code
Make a UPI payment of 1000 to alice@upi,pay via UPI ID
Display my QR code,show my QR code
Send ₹3500 from my UPI to my own bank,pay to self
Make a payment of 250 to John,pay via contacts
Transfer 1000 to Bob,pay via contacts
Can you process a QR code payment?,pay via QR code
Send 1336 INR to 9995276216,pay via number
Display my recent transactions,transaction history
Send 500 to John,pay via contacts
Transfer to account 9180071527.,bank_transfer
Deposit ₹900 into my account from UPI,pay to self
Make a UPI payment of 2000 to emma@paytm,pay via UPI ID
"Transfer 24357 to Mei Chen, account number 6839885968, IFSC YESB0003344.",bank_transfer
I need my QR code for transactions,show my QR code
Make a payment using QR,pay via QR code
Transfer to account 2761635476.,bank_transfer
Fund transfer to self ₹200,pay to self
Transfer 2000 using emma@paytm,pay via UPI ID
Scan a QR code to pay,pay via QR code
Display my QR code,show my QR code
Show my QR code for payment,show my QR code
I need to see my past transactions,transaction history
Pay 2000 via alice@upi,pay via UPI ID
I need to see my past transactions,transaction history
Transfer 34700 to Olivia Brown.,bank_transfer
Pay using the scanned QR code,pay via QR code
Do a bank transfer.,bank_transfer
Send 1336 INR to 9995276216,pay via number
I want to pay myself ₹3000,pay to self
"Send money to Anita Singh, account number 9654334863.",bank_transfer
Send 500 to emma@paytm,pay via UPI ID
Display my recent transactions,transaction history
Pay 1000 via john@sbi,pay via UPI ID
"Transfer 24477 to Carlos Silva, account number 4284769487, IFSC AXIS0001122.",bank_transfer
Can you process a QR code payment?,pay via QR code
Send 48843 to IFSC HDFC0005678.,bank_transfer
Can you fetch my last payments?,transaction history
Transfer 20440 to Fatima Begum.,bank_transfer
Send 750 to Emma,pay via contacts
Scan a QR code to pay,pay via QR code
Can I send ₹2500 to my own account?,pay to self
Can you fetch my payment QR code?,show my QR code
Transfer 750 to Alice,pay via contacts
Move some funds to my personal account,pay to self
Can you pay 1000 to John?,pay via contacts
Transfer 4209 to Akash Nair.,bank_transfer
Show my transaction history,transaction history
Deposit ₹2000 into my bank account,pay to self
Can you process a QR code payment?,pay via QR code
Transfer money to 9640360845,pay via number
Show my QR code for payment,show my QR code
Can you fetch my payment QR code?,show my QR code
Send ₹500 to my savings account,pay to self
Show my QR code for payment,show my QR code
Can you pay 750 to Alice?,pay via contacts
Make a UPI payment of 2000 to alice@upi,pay via UPI ID
Make a payment of 1000 to John,pay via contacts
Send 1000 to John,pay via contacts
Can I transfer ₹5000 to myself?,pay to self
Send ₹3500 from my UPI to my own bank,pay to self
Do a bank transfer.,bank_transfer
Make a payment of 750 to Bob,pay via contacts
Move ₹5500 within my accounts,pay to self
Self-payment of ₹6000,pay to self
Pay 2000 via emma@paytm,pay via UPI ID
Pay 250 via alice@upi,pay via UPI ID
Show my QR code for payment,show my QR code
Transfer 500 using john@sbi,pay via UPI ID
Can you fetch my payment QR code?,show my QR code
Display my QR code,show my QR code
Pay using the scanned QR code,pay via QR code
Can you pay 250 to Alice?,pay via contacts
Can you fetch my last payments?,transaction history
Make a UPI payment of 2000 to bob@ybl,pay via UPI ID
Can you fetch my payment QR code?,show my QR code
Show my transaction history,transaction history
Do a bank transfer.,bank_transfer
Scan a QR code to pay,pay via QR code
Pay 250 via john@sbi,pay via UPI ID
Deposit ₹900 into my account from UPI,pay to self
Display my QR code,show my QR code
Display my recent transactions,transaction history
Show my QR code for payment,show my QR code
Show my QR code for payment,show my QR code
Transfer 1657 via 9176273695,pay via number
Can you fetch my payment QR code?,show my QR code
Scan a QR code to pay,pay via QR code
Move ₹5500 within my accounts,pay to self
Transfer 18656.,bank_transfer
Make a payment using QR,pay via QR code
Self-payment of ₹6000,pay to self
Fund 1541 to 9883430417,pay via number
"Send 26997 to account 7036643460, IFSC AXIS0001122.",bank_transfer
Transfer money to my own account,pay to self
Send 500 to John,pay via contacts
Pay bill of 463 using 9709787304,pay via number
Transfer 250 to Bob,pay via contacts
Pay 500 via john@sbi,pay via UPI ID
Move ₹1000 from checking to savings,pay to self
Scan a QR code to pay,pay via QR code
Display my recent transactions,transaction history
Transfer 250 using alice@upi,pay via UPI ID
I need my QR code for transactions,show my QR code
Deposit ₹2000 into my bank account,pay to self
Make a payment of 750 to Emma,pay via contacts
Scan a QR code to pay,pay via QR code
Display my QR code,show my QR code
Transfer 250 using bob@ybl,pay via UPI ID
Can you pay 750 to John?,pay via contacts
Send ₹500 to my savings account,pay to self
Pay using the scanned QR code,pay via QR code
Send 20440 to IFSC PNB0005432.,bank_transfer
Make a UPI payment of 2000 to bob@ybl,pay via UPI ID
Transfer to account 5472871348.,bank_transfer
Display my recent transactions,transaction history
Show my transaction history,transaction history
Make a payment using QR,pay via QR code
Transfer 1000 to Emma,pay via contacts
Transfer 1000 using bob@ybl,pay via UPI ID
Show my QR code for payment,show my QR code
Transfer money to 9640360845,pay via number
Show my transaction history,transaction history
Fund 1541 to 9883430417,pay via number
Transfer 18656.,bank_transfer
Make a payment using QR,pay via QR code
Send 3540 to 9598261481,pay via number
Show my QR code for payment,show my QR code
Send 750 to Emma,pay via contacts
I need to move ₹700 to another account of mine,pay to self
Can you fetch my last payments?,transaction history
Make a payment using QR,pay via QR code
Transfer 1000 using alice@upi,pay via UPI ID
I need to see my past transactions,transaction history
I need my QR code for transactions,show my QR code
Display my recent transactions,transaction history
Transfer to account 5265416525.,bank_transfer
Scan a QR code to pay,pay via QR code
Can you pay 750 to Bob?,pay via contacts
Send 2000 to bob@ybl,pay via UPI ID
Do a bank transfer.,bank_transfer
Make a UPI payment of 750 to alice@upi,pay via UPI ID
Can you process a QR code payment?,pay via QR code
Make a payment using QR,pay via QR code
Pay using the scanned QR code,pay via QR code
Transfer 750 to Alice,pay via contacts
Transfer 250 using bob@ybl,pay via UPI ID
Can you pay 750 to Alice?,pay via contacts
Send 250 to emma@paytm,pay via UPI ID
Display my recent transactions,transaction history
I need my QR code for transactions,show my QR code
Can you process a QR code payment?,pay via QR code
Transfer 1657 via 9176273695,pay via number
Make a UPI payment of 250 to emma@paytm,pay via UPI ID
Do a bank transfer.,bank_transfer
"Send 34700 to account 8871333370, IFSC AXIS0001122.",bank_transfer
Transfer money to 9640360845,pay via number
Display my recent transactions,transaction history
Can you pay 250 to John?,pay via contacts
Can you fetch my last payments?,transaction history
Send 250 to Emma,pay via contacts
Can you pay 750 to Bob?,pay via contacts
Transfer 1657 via 9176273695,pay via number
Transfer 750 to John,pay via contacts
Pay bill of 463 using 9709787304,pay via number
Can you fetch my last payments?,transaction history
Move some funds to my personal account,pay to self
Display my recent transactions,transaction history
Transfer 2000 to John,pay via contacts
Do a bank transfer.,bank_transfer
Display my QR code,show my QR code
Transfer 250 using john@sbi,pay via UPI ID
Make a UPI payment of 2000 to bob@ybl,pay via UPI ID
Pay 1000 via bob@ybl,pay via UPI ID
Fund transfer to self ₹200,pay to self
Transfer money to 9640360845,pay via number
Transfer 500 using emma@paytm,pay via UPI ID
Can you pay 500 to Emma?,pay via contacts
Make a UPI payment of 750 to emma@paytm,pay via UPI ID
Scan a QR code to pay,pay via QR code
Do a bank transfer.,bank_transfer
Transfer 500 to Alice,pay via contacts
Pay using the scanned QR code,pay via QR code
Pay bill of 463 using 9709787304,pay via number
I need my QR code for transactions,show my QR code
Move some funds to my personal account,pay to self
Transfer 250 to Emma,pay via contacts
Show my transaction history,transaction history
Can you fetch my last payments?,transaction history
Make a payment of 250 to Emma,pay via contacts
Send 500 to Emma,pay via contacts
Send 1000 to bob@ybl,pay via UPI ID
Pay using the scanned QR code,pay via QR code
Transfer 750 to Emma,pay via contacts
Make a UPI payment of 500 to john@sbi,pay via UPI ID
Move some funds to my personal account,pay to self
Transfer to account 5472871348.,bank_transfer
Send 500 to Alice,pay via contacts
Pay using the scanned QR code,pay via QR code
Send 48486 to IFSC HDFC0005678.,bank_transfer
Send 250 to john@sbi,pay via UPI ID
Transfer 1657 via 9176273695,pay via number
Transfer money to 9640360845,pay via number
Display my recent transactions,transaction history
Transfer to account 9654334863.,bank_transfer
Send 750 to Alice,pay via contacts
Can I transfer ₹5000 to myself?,pay to self
Make a payment using QR,pay via QR code
I need to see my past transactions,transaction history
Transfer 1000 to Alice,pay via contacts
Transfer 5727.,bank_transfer
I need to see my past transactions,transaction history
"Send money to Olivia Brown, account number 3870827289.",bank_transfer
Can you pay 2000 to Emma?,pay via contacts
Display my recent transactions,transaction history
Display my recent transactions,transaction history
Can you fetch my last payments?,transaction history
Display my recent transactions,transaction history
Show my transaction history,transaction history
Pay 1000 via john@sbi,pay via UPI ID
Transfer 500 using emma@paytm,pay via UPI ID
Send 250 to Bob,pay via contacts
Pay using the scanned QR code,pay via QR code
Can you pay 250 to Emma?,pay via contacts
Send 3540 to 9598261481,pay via number
Display my recent transactions,transaction history
Can you pay 2000 to John?,pay via contacts
Pay bill of 463 using 9709787304,pay via number
Can I send ₹2500 to my own account?,pay to self
Pay using the scanned QR code,pay via QR code
Transfer 1000 to Emma,pay via contacts
Transfer money to 9640360845,pay via number
Pay 1762 to 9621239137,pay via number
Make a UPI payment of 750 to bob@ybl,pay via UPI ID
I need to see my past transactions,transaction history
Send 1336 INR to 9995276216,pay via number
Add ₹10000 to my secondary account,pay to self
Move ₹1000 from checking to savings,pay to self
"Send 24357 to account 5728856473, IFSC BOFA0006789.",bank_transfer
Can you fetch my last payments?,transaction history
Self-transfer ₹1500,pay to self
Show my transaction history,transaction history
Show my transaction history,transaction history
Send ₹500 to my savings account,pay to self
Pay 1000 via bob@ybl,pay via UPI ID
Make a payment of 1000 to John,pay via contacts
Make a payment using QR,pay via QR code
Can you fetch my last payments?,transaction history
Make a payment of 2000 to Bob,pay via contacts
Make a payment of 750 to Emma,pay via contacts
Pay 1000 via john@sbi,pay via UPI ID
Can you fetch my last payments?,transaction history
Send 250 to Alice,pay via contacts
Display my recent transactions,transaction history
Transfer 250 using bob@ybl,pay via UPI ID
Can you fetch my payment QR code?,show my QR code
Can you fetch my payment QR code?,show my QR code
Transfer money to my own account,pay to self
Transfer 250 to John,pay via contacts
Send 31401 to IFSC BOFA0006789.,bank_transfer
Self-payment of ₹6000,pay to self
Send 3540 to 9598261481,pay via number
Send 750 to Emma,pay via contacts
Make a UPI payment of 1000 to bob@ybl,pay via UPI ID
Scan a QR code to pay,pay via QR code
Can you process a QR code payment?,pay via QR code
Transfer 500 using bob@ybl,pay via UPI ID
"Transfer 14720 to Carlos Silva, account number 2761635476, IFSC SBIN0001234.",bank_transfer
Make a UPI payment of 1000 to bob@ybl,pay via UPI ID
Display my recent transactions,transaction history
Send 1336 INR to 9995276216,pay via number
I need to see my past transactions,transaction history
Pay 1000 via alice@upi,pay via UPI ID
I need my QR code for transactions,show my QR code
Transfer 1657 via 9176273695,pay via number
Fund transfer to self ₹200,pay to self
Make a UPI payment of 750 to john@sbi,pay via UPI ID
Pay 1762 to 9621239137,pay via number
Can you pay 500 to Alice?,pay via contacts
Send 2000 to alice@upi,pay via UPI ID
Can you fetch my payment QR code?,show my QR code
Make a payment using QR,pay via QR code
Transfer to account 9180071527.,bank_transfer
Transfer 1657 via 9176273695,pay via number
Shift ₹4500 from wallet to bank,pay to self
Scan a QR code to pay,pay via QR code
Make a payment using QR,pay via QR code
Make a payment using QR,pay via QR code
Can you fetch my payment QR code?,show my QR code
I need my QR code for transactions,show my QR code
Self-transfer ₹1500,pay to self
Send 750 to Bob,pay via contacts
Make a payment using QR,pay via QR code
I need to see my past transactions,transaction history
Transfer 250 to Emma,pay via contacts
Make a payment using QR,pay via QR code
"Send money to Anita Singh, account number 9180071527.",bank_transfer
Transfer 1657 via 9176273695,pay via number
I need to see my past transactions,transaction history
Can you fetch my last payments?,transaction history
Make a payment using QR,pay via QR code
I need to see my past transactions,transaction history
Do a bank transfer.,bank_transfer
Transfer money to 9640360845,pay via number
Send 3540 to 9598261481,pay via number
"Send 37057 to account 4284769487, IFSC AXIS0001122.",bank_transfer
I want to pay myself ₹3000,pay to self
I need to see my past transactions,transaction history
Show my QR code for payment,show my QR code
Send 32617 to IFSC PNB0005432.,bank_transfer
Scan a QR code to pay,pay via QR code
Show my transaction history,transaction history
Can you pay 250 to John?,pay via contacts
Transfer money to 9640360845,pay via number
Show my transaction history,transaction history
Can you fetch my last payments?,transaction history
Make a payment using QR,pay via QR code
Make a payment of 1000 to Bob,pay via contacts
Show my transaction history,transaction history
Send 750 to Emma,pay via contacts
I need my QR code for transactions,show my QR code
Can you fetch my payment QR code?,show my QR code
Transfer 2000 to Alice,pay via contacts
Can you fetch my last payments?,transaction history
Display my recent transactions,transaction history
Transfer money to 9640360845,pay via number
I need my QR code for transactions,show my QR code
Scan a QR code to pay,pay via QR code
Scan a QR code to pay,pay via QR code
Can you fetch my payment QR code?,show my QR code
Make a payment of 2000 to Alice,pay via contacts
I need my QR code for transactions,show my QR code
Can you fetch my last payments?,transaction history
Send ₹500 to my savings account,pay to self
I need my QR code for transactions,show my QR code
Can you process a QR code payment?,pay via QR code
"Transfer 24477 to Priya Kapoor, account number 9446895308, IFSC YESB0003344.",bank_transfer
Send 4209 to IFSC BOFA0006789.,bank_transfer
Can you pay 750 to Alice?,pay via contacts
Pay using the scanned QR code,pay via QR code
Move some funds to my personal account,pay to self
Fund 1541 to 9883430417,pay via number
Can I send ₹2500 to my own account?,pay to self
"Send money to John Doe, account number 5728856473.",bank_transfer
Show my QR code for payment,show my QR code
Display my recent transactions,transaction history
Can you fetch my last payments?,transaction history
Pay 1762 to 9621239137,pay via number
Scan a QR code to pay,pay via QR code
Can you process a QR code payment?,pay via QR code
Scan a QR code to pay,pay via QR code
Do a bank transfer.,bank_transfer
Can you fetch my last payments?,transaction history
Show my transaction history,transaction history
Pay 250 via bob@ybl,pay via UPI ID
Make a payment using QR,pay via QR code
Can you fetch my payment QR code?,show my QR code
Can I send ₹2500 to my own account?,pay to self
"Send money to Olivia Brown, account number 9180071527.",bank_transfer
Shift ₹4500 from wallet to bank,pay to self
Make a payment using QR,pay via QR code
Pay 1000 via emma@paytm,pay via UPI ID
Can you fetch my last payments?,transaction history
Show my transaction history,transaction history
Make a payment of 500 to Bob,pay via contacts
Can you fetch my payment QR code?,show my QR code
Can you fetch my payment QR code?,show my QR code
Display my QR code,show my QR code
Transfer 20503.,bank_transfer
Can you fetch my payment QR code?,show my QR code
Display my recent transactions,transaction history
Transfer to account 7036643460.,bank_transfer
Make a UPI payment of 1000 to john@sbi,pay via UPI ID
Pay bill of 463 using 9709787304,pay via number
Show my QR code for payment,show my QR code
I need to move ₹700 to another account of mine,pay to self
I need to see my past transactions,transaction history
Send 2000 to John,pay via contacts
Pay 1762 to 9621239137,pay via number
Deposit ₹2000 into my bank account,pay to self
"Send 18656 to account 7036643460, IFSC AXIS0001122.",bank_transfer
Display my QR code,show my QR code
"Send money to Anita Singh, account number 9180071527.",bank_transfer
Make a payment using QR,pay via QR code
Transfer 20503.,bank_transfer
Transfer 2000 to John,pay via contacts
I need my QR code for transactions,show my QR code
I need to see my past transactions,transaction history
Transfer 2000 using bob@ybl,pay via UPI ID
Send 3540 to 9598261481,pay via number
Pay 1762 to 9621239137,pay via number
Pay 750 via john@sbi,pay via UPI ID
I need to see my past transactions,transaction history
Do a bank transfer.,bank_transfer
Scan a QR code to pay,pay via QR code
Make a UPI payment of 250 to bob@ybl,pay via UPI ID
Show my QR code for payment,show my QR code
Can you process a QR code payment?,pay via QR code
Show my QR code for payment,show my QR code
Can you fetch my payment QR code?,show my QR code
Make a payment of 250 to Alice,pay via contacts
Send 2000 to bob@ybl,pay via UPI ID
Transfer money to 9640360845,pay via number
Pay bill of 463 using 9709787304,pay via number
Pay 250 via bob@ybl,pay via UPI ID
Pay 2000 via alice@upi,pay via UPI ID
Can you process a QR code payment?,pay via QR code
Can you pay 2000 to Bob?,pay via contacts
Make a payment of 750 to Emma,pay via contacts
Transfer 1657 via 9176273695,pay via number
I need to see my past transactions,transaction history
Send 250 to john@sbi,pay via UPI ID
Send ₹3500 from my UPI to my own bank,pay to self
I need to see my past transactions,transaction history
Display my recent transactions,transaction history
Display my recent transactions,transaction history
Send 3540 to 9598261481,pay via number
Can you fetch my last payments?,transaction history
Move some funds to my personal account,pay to self
Transfer 1657 via 9176273695,pay via number
Can you fetch my last payments?,transaction history
Pay ₹8000 into my own bank,pay to self
Send 3540 to 9598261481,pay via number
Scan a QR code to pay,pay via QR code
Display my recent transactions,transaction history
Send 1336 INR to 9995276216,pay via number
I need to see my past transactions,transaction history
Scan a QR code to pay,pay via QR code
Self-transfer ₹1500,pay to self
Transfer 37722 to Olivia Brown.,bank_transfer
Can I send ₹2500 to my own account?,pay to self
Send 3540 to 9598261481,pay via number
I want to pay myself ₹3000,pay to self
Transfer 250 using john@sbi,pay via UPI ID
Can you process a QR code payment?,pay via QR code
Transfer 1657 via 9176273695,pay via number
Scan a QR code to pay,pay via QR code
Transfer 34700.,bank_transfer
Display my recent transactions,transaction history
Fund 1541 to 9883430417,pay via number
Send 250 to Alice,pay via contacts
Transfer 2000 using emma@paytm,pay via UPI ID
Show my transaction history,transaction history
Can you pay 1000 to John?,pay via contacts
Make a payment using QR,pay via QR code
Display my recent transactions,transaction history
Transfer 1000 using bob@ybl,pay via UPI ID
Pay 1000 via bob@ybl,pay via UPI ID
Send 1336 INR to 9995276216,pay via number
Can you fetch my payment QR code?,show my QR code
Send 250 to Emma,pay via contacts
Make a payment of 2000 to Alice,pay via contacts
Send 750 to Emma,pay via contacts
Transfer to account 6839885968.,bank_transfer
Transfer 500 using alice@upi,pay via UPI ID
I need my QR code for transactions,show my QR code
Show my transaction history,transaction history
Transfer money to 9640360845,pay via number
Send 3540 to 9598261481,pay via number
Transfer money to 9640360845,pay via number
Show my QR code for payment,show my QR code
I want to pay myself ₹3000,pay to self
Transfer 34700.,bank_transfer
Move ₹5500 within my accounts,pay to self
Show my transaction history,transaction history
Make a UPI payment of 250 to alice@upi,pay via UPI ID
Can you pay 500 to Alice?,pay via contacts
Pay bill of 463 using 9709787304,pay via number
Pay bill of 463 using 9709787304,pay via number
Can you pay 500 to Alice?,pay via contacts
"Send money to Anita Singh, account number 3503310637.",bank_transfer
Send 1000 to John,pay via contacts
Pay 2000 via emma@paytm,pay via UPI ID
Send 34700 to IFSC AXIS0001122.,bank_transfer
Send 2000 to bob@ybl,pay via UPI ID
Can you fetch my payment QR code?,show my QR code
Can you process a QR code payment?,pay via QR code
Pay 2000 via alice@upi,pay via UPI ID
Show my QR code for payment,show my QR code
Send 1000 to Emma,pay via contacts
Fund 1541 to 9883430417,pay via number
Transfer to account 8871333370.,bank_transfer
Can you process a QR code payment?,pay via QR code
Display my QR code,show my QR code
Deposit ₹2000 into my bank account,pay to self
Send 1336 INR to 9995276216,pay via number
Display my recent transactions,transaction history
Send 1000 to Emma,pay via contacts
Transfer 24357.,bank_transfer
Make a UPI payment of 750 to emma@paytm,pay via UPI ID
Transfer 250 to Bob,pay via contacts
Transfer 750 using bob@ybl,pay via UPI ID
Self-transfer ₹1500,pay to self
Pay bill of 463 using 9709787304,pay via number
Can you pay 750 to Emma?,pay via contacts
Can you pay 750 to Alice?,pay via contacts
Do a bank transfer.,bank_transfer
Send 2000 to alice@upi,pay via UPI ID
Can you fetch my last payments?,transaction history
Show my transaction history,transaction history
Display my recent transactions,transaction history
Scan a QR code to pay,pay via QR code
I want to pay myself ₹3000,pay to self
Make a UPI payment of 750 to alice@upi,pay via UPI ID
"Transfer 14720 to Mei Chen, account number 4467829142, IFSC SBIN0001234.",bank_transfer
Transfer money to my own account,pay to self
Send 1336 INR to 9995276216,pay via number
Transfer to account 9606509765.,bank_transfer
Make a payment of 750 to Bob,pay via contacts
Transfer 500 using emma@paytm,pay via UPI ID
Make a UPI payment of 500 to alice@upi,pay via UPI ID
Show my transaction history,transaction history
Can I transfer ₹5000 to myself?,pay to self
Send 250 to alice@upi,pay via UPI ID
Send ₹500 to my savings account,pay to self
Pay using the scanned QR code,pay via QR code
Transfer 2000 to Bob,pay via contacts
Transfer money to 9640360845,pay via number
Can you process a QR code payment?,pay via QR code
Send 34700 to IFSC AXIS0001122.,bank_transfer
"Send 4867 to account 8362678849, IFSC BOFA0006789.",bank_transfer
Pay using the scanned QR code,pay via QR code
"Send 48843 to account 4284769487, IFSC YESB0003344.",bank_transfer
Show my transaction history,transaction history
Transfer 750 to Bob,pay via contacts
Pay 750 via bob@ybl,pay via UPI ID
Fund 1541 to 9883430417,pay via number
Move ₹5500 within my accounts,pay to self
Make a payment of 500 to Emma,pay via contacts
Can you fetch my last payments?,transaction history
Can you fetch my payment QR code?,show my QR code
"Send money to Carlos Silva, account number 5265416525.",bank_transfer
Send ₹3500 from my UPI to my own bank,pay to self
Send 1336 INR to 9995276216,pay via number
Self-transfer ₹1500,pay to self
Can you fetch my payment QR code?,show my QR code
Make a UPI payment of 1000 to john@sbi,pay via UPI ID
Show my transaction history,transaction history
Do a bank transfer.,bank_transfer
I need to see my past transactions,transaction history
Pay bill of 463 using 9709787304,pay via number
Do a bank transfer.,bank_transfer
Send 2000 to John,pay via contacts
Send 750 to John,pay via contacts
Can you process a QR code payment?,pay via QR code
Send 1336 INR to 9995276216,pay via number
Transfer 1657 via 9176273695,pay via number
Send 750 to emma@paytm,pay via UPI ID
Send 1000 to john@sbi,pay via UPI ID
"Send 37057 to account 9180071527, IFSC ICIC0009876.",bank_transfer
Move ₹5500 within my accounts,pay to self
Transfer to account 9180071527.,bank_transfer
Display my recent transactions,transaction history
I need my QR code for transactions,show my QR code
Fund transfer to self ₹200,pay to self
Can you fetch my payment QR code?,show my QR code
Send 500 to John,pay via contacts
Send 1336 INR to 9995276216,pay via number
Scan a QR code to pay,pay via QR code
Transfer 41382 to Akash Nair.,bank_transfer
Display my QR code,show my QR code
Send 1000 to Alice,pay via contacts
"Send money to Carlos Silva, account number 3503310637.",bank_transfer
Pay 500 via john@sbi,pay via UPI ID
Can you fetch my last payments?,transaction history
I need to see my past transactions,transaction history
I need to move ₹700 to another account of mine,pay to self
Fund 1541 to 9883430417,pay via number
Pay bill of 463 using 9709787304,pay via number
Fund 1541 to 9883430417,pay via number
Display my QR code,show my QR code
"Send 41382 to account 9628205197, IFSC PNB0005432.",bank_transfer
Pay bill of 463 using 9709787304,pay via number
Can you fetch my last payments?,transaction history
Scan a QR code to pay,pay via QR code
Pay using the scanned QR code,pay via QR code
Transfer 1000 using john@sbi,pay via UPI ID
Transfer to account 9180071527.,bank_transfer
Make a UPI payment of 500 to emma@paytm,pay via UPI ID
Can you fetch my payment QR code?,show my QR code
Transfer 26997 to Priya Kapoor.,bank_transfer
Can you pay 250 to Bob?,pay via contacts
Send 3540 to 9598261481,pay via number
Send 250 to alice@upi,pay via UPI ID
Make a payment of 750 to Bob,pay via contacts
Send 1336 INR to 9995276216,pay via number
Transfer 34700 to Akash Nair.,bank_transfer
Can you pay 750 to Alice?,pay via contacts
Pay bill of 463 using 9709787304,pay via number
Make a payment of 1000 to Alice,pay via contacts
I need to see my past transactions,transaction history
Can you fetch my last payments?,transaction history
Send ₹3500 from my UPI to my own bank,pay to self
Fund 1541 to 9883430417,pay via number
Show my transaction history,transaction history
Transfer money to 9640360845,pay via number
Transfer 750 to Bob,pay via contacts
I need my QR code for transactions,show my QR code
Transfer 34700.,bank_transfer
I need my QR code for transactions,show my QR code
Make a UPI payment of 2000 to alice@upi,pay via UPI ID
Show my transaction history,transaction history
I need to see my past transactions,transaction history
Pay bill of 463 using 9709787304,pay via number
Fund 1541 to 9883430417,pay via number
Display my QR code,show my QR code
Transfer 26997 to Priya Kapoor.,bank_transfer
Can you fetch my payment QR code?,show my QR code
Make a payment of 1000 to Alice,pay via contacts
"Transfer 14720 to Mei Chen, account number 4467829142, IFSC SBIN0001234.",bank_transfer
Pay 1762 to 9621239137,pay via number
I want to pay myself ₹3000,pay to self
Move ₹1000 from checking to savings,pay to self
Transfer 31580 to Fatima Begum.,bank_transfer
Fund transfer to self ₹200,pay to self
Fund 1541 to 9883430417,pay via number
Make a payment using QR,pay via QR code
Add ₹100 to my digital wallet,pay to self
Display my recent transactions,transaction history
Pay 1762 to 9621239137,pay via number
Pay 250 via alice@upi,pay via UPI ID
Scan a QR code to pay,pay via QR code
"Send money to Rahul Sharma, account number 5472871348.",bank_transfer
Pay bill of 463 using 9709787304,pay via number
Pay 750 via alice@upi,pay via UPI ID
I need my QR code for transactions,show my QR code
Can you process a QR code payment?,pay via QR code
Pay bill of 463 using 9709787304,pay via number
Scan a QR code to pay,pay via QR code
Send 250 to Bob,pay via contacts
Pay 2000 via emma@paytm,pay via UPI ID
Pay using the scanned QR code,pay via QR code
Fund 1541 to 9883430417,pay via number
Send 3540 to 9598261481,pay via number
Make a payment of 250 to Emma,pay via contacts
Scan a QR code to pay,pay via QR code
Show my QR code for payment,show my QR code
Can you fetch my last payments?,transaction history
Pay using the scanned QR code,pay via QR code
I need my QR code for transactions,show my QR code
Move ₹5500 within my accounts,pay to self
Move ₹1000 from checking to savings,pay to self
Transfer 18656.,bank_transfer
Can you process a QR code payment?,pay via QR code
Shift ₹4500 from wallet to bank,pay to self
Show my QR code for payment,show my QR code
Transfer 32617 to David Johnson.,bank_transfer
Transfer 32617.,bank_transfer
Transfer money to 9640360845,pay via number
Transfer 750 using john@sbi,pay via UPI ID
I need my QR code for transactions,show my QR code
Transfer to account 6839885968.,bank_transfer
Show my transaction history,transaction history
Pay bill of 463 using 9709787304,pay via number
Transfer money to 9640360845,pay via number
Send 3540 to 9598261481,pay via number
Scan a QR code to pay,pay via QR code
"Send 48843 to account 8871333370, IFSC BOFA0006789.",bank_transfer
Fund 1541 to 9883430417,pay via number
Transfer money to 9640360845,pay via number
Send 750 to alice@upi,pay via UPI ID
I need my QR code for transactions,show my QR code
Send 3540 to 9598261481,pay via number
I need to see my past transactions,transaction history
Fund 1541 to 9883430417,pay via number
Send 750 to John,pay via contacts
Can you fetch my payment QR code?,show my QR code
Pay 2000 via alice@upi,pay via UPI ID
Send 2000 to john@sbi,pay via UPI ID
Make a UPI payment of 750 to alice@upi,pay via UPI ID
Transfer 20503.,bank_transfer
Move ₹1000 from checking to savings,pay to self
Display my recent transactions,transaction history
Display my recent transactions,transaction history
Make a payment using QR,pay via QR code
Display my recent transactions,transaction history
Pay using the scanned QR code,pay via QR code
Show my QR code for payment,show my QR code
Make a payment of 250 to Emma,pay via contacts
Can you process a QR code payment?,pay via QR code
Send 20503 to IFSC BOFA0006789.,bank_transfer
"Send 37057 to account 4284769487, IFSC AXIS0001122.",bank_transfer
Make a UPI payment of 750 to emma@paytm,pay via UPI ID
Can you pay 1000 to John?,pay via contacts
Transfer 1657 via 9176273695,pay via number
Send 250 to Alice,pay via contacts
"Send money to Priya Kapoor, account number 3503310637.",bank_transfer
Display my QR code,show my QR code
I need to move ₹700 to another account of mine,pay to self
I need to see my past transactions,transaction history
Do a bank transfer.,bank_transfer
Display my recent transactions,transaction history
Make a payment using QR,pay via QR code
"Transfer 24357 to John Doe, account number 3075005585, IFSC SBIN0001234.",bank_transfer
I need to move ₹700 to another account of mine,pay to self
Make a payment using QR,pay via QR code
Pay using the scanned QR code,pay via QR code
Make a payment using QR,pay via QR code
Can you process a QR code payment?,pay via QR code
Can you pay 250 to Emma?,pay via contacts
Can you process a QR code payment?,pay via QR code
Display my recent transactions,transaction history
Transfer 2000 using bob@ybl,pay via UPI ID
Send ₹3500 from my UPI to my own bank,pay to self
I need my QR code for transactions,show my QR code
Add ₹10000 to my secondary account,pay to self
Send 250 to bob@ybl,pay via UPI ID
Send 1336 INR to 9995276216,pay via number
Display my recent transactions,transaction history
Display my recent transactions,transaction history
Scan a QR code to pay,pay via QR code
Can you fetch my last payments?,transaction history
Display my QR code,show my QR code
"Send money to David Johnson, account number 3075005585.",bank_transfer
Make a payment using QR,pay via QR code
Show my QR code for payment,show my QR code
Can you pay 750 to Bob?,pay via contacts
Fund 1541 to 9883430417,pay via number
"Send money to Mei Chen, account number 4284769487.",bank_transfer
Pay 2000 via emma@paytm,pay via UPI ID
Scan a QR code to pay,pay via QR code
Pay 1000 via alice@upi,pay via UPI ID
Transfer 1000 to Bob,pay via contacts
Display my recent transactions,transaction history
Scan a QR code to pay,pay via QR code
Transfer 32617 to David Johnson.,bank_transfer
Show my transaction history,transaction history
Transfer 20440.,bank_transfer
Send 500 to John,pay via contacts
Send 3540 to 9598261481,pay via number
Can I send ₹2500 to my own account?,pay to self
Move ₹1000 from checking to savings,pay to self
Transfer 32617 to Mei Chen.,bank_transfer
Can you process a QR code payment?,pay via QR code
Shift ₹4000 to my savings,pay to self
Transfer 1000 to John,pay via contacts
Make a UPI payment of 500 to john@sbi,pay via UPI ID
Make a payment of 750 to Emma,pay via contacts
Pay using the scanned QR code,pay via QR code
Scan a QR code to pay,pay via QR code
Send 3540 to 9598261481,pay via number
Transfer to account 5265416525.,bank_transfer
Make a payment of 750 to John,pay via contacts
Transfer 28532 to Akash Nair.,bank_transfer
Pay 1762 to 9621239137,pay via number
Can you pay 2000 to Emma?,pay via contacts
Send 31580 to IFSC PNB0005432.,bank_transfer
Can you fetch my payment QR code?,show my QR code
Do a bank transfer.,bank_transfer
Pay 1762 to 9621239137,pay via number
Scan a QR code to pay,pay via QR code
Transfer 48843 to Fatima Begum.,bank_transfer
Pay using the scanned QR code,pay via QR code
Transfer 750 to John,pay via contacts
Pay bill of 463 using 9709787304,pay via number
Transfer 500 using alice@upi,pay via UPI ID
Send 250 to Alice,pay via contacts
Transfer 1657 via 9176273695,pay via number
Make a payment using QR,pay via QR code
Display my recent transactions,transaction history
Send 3540 to 9598261481,pay via number
Pay using the scanned QR code,pay via QR code
Make a payment using QR,pay via QR code
Send 500 to Emma,pay via contacts
Display my QR code,show my QR code
Send 4867 to IFSC HDFC0005678.,bank_transfer
Make a payment of 250 to John,pay via contacts
Add ₹10000 to my secondary account,pay to self
Can you pay 750 to John?,pay via contacts
Display my recent transactions,transaction history
Can you fetch my payment QR code?,show my QR code
Make a payment of 1000 to Bob,pay via contacts
I need my QR code for transactions,show my QR code
Make a payment of 250 to Emma,pay via contacts
Send 1336 INR to 9995276216,pay via number
I need to move ₹700 to another account of mine,pay to self
Pay using the scanned QR code,pay via QR code
Transfer money to 9640360845,pay via number
Transfer to account 9446895308.,bank_transfer
Send 3540 to 9598261481,pay via number
Can you fetch my payment QR code?,show my QR code
Can you pay 2000 to Emma?,pay via contacts
Scan a QR code to pay,pay via QR code
Fund 1541 to 9883430417,pay via number
Send 500 to emma@paytm,pay via UPI ID
Fund transfer to self ₹200,pay to self
Can you fetch my payment QR code?,show my QR code
Send 250 to Bob,pay via contacts
Pay 1762 to 9621239137,pay via number
Transfer 1657 via 9176273695,pay via number
"Transfer 20503 to John Doe, account number 3075005585, IFSC AXIS0001122.",bank_transfer
"Send 18656 to account 3870827289, IFSC SBIN0001234.",bank_transfer
Display my recent transactions,transaction history
Can you process a QR code payment?,pay via QR code
Show my QR code for payment,show my QR code
Can you fetch my payment QR code?,show my QR code
Can you fetch my last payments?,transaction history
Make a payment of 1000 to Emma,pay via contacts
Transfer 1657 via 9176273695,pay via number
Transfer 1000 to Emma,pay via contacts
Add ₹10000 to my secondary account,pay to self
Make a payment using QR,pay via QR code
Pay bill of 463 using 9709787304,pay via number
Send 750 to john@sbi,pay via UPI ID
Can you fetch my last payments?,transaction history
Scan a QR code to pay,pay via QR code
Show my QR code for payment,show my QR code
Send 3540 to 9598261481,pay via number
Transfer 1000 using john@sbi,pay via UPI ID
Can you fetch my payment QR code?,show my QR code
Display my recent transactions,transaction history
Transfer 24357.,bank_transfer
Pay 1762 to 9621239137,pay via number
Move ₹5500 within my accounts,pay to self
Transfer 1657 via 9176273695,pay via number
Transfer 250 using john@sbi,pay via UPI ID
Transfer 4209 to Olivia Brown.,bank_transfer
Transfer 34700.,bank_transfer
Move ₹1000 from checking to savings,pay to self
I need to see my past transactions,transaction history
Can you fetch my payment QR code?,show my QR code
Send 1000 to Emma,pay via contacts
Transfer 2000 using bob@ybl,pay via UPI ID
Make a UPI payment of 750 to emma@paytm,pay via UPI ID
I need my QR code for transactions,show my QR code
Do a bank transfer.,bank_transfer
Transfer 4867.,bank_transfer
Show my QR code for payment,show my QR code
Show my QR code for payment,show my QR code
Make a UPI payment of 250 to bob@ybl,pay via UPI ID
"Send 18656 to account 3503310637, IFSC YESB0003344.",bank_transfer
Can you fetch my last payments?,transaction history
Can you process a QR code payment?,pay via QR code
Move some funds to my personal account,pay to self
Scan a QR code to pay,pay via QR code
Can you process a QR code payment?,pay via QR code
Scan a QR code to pay,pay via QR code
Make a payment of 250 to Bob,pay via contacts
Display my QR code,show my QR code
Pay 750 via bob@ybl,pay via UPI ID
Make a payment of 1000 to Alice,pay via contacts
Transfer money to my own account,pay to self
I need my QR code for transactions,show my QR code
Send 1336 INR to 9995276216,pay via number
Transfer 37722 to Anita Singh.,bank_transfer
Fund 1541 to 9883430417,pay via number
I need my QR code for transactions,show my QR code
Display my recent transactions,transaction history
Can you pay 750 to Alice?,pay via contacts
I need my QR code for transactions,show my QR code
Can you pay 500 to Bob?,pay via contacts
Show my QR code for payment,show my QR code
Fund 1541 to 9883430417,pay via number
Make a payment using QR,pay via QR code
Send 3540 to 9598261481,pay via number
Self-payment of ₹6000,pay to self
Pay bill of 463 using 9709787304,pay via number
Send 500 to emma@paytm,pay via UPI ID
Transfer money to 9640360845,pay via number
Transfer money to my own account,pay to self
Make a UPI payment of 1000 to bob@ybl,pay via UPI ID
Show my transaction history,transaction history
Send 20503 to IFSC SBIN0001234.,bank_transfer
I need my QR code for transactions,show my QR code
Send 18656 to IFSC PNB0005432.,bank_transfer
"Transfer 24357 to John Doe, account number 3870827289, IFSC ICIC0009876.",bank_transfer
Make a payment using QR,pay via QR code
Move ₹1000 from checking to savings,pay to self
I need my QR code for transactions,show my QR code
Can you process a QR code payment?,pay via QR code
Deposit ₹900 into my account from UPI,pay to self
Show my QR code for payment,show my QR code
"Send 31580 to account 4284769487, IFSC HDFC0005678.",bank_transfer
Pay 1762 to 9621239137,pay via number
Scan a QR code to pay,pay via QR code
Make a payment using QR,pay via QR code
Can you pay 1000 to Bob?,pay via contacts
I need to see my past transactions,transaction history
Can I transfer ₹5000 to myself?,pay to self
Can you fetch my last payments?,transaction history
Transfer to account 9180071527.,bank_transfer
Send 250 to Bob,pay via contacts
I need my QR code for transactions,show my QR code
Transfer money to 9640360845,pay via number
Transfer 4867 to John Doe.,bank_transfer
Add ₹10000 to my secondary account,pay to self
Pay bill of 463 using 9709787304,pay via number
Can you pay 1000 to John?,pay via contacts
Show my transaction history,transaction history
Transfer 500 to Bob,pay via contacts
Shift ₹4000 to my savings,pay to self
Show my QR code for payment,show my QR code
Show my QR code for payment,show my QR code
Can you process a QR code payment?,pay via QR code
Make a payment of 750 to Alice,pay via contacts
Scan a QR code to pay,pay via QR code
Make a payment of 1000 to Alice,pay via contacts
Scan a QR code to pay,pay via QR code
Transfer 1657 via 9176273695,pay via number
Show my transaction history,transaction history
Show my QR code for payment,show my QR code
Shift ₹4000 to my savings,pay to self
Pay ₹8000 into my own bank,pay to self
Can you pay 2000 to Bob?,pay via contacts
Can you pay 500 to Bob?,pay via contacts
Can you process a QR code payment?,pay via QR code
Make a UPI payment of 2000 to john@sbi,pay via UPI ID
Pay using the scanned QR code,pay via QR code
I need my QR code for transactions,show my QR code
Can you process a QR code payment?,pay via QR code
Transfer money to my own account,pay to self
Scan a QR code to pay,pay via QR code
Transfer 250 using john@sbi,pay via UPI ID
Do a bank transfer.,bank_transfer
Send 3540 to 9598261481,pay via number
I need my QR code for transactions,show my QR code
I need to see my past transactions,transaction history
Display my recent transactions,transaction history
Pay bill of 463 using 9709787304,pay via number
Show my QR code for payment,show my QR code
Pay bill of 463 using 9709787304,pay via number
Make a UPI payment of 2000 to emma@paytm,pay via UPI ID
Can you fetch my payment QR code?,show my QR code
Scan a QR code to pay,pay via QR code
Self-payment of ₹6000,pay to self
I need my QR code for transactions,show my QR code
Show my transaction history,transaction history
"Transfer 31401 to Anita Singh, account number 9686302372, IFSC YESB0003344.",bank_transfer
Transfer 500 using alice@upi,pay via UPI ID
Send 3540 to 9598261481,pay via number
Send 750 to Alice,pay via contacts
Transfer 1657 via 9176273695,pay via number
Pay using the scanned QR code,pay via QR code
I need to see my past transactions,transaction history
Add ₹100 to my digital wallet,pay to self
Make a payment of 750 to John,pay via contacts
Transfer to account 9606509765.,bank_transfer
Send ₹500 to my savings account,pay to self
I need my QR code for transactions,show my QR code
Pay bill of 463 using 9709787304,pay via number
Make a payment using QR,pay via QR code
Pay 1762 to 9621239137,pay via number
Show my transaction history,transaction history
Transfer 2000 using bob@ybl,pay via UPI ID
Transfer 250 to Bob,pay via contacts
Make a payment of 2000 to John,pay via contacts
Self-transfer ₹1500,pay to self
Shift ₹4500 from wallet to bank,pay to self
Add ₹100 to my digital wallet,pay to self
Send ₹3500 from my UPI to my own bank,pay to self
I need my QR code for transactions,show my QR code
Transfer 500 using john@sbi,pay via UPI ID
Deposit ₹900 into my account from UPI,pay to self
Scan a QR code to pay,pay via QR code
Do a bank transfer.,bank_transfer
Pay ₹8000 into my own bank,pay to self
Send 500 to alice@upi,pay via UPI ID
Fund 1541 to 9883430417,pay via number
Pay using the scanned QR code,pay via QR code
Display my recent transactions,transaction history
Send 250 to John,pay via contacts
"Send 24357 to account 5472871348, IFSC BOFA0006789.",bank_transfer
Self-transfer ₹1500,pay to self
Transfer money to 9640360845,pay via number
Pay 500 via john@sbi,pay via UPI ID
I need to see my past transactions,transaction history
Transfer 500 using emma@paytm,pay via UPI ID
Add ₹10000 to my secondary account,pay to self
Send 3540 to 9598261481,pay via number
Transfer money to 9640360845,pay via number
Pay using the scanned QR code,pay via QR code
Transfer money to 9640360845,pay via number
I need my QR code for transactions,show my QR code
"Transfer 5727 to Fatima Begum, account number 8871333370, IFSC PNB0005432.",bank_transfer
Display my recent transactions,transaction history
Make a payment using QR,pay via QR code
"Send money to Carlos Silva, account number 3503310637.",bank_transfer
Send 250 to Emma,pay via contacts
Can you fetch my last payments?,transaction history
I need to see my past transactions,transaction history
Pay using the scanned QR code,pay via QR code
Transfer 1657 via 9176273695,pay via number
Pay 2000 via emma@paytm,pay via UPI ID
Show my transaction history,transaction history
Show my QR code for payment,show my QR code
Pay 250 via alice@upi,pay via UPI ID
Display my QR code,show my QR code
Transfer 28532 to Akash Nair.,bank_transfer
Send 250 to Emma,pay via contacts
Transfer 750 to Bob,pay via contacts
Transfer 1657 via 9176273695,pay via number
Can you fetch my payment QR code?,show my QR code
"Transfer 20503 to Anita Singh, account number 5265416525, IFSC BOFA0006789.",bank_transfer
Send 3540 to 9598261481,pay via number
Make a payment of 750 to Bob,pay via contacts
Send 1000 to Emma,pay via contacts
Display my QR code,show my QR code
Send 3540 to 9598261481,pay via number
Scan a QR code to pay,pay via QR code
Send ₹500 to my savings account,pay to self
Pay bill of 463 using 9709787304,pay via number
Send 3540 to 9598261481,pay via number
Send 3540 to 9598261481,pay via number
Move ₹5500 within my accounts,pay to self
Make a UPI payment of 500 to emma@paytm,pay via UPI ID
Can you process a QR code payment?,pay via QR code
Display my recent transactions,transaction history
Transfer money to 9640360845,pay via number
Shift ₹4500 from wallet to bank,pay to self
Transfer 500 to John,pay via contacts
Make a payment of 1000 to Alice,pay via contacts
Can you process a QR code payment?,pay via QR code
Transfer 250 using bob@ybl,pay via UPI ID
Shift ₹4500 from wallet to bank,pay to self
Show my QR code for payment,show my QR code
Can you process a QR code payment?,pay via QR code
Send 3540 to 9598261481,pay via number
Transfer 1000 to Bob,pay via contacts
Deposit ₹2000 into my bank account,pay to self
Send 20503 to IFSC SBIN0001234.,bank_transfer
Make a payment of 1000 to Emma,pay via contacts
"Send 34700 to account 9654334863, IFSC BOFA0006789.",bank_transfer
Display my QR code,show my QR code
Can you pay 750 to Emma?,pay via contacts
Pay 1762 to 9621239137,pay via number
Fund transfer to self ₹200,pay to self
Can you pay 250 to John?,pay via contacts
Scan a QR code to pay,pay via QR code
Can you fetch my last payments?,transaction history
Transfer 750 to Alice,pay via contacts
Transfer 31401 to Priya Kapoor.,bank_transfer
Send 1336 INR to 9995276216,pay via number
"Send money to John Doe, account number 8871333370.",bank_transfer
Pay using the scanned QR code,pay via QR code
Pay using the scanned QR code,pay via QR code
Send 250 to Alice,pay via contacts
Pay bill of 463 using 9709787304,pay via number
Send 2000 to Bob,pay via contacts
Make a payment of 250 to Emma,pay via contacts
Can you pay 500 to Emma?,pay via contacts
Pay bill of 463 using 9709787304,pay via number
Send 3540 to 9598261481,pay via number
Can you fetch my last payments?,transaction history
Can you pay 750 to Alice?,pay via contacts
Transfer 1657 via 9176273695,pay via number
Show my transaction history,transaction history
Transfer 32617.,bank_transfer
I need to see my past transactions,transaction history
Can you fetch my payment QR code?,show my QR code
Scan a QR code to pay,pay via QR code
Move some funds to my personal account,pay to self
Transfer 250 to John,pay via contacts
"Send money to Mei Chen, account number 6839885968.",bank_transfer
Transfer 750 using john@sbi,pay via UPI ID
I need to see my past transactions,transaction history
Transfer 250 to Emma,pay via contacts
Send 14720 to IFSC YESB0003344.,bank_transfer
Display my recent transactions,transaction history
I need to move ₹700 to another account of mine,pay to self
I need to move ₹700 to another account of mine,pay to self
Show my QR code for payment,show my QR code
Show my QR code for payment,show my QR code
Can you fetch my payment QR code?,show my QR code
Can you fetch my last payments?,transaction history
I need my QR code for transactions,show my QR code
Transfer 500 using john@sbi,pay via UPI ID
Pay using the scanned QR code,pay via QR code
Pay 1762 to 9621239137,pay via number
Transfer 250 using emma@paytm,pay via UPI ID
Fund 1541 to 9883430417,pay via number
Show my QR code for payment,show my QR code
Display my QR code,show my QR code
Transfer 250 to Emma,pay via contacts
I need my QR code for transactions,show my QR code
Display my QR code,show my QR code
Send 1000 to Bob,pay via contacts
Can you fetch my last payments?,transaction history
Can you fetch my last payments?,transaction history
I need my QR code for transactions,show my QR code
Transfer 28532 to David Johnson.,bank_transfer
Can you fetch my payment QR code?,show my QR code
Transfer 250 to Emma,pay via contacts
Display my recent transactions,transaction history
Pay using the scanned QR code,pay via QR code
Transfer 48486.,bank_transfer
"Send 18656 to account 2761635476, IFSC ICIC0009876.",bank_transfer
Pay using the scanned QR code,pay via QR code
Can you pay 750 to John?,pay via contacts
Show my QR code for payment,show my QR code
Show my QR code for payment,show my QR code
Send 3540 to 9598261481,pay via number
Send 750 to Bob,pay via contacts
Send ₹500 to my savings account,pay to self
Can you process a QR code payment?,pay via QR code
Display my recent transactions,transaction history
Self-payment of ₹6000,pay to self
Show my QR code for payment,show my QR code
Send ₹500 to my savings account,pay to self
Show my transaction history,transaction history
Display my QR code,show my QR code
Transfer to account 5265416525.,bank_transfer
I need my QR code for transactions,show my QR code
Display my recent transactions,transaction history
Can you process a QR code payment?,pay via QR code
Pay 500 via bob@ybl,pay via UPI ID
Send ₹3500 from my UPI to my own bank,pay to self
Show my QR code for payment,show my QR code
Can you process a QR code payment?,pay via QR code
Show my QR code for payment,show my QR code
Transfer 2000 using john@sbi,pay via UPI ID
Transfer 1000 to Alice,pay via contacts
Transfer 4209.,bank_transfer
"Transfer 14720 to Mei Chen, account number 4467829142, IFSC SBIN0001234.",bank_transfer
Transfer 4867.,bank_transfer
Transfer 28532 to David Johnson.,bank_transfer
Show my QR code for payment,show my QR code
"Send money to Olivia Brown, account number 7036643460.",bank_transfer
Can I transfer ₹5000 to myself?,pay to self
Scan a QR code to pay,pay via QR code
Do a bank transfer.,bank_transfer
Can you pay 2000 to John?,pay via contacts
Make a payment of 250 to Emma,pay via contacts
Transfer 2000 using john@sbi,pay via UPI ID
Show my QR code for payment,show my QR code
Deposit ₹2000 into my bank account,pay to self
Transfer 250 to Alice,pay via contacts
Can you process a QR code payment?,pay via QR code
Transfer 500 to Emma,pay via contacts
Transfer to account 7036643460.,bank_transfer
Display my recent transactions,transaction history
Send 1336 INR to 9995276216,pay via number
Can you fetch my last payments?,transaction history
Make a UPI payment of 250 to alice@upi,pay via UPI ID
Transfer 1657 via 9176273695,pay via number
Send 24477 to IFSC YESB0003344.,bank_transfer
Move ₹1000 from checking to savings,pay to self
Can you pay 250 to John?,pay via contacts
Display my QR code,show my QR code
Scan a QR code to pay,pay via QR code
Can you process a QR code payment?,pay via QR code
Make a payment using QR,pay via QR code
Make a payment using QR,pay via QR code
Transfer 14720.,bank_transfer
Show my transaction history,transaction history
Show my transaction history,transaction history
I need to see my past transactions,transaction history
Can you pay 250 to Bob?,pay via contacts
Transfer 1000 to Emma,pay via contacts
I need to see my past transactions,transaction history
Pay 750 via john@sbi,pay via UPI ID
Make a payment using QR,pay via QR code
Fund 1541 to 9883430417,pay via number
Send 1336 INR to 9995276216,pay via number
"Send 32617 to account 9654334863, IFSC HDFC0005678.",bank_transfer
Transfer 250 using emma@paytm,pay via UPI ID
Fund transfer to self ₹200,pay to self
Can you process a QR code payment?,pay via QR code
Display my recent transactions,transaction history
Can you fetch my last payments?,transaction history
Pay 1762 to 9621239137,pay via number
Move ₹5500 within my accounts,pay to self
Self-transfer ₹1500,pay to self
Can you pay 2000 to Emma?,pay via contacts
Make a payment using QR,pay via QR code
Send 3540 to 9598261481,pay via number
Scan a QR code to pay,pay via QR code
Shift ₹4500 from wallet to bank,pay to self
Transfer 250 using bob@ybl,pay via UPI ID
Send 1336 INR to 9995276216,pay via number
Transfer 500 using bob@ybl,pay via UPI ID
"Send 32617 to account 3870827289, IFSC PNB0005432.",bank_transfer
Make a payment of 250 to John,pay via contacts
Can you process a QR code payment?,pay via QR code
Can you process a QR code payment?,pay via QR code
Transfer 26997 to Anita Singh.,bank_transfer
Pay 1762 to 9621239137,pay via number
Send 500 to john@sbi,pay via UPI ID
"Transfer 24357 to Carlos Silva, account number 9606509765, IFSC BOFA0006789.",bank_transfer
Can you fetch my payment QR code?,show my QR code
Pay 250 via alice@upi,pay via UPI ID
Make a payment of 750 to Bob,pay via contacts
Transfer 250 using alice@upi,pay via UPI ID
Show my QR code for payment,show my QR code
Pay bill of 463 using 9709787304,pay via number
Send 1336 INR to 9995276216,pay via number
Send 3540 to 9598261481,pay via number
Display my recent transactions,transaction history
Display my QR code,show my QR code
Do a bank transfer.,bank_transfer
Fund 1541 to 9883430417,pay via number
Transfer 2000 using john@sbi,pay via UPI ID
Transfer 250 to Alice,pay via contacts
Pay using the scanned QR code,pay via QR code
Shift ₹4500 from wallet to bank,pay to self
Can you process a QR code payment?,pay via QR code
Make a payment using QR,pay via QR code
Make a payment of 500 to John,pay via contacts
"Send money to Priya Kapoor, account number 8362678849.",bank_transfer
Pay using the scanned QR code,pay via QR code
Transfer money to 9640360845,pay via number
Send 1000 to Emma,pay via contacts
Pay using the scanned QR code,pay via QR code
Show my QR code for payment,show my QR code
Make a UPI payment of 500 to john@sbi,pay via UPI ID
Transfer 1000 to Emma,pay via contacts
Fund 1541 to 9883430417,pay via number
Pay 1762 to 9621239137,pay via number
"Send 18656 to account 5265416525, IFSC PNB0005432.",bank_transfer
Send 500 to Emma,pay via contacts
Pay ₹8000 into my own bank,pay to self
Can I send ₹2500 to my own account?,pay to self
Send 26997 to IFSC HDFC0005678.,bank_transfer
Display my recent transactions,transaction history
Pay 1762 to 9621239137,pay via number
I need my QR code for transactions,show my QR code
Send 1336 INR to 9995276216,pay via number
Transfer money to 9640360845,pay via number
I need my QR code for transactions,show my QR code
Fund transfer to self ₹200,pay to self
Transfer 2000 to Emma,pay via contacts
I want to pay myself ₹3000,pay to self
Shift ₹4000 to my savings,pay to self
Shift ₹4000 to my savings,pay to self
Can you process a QR code payment?,pay via QR code
Transfer 5727 to Priya Kapoor.,bank_transfer
Make a payment using QR,pay via QR code
Make a payment using QR,pay via QR code
I need my QR code for transactions,show my QR code
Can you fetch my payment QR code?,show my QR code
Can you fetch my last payments?,transaction history
Pay 250 via alice@upi,pay via UPI ID
Pay 2000 via john@sbi,pay via UPI ID
Transfer money to my own account,pay to self
Pay 2000 via john@sbi,pay via UPI ID
Can you process a QR code payment?,pay via QR code
Send ₹500 to my savings account,pay to self
Display my QR code,show my QR code
Send 3540 to 9598261481,pay via number
Fund 1541 to 9883430417,pay via number
Can you pay 500 to Bob?,pay via contacts
Transfer 500 using emma@paytm,pay via UPI ID
Send 3540 to 9598261481,pay via number
Show my QR code for payment,show my QR code
Transfer money to 9640360845,pay via number
Send 250 to Alice,pay via contacts
Transfer 1000 using bob@ybl,pay via UPI ID
Make a payment of 1000 to Emma,pay via contacts
Transfer 1000 to John,pay via contacts
"Send 26997 to account 7036643460, IFSC AXIS0001122.",bank_transfer
Can you pay 2000 to Bob?,pay via contacts
Shift ₹4500 from wallet to bank,pay to self
Pay 1762 to 9621239137,pay via number
Do a bank transfer.,bank_transfer
Move ₹1000 from checking to savings,pay to self
Move ₹5500 within my accounts,pay to self
Can you fetch my last payments?,transaction history
Show my QR code for payment,show my QR code
Send 250 to Bob,pay via contacts
Pay ₹8000 into my own bank,pay to self
Do a bank transfer.,bank_transfer
Make a UPI payment of 750 to bob@ybl,pay via UPI ID
Send 750 to john@sbi,pay via UPI ID
Pay 500 via emma@paytm,pay via UPI ID
Transfer money to my own account,pay to self
Display my recent transactions,transaction history
Transfer to account 5265416525.,bank_transfer
Make a payment of 2000 to Bob,pay via contacts
Make a UPI payment of 750 to emma@paytm,pay via UPI ID
I need to see my past transactions,transaction history
Show my transaction history,transaction history
Can you pay 750 to Emma?,pay via contacts
Can you pay 1000 to John?,pay via contacts
Fund 1541 to 9883430417,pay via number
Self-transfer ₹1500,pay to self
Fund 1541 to 9883430417,pay via number
Can you pay 1000 to Bob?,pay via contacts
Transfer 5727.,bank_transfer
Transfer 1657 via 9176273695,pay via number
Transfer 1000 to Alice,pay via contacts
Self-transfer ₹1500,pay to self
Display my QR code,show my QR code
Send 750 to john@sbi,pay via UPI ID
Show my QR code for payment,show my QR code
Can you process a QR code payment?,pay via QR code
Make a payment using QR,pay via QR code
Do a bank transfer.,bank_transfer
I need to see my past transactions,transaction history
Transfer 750 to Bob,pay via contacts
Make a payment of 750 to Emma,pay via contacts
Can you fetch my payment QR code?,show my QR code
Transfer money to 9640360845,pay via number
Display my recent transactions,transaction history
Make a UPI payment of 500 to alice@upi,pay via UPI ID
Display my QR code,show my QR code
Transfer 500 to John,pay via contacts
I need my QR code for transactions,show my QR code
Can you fetch my last payments?,transaction history
Can you process a QR code payment?,pay via QR code
Move some funds to my personal account,pay to self
Transfer to account 8362678849.,bank_transfer
Display my recent transactions,transaction history
I need my QR code for transactions,show my QR code
Pay 500 via alice@upi,pay via UPI ID
Pay 1762 to 9621239137,pay via number
Self-transfer ₹1500,pay to self
I want to pay myself ₹3000,pay to self
Transfer money to my own account,pay to self
I need my QR code for transactions,show my QR code
Pay 1000 via john@sbi,pay via UPI ID
Send 3540 to 9598261481,pay via number
Make a UPI payment of 2000 to emma@paytm,pay via UPI ID
Can you fetch my payment QR code?,show my QR code
Make a payment of 750 to Emma,pay via contacts
Can I send ₹2500 to my own account?,pay to self
Move some funds to my personal account,pay to self
Transfer 500 to Bob,pay via contacts
Pay 500 via john@sbi,pay via UPI ID
Make a payment using QR,pay via QR code
Send ₹3500 from my UPI to my own bank,pay to self
Self-transfer ₹1500,pay to self
Transfer 1000 to Emma,pay via contacts
Can you fetch my last payments?,transaction history
I need my QR code for transactions,show my QR code
I need to move ₹700 to another account of mine,pay to self
Transfer 250 using emma@paytm,pay via UPI ID
Can you process a QR code payment?,pay via QR code
I need my QR code for transactions,show my QR code
Pay 1762 to 9621239137,pay via number
Can I transfer ₹5000 to myself?,pay to self
Send 2000 to Emma,pay via contacts
Pay 250 via bob@ybl,pay via UPI ID
Pay 2000 via alice@upi,pay via UPI ID
Transfer 2000 to Alice,pay via contacts
Send 3540 to 9598261481,pay via number
Can you fetch my last payments?,transaction history
I need my QR code for transactions,show my QR code
Send 3540 to 9598261481,pay via number
Send 750 to Bob,pay via contacts
Transfer 2000 to Alice,pay via contacts
Transfer money to my own account,pay to self
Pay bill of 463 using 9709787304,pay via number
Transfer money to 9640360845,pay via number
"Send money to Anita Singh, account number 9686302372.",bank_transfer
Send 1336 INR to 9995276216,pay via number
Make a payment of 750 to John,pay via contacts
Send ₹3500 from my UPI to my own bank,pay to self
Pay 500 via emma@paytm,pay via UPI ID
Make a payment of 750 to John,pay via contacts
Scan a QR code to pay,pay via QR code
Transfer to account 8871333370.,bank_transfer
Can I transfer ₹5000 to myself?,pay to self
I need to move ₹700 to another account of mine,pay to self
Show my QR code for payment,show my QR code
Display my recent transactions,transaction history
Can you fetch my last payments?,transaction history
I need to see my past transactions,transaction history
"Send 31401 to account 3503310637, IFSC PNB0005432.",bank_transfer
"Transfer 28532 to Olivia Brown, account number 6839885968, IFSC SBIN0001234.",bank_transfer
Make a payment of 500 to Bob,pay via contacts
Send 750 to Bob,pay via contacts
Move ₹1000 from checking to savings,pay to self
Send 3540 to 9598261481,pay via number
Display my QR code,show my QR code
Transfer 20503.,bank_transfer
"Send money to Priya Kapoor, account number 8871333370.",bank_transfer
Pay 500 via alice@upi,pay via UPI ID
Can you pay 250 to Bob?,pay via contacts
Shift ₹4000 to my savings,pay to self
Do a bank transfer.,bank_transfer
Pay using the scanned QR code,pay via QR code
Shift ₹4000 to my savings,pay to self
Send 5727 to IFSC AXIS0001122.,bank_transfer
Transfer 500 to John,pay via contacts
Transfer 2000 to John,pay via contacts
Make a UPI payment of 500 to alice@upi,pay via UPI ID
Send ₹3500 from my UPI to my own bank,pay to self
Send 3540 to 9598261481,pay via number
Display my recent transactions,transaction history
Show my QR code for payment,show my QR code
Send 750 to Bob,pay via contacts
Pay using the scanned QR code,pay via QR code
Make a UPI payment of 1000 to bob@ybl,pay via UPI ID
Send 1336 INR to 9995276216,pay via number
Make a UPI payment of 1000 to alice@upi,pay via UPI ID
Send 750 to Emma,pay via contacts
Transfer 24477 to Akash Nair.,bank_transfer
Send 4867 to IFSC YESB0003344.,bank_transfer
Send 1000 to alice@upi,pay via UPI ID
Can you fetch my last payments?,transaction history
Deposit ₹2000 into my bank account,pay to self
I need my QR code for transactions,show my QR code
Add ₹100 to my digital wallet,pay to self
Show my QR code for payment,show my QR code
Deposit ₹2000 into my bank account,pay to self
Send ₹500 to my savings account,pay to self
I need my QR code for transactions,show my QR code
Transfer money to 9640360845,pay via number
Can I transfer ₹5000 to myself?,pay to self
Make a payment using QR,pay via QR code
Can you fetch my last payments?,transaction history
Transfer 1657 via 9176273695,pay via number
Send ₹500 to my savings account,pay to self
Can you fetch my payment QR code?,show my QR code
I need my QR code for transactions,show my QR code
Fund 1541 to 9883430417,pay via number
Do a bank transfer.,bank_transfer
"Transfer 20440 to Anita Singh, account number 5472871348, IFSC AXIS0001122.",bank_transfer
Can you process a QR code payment?,pay via QR code
Transfer 1657 via 9176273695,pay via number
Send 34700 to IFSC BOFA0006789.,bank_transfer
Pay 250 via john@sbi,pay via UPI ID
Display my recent transactions,transaction history
I need to move ₹700 to another account of mine,pay to self
I need my QR code for transactions,show my QR code
Send 5727 to IFSC ICIC0009876.,bank_transfer
Display my recent transactions,transaction history
Transfer 1657 via 9176273695,pay via number
Make a UPI payment of 250 to emma@paytm,pay via UPI ID
Transfer 34700 to John Doe.,bank_transfer
Pay 2000 via emma@paytm,pay via UPI ID
I need to move ₹700 to another account of mine,pay to self
I need to see my past transactions,transaction history
Transfer to account 5265416525.,bank_transfer
Can you pay 500 to Alice?,pay via contacts
"Send 31401 to account 9686302372, IFSC ICIC0009876.",bank_transfer
Can you fetch my last payments?,transaction history
Can I send ₹2500 to my own account?,pay to self
Can you pay 750 to Alice?,pay via contacts
Do a bank transfer.,bank_transfer
Add ₹10000 to my secondary account,pay to self
Display my recent transactions,transaction history
I need to see my past transactions,transaction history
Show my transaction history,transaction history
Send 1000 to john@sbi,pay via UPI ID
Deposit ₹900 into my account from UPI,pay to self
Pay 500 via john@sbi,pay via UPI ID
I want to pay myself ₹3000,pay to self
Display my recent transactions,transaction history
I need my QR code for transactions,show my QR code
Can you fetch my payment QR code?,show my QR code
Send 4867 to IFSC HDFC0005678.,bank_transfer
Transfer 750 to Alice,pay via contacts
I need to see my past transactions,transaction history
Make a payment using QR,pay via QR code
Make a payment of 750 to John,pay via contacts
Can you process a QR code payment?,pay via QR code
Transfer 48843.,bank_transfer
Pay using the scanned QR code,pay via QR code
Can you fetch my last payments?,transaction history
Can I transfer ₹5000 to myself?,pay to self
Show my QR code for payment,show my QR code
Send 3540 to 9598261481,pay via number
Send 2000 to Bob,pay via contacts
Make a payment using QR,pay via QR code
Send 1336 INR to 9995276216,pay via number
Make a payment of 2000 to Emma,pay via contacts
Pay 1000 via john@sbi,pay via UPI ID
Send 500 to Bob,pay via contacts
Transfer 1000 using bob@ybl,pay via UPI ID
Can you fetch my last payments?,transaction history
Make a UPI payment of 500 to alice@upi,pay via UPI ID
Can you pay 2000 to Alice?,pay via contacts
Can you pay 2000 to John?,pay via contacts
Send 3540 to 9598261481,pay via number
Can you process a QR code payment?,pay via QR code
Make a UPI payment of 500 to emma@paytm,pay via UPI ID
Transfer 20503.,bank_transfer
Pay ₹8000 into my own bank,pay to self
Display my QR code,show my QR code
I need my QR code for transactions,show my QR code
Send 1000 to Alice,pay via contacts
Pay 500 via emma@paytm,pay via UPI ID
Scan a QR code to pay,pay via QR code
Make a UPI payment of 750 to john@sbi,pay via UPI ID
Show my transaction history,transaction history
Send 1336 INR to 9995276216,pay via number
Transfer to account 5265416525.,bank_transfer
Deposit ₹2000 into my bank account,pay to self
Pay using the scanned QR code,pay via QR code
Pay using the scanned QR code,pay via QR code
Make a UPI payment of 2000 to bob@ybl,pay via UPI ID
Pay 500 via bob@ybl,pay via UPI ID
Can you pay 500 to Emma?,pay via contacts
Pay ₹8000 into my own bank,pay to self
Display my recent transactions,transaction history
Transfer 24477 to Akash Nair.,bank_transfer
Send 750 to Alice,pay via contacts
Move ₹5500 within my accounts,pay to self
Self-payment of ₹6000,pay to self
Can you fetch my last payments?,transaction history
Send 3540 to 9598261481,pay via number
Show my QR code for payment,show my QR code
Fund transfer to self ₹200,pay to self
Transfer 28532.,bank_transfer
"Send 37057 to account 6839885968, IFSC SBIN0001234.",bank_transfer
Can you process a QR code payment?,pay via QR code
Pay ₹8000 into my own bank,pay to self
Make a UPI payment of 1000 to emma@paytm,pay via UPI ID
Transfer to account 4467829142.,bank_transfer
Show my QR code for payment,show my QR code
Shift ₹4500 from wallet to bank,pay to self
Fund transfer to self ₹200,pay to self
Can you pay 500 to Bob?,pay via contacts
Transfer 31401.,bank_transfer
Pay ₹8000 into my own bank,pay to self
Transfer 37057.,bank_transfer
Make a payment using QR,pay via QR code
Pay ₹8000 into my own bank,pay to self
"Send 4867 to account 9446895308, IFSC AXIS0001122.",bank_transfer
Make a payment using QR,pay via QR code
Show my transaction history,transaction history
Pay using the scanned QR code,pay via QR code
Show my transaction history,transaction history
Send ₹500 to my savings account,pay to self
Make a payment using QR,pay via QR code
"Transfer 32617 to John Doe, account number 6839885968, IFSC SBIN0001234.",bank_transfer
Transfer money to 9640360845,pay via number
Can you pay 500 to John?,pay via contacts
"Send 20440 to account 6284165127, IFSC ICIC0009876.",bank_transfer
Send 4867 to IFSC AXIS0001122.,bank_transfer
"Send 37722 to account 9628205197, IFSC YESB0003344.",bank_transfer
Show my QR code for payment,show my QR code
Pay 2000 via john@sbi,pay via UPI ID
"Send 24357 to account 5728856473, IFSC BOFA0006789.",bank_transfer
Shift ₹4000 to my savings,pay to self
Can you fetch my payment QR code?,show my QR code
I need to see my past transactions,transaction history
Display my recent transactions,transaction history
Transfer 2000 to John,pay via contacts
Transfer 250 using bob@ybl,pay via UPI ID
Transfer 1000 to John,pay via contacts
I need my QR code for transactions,show my QR code
Transfer 1000 using alice@upi,pay via UPI ID
Pay bill of 463 using 9709787304,pay via number
Transfer 48843 to Fatima Begum.,bank_transfer
Show my QR code for payment,show my QR code
Transfer to account 2761635476.,bank_transfer
Display my recent transactions,transaction history
Pay 2000 via john@sbi,pay via UPI ID
Scan a QR code to pay,pay via QR code
Send 1000 to Bob,pay via contacts
Shift ₹4500 from wallet to bank,pay to self
Show my transaction history,transaction history
Scan a QR code to pay,pay via QR code
Send 2000 to alice@upi,pay via UPI ID
Can you fetch my payment QR code?,show my QR code
Pay using the scanned QR code,pay via QR code
Send 750 to john@sbi,pay via UPI ID
Show my QR code for payment,show my QR code
Can you fetch my last payments?,transaction history
Make a payment using QR,pay via QR code
Display my QR code,show my QR code
Show my QR code for payment,show my QR code
Send 750 to emma@paytm,pay via UPI ID
Show my QR code for payment,show my QR code
Pay bill of 463 using 9709787304,pay via number
Transfer to account 9446895308.,bank_transfer
Display my QR code,show my QR code
Transfer to account 6839885968.,bank_transfer
I need my QR code for transactions,show my QR code
Send 500 to Bob,pay via contacts
Pay 750 via alice@upi,pay via UPI ID
I need to see my past transactions,transaction history
Make a UPI payment of 2000 to bob@ybl,pay via UPI ID
Display my QR code,show my QR code
Pay using the scanned QR code,pay via QR code
Transfer 250 to Bob,pay via contacts
Can you fetch my payment QR code?,show my QR code
Transfer 41382.,bank_transfer
Display my QR code,show my QR code
Send 1000 to John,pay via contacts
Can you fetch my payment QR code?,show my QR code
I need to move ₹700 to another account of mine,pay to self
Deposit ₹2000 into my bank account,pay to self
Can you fetch my payment QR code?,show my QR code
Transfer 250 to John,pay via contacts
Can you process a QR code payment?,pay via QR code
Send 3540 to 9598261481,pay via number
Can you fetch my payment QR code?,show my QR code
Transfer 1657 via 9176273695,pay via number
"Send 37722 to account 5472871348, IFSC SBIN0001234.",bank_transfer
Transfer 500 using emma@paytm,pay via UPI ID
Transfer 20440.,bank_transfer
Pay 1762 to 9621239137,pay via number
Transfer to account 9180071527.,bank_transfer
Shift ₹4500 from wallet to bank,pay to self
Transfer 20503.,bank_transfer
Pay 2000 via emma@paytm,pay via UPI ID
Move ₹1000 from checking to savings,pay to self
Can you fetch my payment QR code?,show my QR code
Add ₹100 to my digital wallet,pay to self
Transfer money to 9640360845,pay via number
Display my QR code,show my QR code
Send 31580 to IFSC YESB0003344.,bank_transfer
Pay 1762 to 9621239137,pay via number
Can you process a QR code payment?,pay via QR code
Transfer 500 to Alice,pay via contacts
Send ₹3500 from my UPI to my own bank,pay to self
Pay 2000 via john@sbi,pay via UPI ID
Shift ₹4000 to my savings,pay to self
Scan a QR code to pay,pay via QR code
Display my recent transactions,transaction history
Transfer 750 using emma@paytm,pay via UPI ID
Pay 1762 to 9621239137,pay via number
Can you fetch my last payments?,transaction history
Transfer 32617 to Carlos Silva.,bank_transfer
Show my transaction history,transaction history
Pay using the scanned QR code,pay via QR code
Transfer 2000 to Emma,pay via contacts
I need my QR code for transactions,show my QR code
I need my QR code for transactions,show my QR code
Display my QR code,show my QR code
Transfer 750 to John,pay via contacts
I need to move ₹700 to another account of mine,pay to self
Pay 1762 to 9621239137,pay via number
Transfer 500 using bob@ybl,pay via UPI ID
Make a UPI payment of 2000 to emma@paytm,pay via UPI ID
Scan a QR code to pay,pay via QR code
Move ₹1000 from checking to savings,pay to self
Transfer money to 9640360845,pay via number
Show my QR code for payment,show my QR code
Transfer money to 9640360845,pay via number
Make a payment of 250 to Emma,pay via contacts
Transfer 2000 using bob@ybl,pay via UPI ID
Make a UPI payment of 500 to john@sbi,pay via UPI ID
"Transfer 4867 to Carlos Silva, account number 9628205197, IFSC YESB0003344.",bank_transfer
Show my transaction history,transaction history
Send 2000 to John,pay via contacts
Transfer 1657 via 9176273695,pay via number
Do a bank transfer.,bank_transfer
Show my transaction history,transaction history
Can you pay 250 to Alice?,pay via contacts
I need my QR code for transactions,show my QR code
Make a payment using QR,pay via QR code
Show my transaction history,transaction history
Can you fetch my last payments?,transaction history
I need my QR code for transactions,show my QR code
"Send money to Anita Singh, account number 9628205197.",bank_transfer
Pay ₹8000 into my own bank,pay to self
Can you fetch my last payments?,transaction history
Make a UPI payment of 1000 to alice@upi,pay via UPI ID
Transfer 1000 to Emma,pay via contacts
Can you process a QR code payment?,pay via QR code
Pay 500 via john@sbi,pay via UPI ID
Show my QR code for payment,show my QR code
Do a bank transfer.,bank_transfer
Send 28532 to IFSC BOFA0006789.,bank_transfer
Show my transaction history,transaction history
Transfer 500 to Alice,pay via contacts
Display my QR code,show my QR code
"Send 48843 to account 3075005585, IFSC PNB0005432.",bank_transfer
Send 1000 to Emma,pay via contacts
Send 250 to Emma,pay via contacts
Pay using the scanned QR code,pay via QR code
Transfer money to 9640360845,pay via number
Show my QR code for payment,show my QR code
Fund transfer to self ₹200,pay to self
"Send money to Fatima Begum, account number 9606509765.",bank_transfer
Can you process a QR code payment?,pay via QR code
Fund 1541 to 9883430417,pay via number
"Send money to Priya Kapoor, account number 7036643460.",bank_transfer
Display my QR code,show my QR code
Make a payment using QR,pay via QR code
Send 2000 to alice@upi,pay via UPI ID
Send 1000 to John,pay via contacts
I need my QR code for transactions,show my QR code
Show my QR code for payment,show my QR code
Make a payment of 2000 to Bob,pay via contacts
Can you fetch my last payments?,transaction history
"Transfer 48486 to Olivia Brown, account number 9628205197, IFSC BOFA0006789.",bank_transfer
Transfer 2000 to John,pay via contacts
Make a UPI payment of 1000 to emma@paytm,pay via UPI ID
I need to see my past transactions,transaction history
I need to see my past transactions,transaction history
Pay using the scanned QR code,pay via QR code
Scan a QR code to pay,pay via QR code
Scan a QR code to pay,pay via QR code
Pay bill of 463 using 9709787304,pay via number
Pay 1000 via bob@ybl,pay via UPI ID
Can you fetch my payment QR code?,show my QR code
Pay 1762 to 9621239137,pay via number
Transfer 2000 to Bob,pay via contacts
Fund 1541 to 9883430417,pay via number
Send 500 to Bob,pay via contacts
Transfer 37722 to Anita Singh.,bank_transfer
Display my recent transactions,transaction history
Display my QR code,show my QR code
Can you pay 500 to Emma?,pay via contacts
Display my QR code,show my QR code
Show my QR code for payment,show my QR code
Make a payment using QR,pay via QR code
Send 750 to alice@upi,pay via UPI ID
"Send money to Olivia Brown, account number 3503310637.",bank_transfer
Transfer 1657 via 9176273695,pay via number
Transfer 750 using john@sbi,pay via UPI ID
Display my QR code,show my QR code
Make a payment using QR,pay via QR code
Make a payment using QR,pay via QR code
Show my QR code for payment,show my QR code
Fund transfer to self ₹200,pay to self
"Transfer 37057 to Olivia Brown, account number 5472871348, IFSC SBIN0001234.",bank_transfer
Can you fetch my payment QR code?,show my QR code
Pay using the scanned QR code,pay via QR code
Can you pay 1000 to Emma?,pay via contacts
Make a payment using QR,pay via QR code
Can you pay 750 to Alice?,pay via contacts
Send 1336 INR to 9995276216,pay via number
Deposit ₹900 into my account from UPI,pay to self
Send 250 to Bob,pay via contacts
Send 1336 INR to 9995276216,pay via number
Display my recent transactions,transaction history
Can you fetch my payment QR code?,show my QR code
Deposit ₹2000 into my bank account,pay to self
Transfer 4209 to Carlos Silva.,bank_transfer
Self-payment of ₹6000,pay to self
Transfer money to my own account,pay to self
Show my transaction history,transaction history
Pay 500 via john@sbi,pay via UPI ID
Make a payment using QR,pay via QR code
Move ₹5500 within my accounts,pay to self
"Transfer 20440 to Rahul Sharma, account number 9628205197, IFSC YESB0003344.",bank_transfer
Move some funds to my personal account,pay to self
"Send money to John Doe, account number 3870827289.",bank_transfer
Make a UPI payment of 250 to emma@paytm,pay via UPI ID
Make a payment of 500 to Bob,pay via contacts
"Send money to Priya Kapoor, account number 3870827289.",bank_transfer
Transfer 2000 to Bob,pay via contacts
Show my transaction history,transaction history
"Transfer 48843 to Fatima Begum, account number 9180071527, IFSC YESB0003344.",bank_transfer
Transfer 750 using bob@ybl,pay via UPI ID
Pay 500 via emma@paytm,pay via UPI ID
Make a payment using QR,pay via QR code
Transfer 750 to Emma,pay via contacts
Make a UPI payment of 1000 to alice@upi,pay via UPI ID
Transfer 250 using emma@paytm,pay via UPI ID
Can you process a QR code payment?,pay via QR code
I want to pay myself ₹3000,pay to self
Transfer 2000 to Bob,pay via contacts
Transfer 2000 using bob@ybl,pay via UPI ID
I need to see my past transactions,transaction history
I need to see my past transactions,transaction history
Transfer 1000 to Alice,pay via contacts
Show my QR code for payment,show my QR code
Transfer 37722.,bank_transfer
Scan a QR code to pay,pay via QR code
Can you process a QR code payment?,pay via QR code
Pay 1762 to 9621239137,pay via number
Scan a QR code to pay,pay via QR code
Can I send ₹2500 to my own account?,pay to self
Transfer 1657 via 9176273695,pay via number
Do a bank transfer.,bank_transfer
Fund transfer to self ₹200,pay to self
Deposit ₹2000 into my bank account,pay to self
Pay using the scanned QR code,pay via QR code
Send 1336 INR to 9995276216,pay via number
Display my QR code,show my QR code
Move some funds to my personal account,pay to self
Can you pay 250 to John?,pay via contacts
Add ₹100 to my digital wallet,pay to self
Can you process a QR code payment?,pay via QR code
I need to see my past transactions,transaction history
Send ₹500 to my savings account,pay to self
Send 500 to Alice,pay via contacts
I need my QR code for transactions,show my QR code
Make a payment of 500 to Bob,pay via contacts
Send 2000 to John,pay via contacts
Make a payment using QR,pay via QR code
Transfer money to 9640360845,pay via number
Make a payment of 250 to Bob,pay via contacts
Can you fetch my payment QR code?,show my QR code
Can I transfer ₹5000 to myself?,pay to self
Send 2000 to Alice,pay via contacts
Scan a QR code to pay,pay via QR code
Transfer 24357.,bank_transfer
I need to see my past transactions,transaction history
Send 1336 INR to 9995276216,pay via number
Pay using the scanned QR code,pay via QR code
Make a payment of 2000 to John,pay via contacts
Send 28532 to IFSC ICIC0009876.,bank_transfer
"Transfer 48486 to David Johnson, account number 9654334863, IFSC SBIN0001234.",bank_transfer
Transfer money to my own account,pay to self
Transfer 1000 to Bob,pay via contacts
"Send money to Rahul Sharma, account number 8362678849.",bank_transfer
Make a UPI payment of 250 to john@sbi,pay via UPI ID
Send 41382 to IFSC ICIC0009876.,bank_transfer
Send 750 to john@sbi,pay via UPI ID
Move ₹1000 from checking to savings,pay to self
Can you pay 750 to Emma?,pay via contacts
Add ₹100 to my digital wallet,pay to self
Can you pay 750 to John?,pay via contacts
Transfer 41382 to Carlos Silva.,bank_transfer
Send 500 to bob@ybl,pay via UPI ID
I need my QR code for transactions,show my QR code
I need to see my past transactions,transaction history
Shift ₹4000 to my savings,pay to self
Make a UPI payment of 750 to emma@paytm,pay via UPI ID
Display my recent transactions,transaction history
Display my recent transactions,transaction history
Make a UPI payment of 250 to emma@paytm,pay via UPI ID
"Transfer 4867 to Olivia Brown, account number 9446895308, IFSC HDFC0005678.",bank_transfer
Display my QR code,show my QR code
Transfer 26997 to Carlos Silva.,bank_transfer
Pay 1762 to 9621239137,pay via number
Self-payment of ₹6000,pay to self
"Send 37722 to account 9606509765, IFSC YESB0003344.",bank_transfer
Transfer 1657 via 9176273695,pay via number
Can you fetch my payment QR code?,show my QR code
Show my QR code for payment,show my QR code
Transfer to account 6839885968.,bank_transfer
Send 1336 INR to 9995276216,pay via number
Deposit ₹2000 into my bank account,pay to self
Transfer 500 to Alice,pay via contacts
Display my recent transactions,transaction history
Send 2000 to bob@ybl,pay via UPI ID
Show my QR code for payment,show my QR code
Display my recent transactions,transaction history
Send 1000 to Bob,pay via contacts
Transfer to account 5472871348.,bank_transfer
Can you process a QR code payment?,pay via QR code
Deposit ₹900 into my account from UPI,pay to self
Scan a QR code to pay,pay via QR code
Transfer 250 using alice@upi,pay via UPI ID
Make a UPI payment of 1000 to bob@ybl,pay via UPI ID
Make a payment of 2000 to Emma,pay via contacts
Show my transaction history,transaction history
Can you pay 750 to Bob?,pay via contacts
Transfer 2000 using emma@paytm,pay via UPI ID
Send 250 to bob@ybl,pay via UPI ID
Can you process a QR code payment?,pay via QR code
Fund transfer to self ₹200,pay to self
Can you fetch my last payments?,transaction history
Make a payment using QR,pay via QR code
Send 250 to Emma,pay via contacts
Fund transfer to self ₹200,pay to self
Send 500 to Bob,pay via contacts
Can you process a QR code payment?,pay via QR code
Can you process a QR code payment?,pay via QR code
Pay bill of 463 using 9709787304,pay via number
Make a UPI payment of 500 to bob@ybl,pay via UPI ID
Self-payment of ₹6000,pay to self
Can you process a QR code payment?,pay via QR code
Make a payment of 500 to Bob,pay via contacts
Transfer 1657 via 9176273695,pay via number
Send 2000 to Alice,pay via contacts
I need to see my past transactions,transaction history
Send 250 to John,pay via contacts
Show my QR code for payment,show my QR code
Transfer 1657 via 9176273695,pay via number
Transfer 2000 to Emma,pay via contacts
Add ₹100 to my digital wallet,pay to self
Can you pay 250 to John?,pay via contacts
Scan a QR code to pay,pay via QR code
Send ₹3500 from my UPI to my own bank,pay to self
"Transfer 24357 to David Johnson, account number 9180071527, IFSC AXIS0001122.",bank_transfer
Make a UPI payment of 750 to john@sbi,pay via UPI ID
Self-payment of ₹6000,pay to self
Show my QR code for payment,show my QR code
Fund transfer to self ₹200,pay to self
Fund 1541 to 9883430417,pay via number
Pay using the scanned QR code,pay via QR code
Pay using the scanned QR code,pay via QR code
Can you fetch my payment QR code?,show my QR code
"Send money to Akash Nair, account number 6839885968.",bank_transfer
Can you process a QR code payment?,pay via QR code
Show my QR code for payment,show my QR code
Display my QR code,show my QR code
Transfer 500 to Bob,pay via contacts
Pay 1000 via bob@ybl,pay via UPI ID
Make a payment of 250 to Alice,pay via contacts
Transfer 500 to John,pay via contacts
Add ₹10000 to my secondary account,pay to self
Shift ₹4500 from wallet to bank,pay to self
Send 1000 to alice@upi,pay via UPI ID
Make a payment of 500 to Bob,pay via contacts
Fund 1541 to 9883430417,pay via number
Can I transfer ₹5000 to myself?,pay to self
Transfer money to 9640360845,pay via number
Pay 1762 to 9621239137,pay via number
Make a payment using QR,pay via QR code
Display my QR code,show my QR code
Show my transaction history,transaction history
Send 3540 to 9598261481,pay via number
Show my QR code for payment,show my QR code
Transfer to account 5472871348.,bank_transfer
Shift ₹4500 from wallet to bank,pay to self
Self-payment of ₹6000,pay to self
Send 250 to bob@ybl,pay via UPI ID
I need my QR code for transactions,show my QR code
Make a payment using QR,pay via QR code
Transfer 28532 to Olivia Brown.,bank_transfer
Pay using the scanned QR code,pay via QR code
Can I transfer ₹5000 to myself?,pay to self
Pay using the scanned QR code,pay via QR code
"Send money to Olivia Brown, account number 2761635476.",bank_transfer
Show my transaction history,transaction history
Move ₹5500 within my accounts,pay to self
Display my recent transactions,transaction history
I need my QR code for transactions,show my QR code
Make a payment of 1000 to John,pay via contacts
Send 500 to emma@paytm,pay via UPI ID
Make a payment of 250 to Bob,pay via contacts
I need my QR code for transactions,show my QR code
I need my QR code for transactions,show my QR code
I need to see my past transactions,transaction history
I need my QR code for transactions,show my QR code
Can you fetch my last payments?,transaction history
Display my QR code,show my QR code
Pay using the scanned QR code,pay via QR code
Send 500 to alice@upi,pay via UPI ID
Pay ₹8000 into my own bank,pay to self
Fund 1541 to 9883430417,pay via number
"Transfer 34700 to John Doe, account number 4467829142, IFSC BOFA0006789.",bank_transfer
Make a UPI payment of 250 to bob@ybl,pay via UPI ID
Move some funds to my personal account,pay to self
I need to see my past transactions,transaction history
Show my QR code for payment,show my QR code
Shift ₹4000 to my savings,pay to self
Transfer 1657 via 9176273695,pay via number
Can you pay 2000 to Bob?,pay via contacts
Can you process a QR code payment?,pay via QR code
Send 41382 to IFSC SBIN0001234.,bank_transfer
Can you fetch my last payments?,transaction history
Deposit ₹2000 into my bank account,pay to self
Show my QR code for payment,show my QR code
Send 250 to John,pay via contacts
Transfer 48486 to Olivia Brown.,bank_transfer
Send 750 to Alice,pay via contacts
Pay using the scanned QR code,pay via QR code
Send 3540 to 9598261481,pay via number
Transfer 1000 using john@sbi,pay via UPI ID
Scan a QR code to pay,pay via QR code
I need my QR code for transactions,show my QR code
Show my transaction history,transaction history
Do a bank transfer.,bank_transfer
Fund transfer to self ₹200,pay to self
Transfer to account 6284165127.,bank_transfer
Show my transaction history,transaction history
Display my recent transactions,transaction history
Can you fetch my last payments?,transaction history
Send 750 to emma@paytm,pay via UPI ID
Do a bank transfer.,bank_transfer
Send 1000 to emma@paytm,pay via UPI ID
Can you pay 500 to Alice?,pay via contacts
"Send 31401 to account 4467829142, IFSC ICIC0009876.",bank_transfer
Make a payment using QR,pay via QR code
Fund transfer to self ₹200,pay to self
Make a payment using QR,pay via QR code
Send 3540 to 9598261481,pay via number
Fund 1541 to 9883430417,pay via number
Show my transaction history,transaction history
Display my QR code,show my QR code
Transfer 4867 to John Doe.,bank_transfer
Send ₹500 to my savings account,pay to self
Shift ₹4500 from wallet to bank,pay to self
Transfer 1657 via 9176273695,pay via number
Shift ₹4000 to my savings,pay to self
Pay using the scanned QR code,pay via QR code
Transfer 1000 using john@sbi,pay via UPI ID
Display my QR code,show my QR code
Send 750 to John,pay via contacts
Send ₹3500 from my UPI to my own bank,pay to self
Transfer 34700 to David Johnson.,bank_transfer
Move ₹1000 from checking to savings,pay to self
Make a payment using QR,pay via QR code
Shift ₹4000 to my savings,pay to self
Send 500 to Bob,pay via contacts
Scan a QR code to pay,pay via QR code
Send 3540 to 9598261481,pay via number
Move ₹1000 from checking to savings,pay to self
Can you process a QR code payment?,pay via QR code
Send 26997 to IFSC PNB0005432.,bank_transfer
Pay 1762 to 9621239137,pay via number
Can I transfer ₹5000 to myself?,pay to self
Can you fetch my payment QR code?,show my QR code
Send ₹500 to my savings account,pay to self
Pay 250 via alice@upi,pay via UPI ID
Send 1336 INR to 9995276216,pay via number
Make a UPI payment of 2000 to alice@upi,pay via UPI ID
Send 3540 to 9598261481,pay via number
Send 750 to Bob,pay via contacts
Show my QR code for payment,show my QR code
Send 3540 to 9598261481,pay via number
Pay using the scanned QR code,pay via QR code
Display my recent transactions,transaction history
Make a UPI payment of 250 to emma@paytm,pay via UPI ID
Transfer 48843 to Akash Nair.,bank_transfer
I need to move ₹700 to another account of mine,pay to self
I need my QR code for transactions,show my QR code
Make a payment using QR,pay via QR code
I need my QR code for transactions,show my QR code
Send 250 to Bob,pay via contacts
I need my QR code for transactions,show my QR code
Can you fetch my last payments?,transaction history
Deposit ₹900 into my account from UPI,pay to self
Display my recent transactions,transaction history
Can I transfer ₹5000 to myself?,pay to self
Make a UPI payment of 2000 to alice@upi,pay via UPI ID
Send 32617 to IFSC HDFC0005678.,bank_transfer
"Send money to Priya Kapoor, account number 3503310637.",bank_transfer
"Transfer 4867 to Carlos Silva, account number 9628205197, IFSC YESB0003344.",bank_transfer
Can you process a QR code payment?,pay via QR code
"Transfer 41382 to Fatima Begum, account number 5728856473, IFSC HDFC0005678.",bank_transfer
Show my QR code for payment,show my QR code
Move ₹1000 from checking to savings,pay to self
Show my transaction history,transaction history
Show my QR code for payment,show my QR code
Can you process a QR code payment?,pay via QR code
Scan a QR code to pay,pay via QR code
Can you fetch my payment QR code?,show my QR code
Pay using the scanned QR code,pay via QR code
Can you fetch my last payments?,transaction history
Send 250 to John,pay via contacts
I need my QR code for transactions,show my QR code
Make a payment using QR,pay via QR code
I need to see my past transactions,transaction history
Send 3540 to 9598261481,pay via number
I need my QR code for transactions,show my QR code
Make a payment of 500 to John,pay via contacts
Transfer 2000 to Bob,pay via contacts
Pay 2000 via emma@paytm,pay via UPI ID
I need to see my past transactions,transaction history
Scan a QR code to pay,pay via QR code
Make a payment using QR,pay via QR code
Send 3540 to 9598261481,pay via number
I need to see my past transactions,transaction history
Transfer 48486.,bank_transfer
Pay ₹8000 into my own bank,pay to self
Send 3540 to 9598261481,pay via number
Move ₹1000 from checking to savings,pay to self
Make a UPI payment of 1000 to emma@paytm,pay via UPI ID
Make a UPI payment of 1000 to emma@paytm,pay via UPI ID
Display my QR code,show my QR code
Can you fetch my last payments?,transaction history
Make a payment of 250 to Emma,pay via contacts
Do a bank transfer.,bank_transfer
Can you fetch my payment QR code?,show my QR code
Can I transfer ₹5000 to myself?,pay to self
I need my QR code for transactions,show my QR code
Move ₹1000 from checking to savings,pay to self
Pay 2000 via alice@upi,pay via UPI ID
I need to see my past transactions,transaction history
I need to see my past transactions,transaction history
Transfer money to my own account,pay to self
Display my recent transactions,transaction history
Make a UPI payment of 250 to alice@upi,pay via UPI ID
Transfer 34700 to Olivia Brown.,bank_transfer
Display my QR code,show my QR code
Do a bank transfer.,bank_transfer
Show my QR code for payment,show my QR code
Scan a QR code to pay,pay via QR code
Add ₹10000 to my secondary account,pay to self
Show my QR code for payment,show my QR code
Transfer money to my own account,pay to self
Show my transaction history,transaction history
Can you pay 250 to Alice?,pay via contacts
Can I send ₹2500 to my own account?,pay to self
Send 500 to Bob,pay via contacts
Show my QR code for payment,show my QR code
Fund 1541 to 9883430417,pay via number
I need my QR code for transactions,show my QR code
Transfer 1000 using emma@paytm,pay via UPI ID
Pay ₹8000 into my own bank,pay to self
Pay using the scanned QR code,pay via QR code
I want to pay myself ₹3000,pay to self
Can you process a QR code payment?,pay via QR code
Transfer to account 9686302372.,bank_transfer
I need to move ₹700 to another account of mine,pay to self
I need my QR code for transactions,show my QR code
Pay 1762 to 9621239137,pay via number
Send 250 to Emma,pay via contacts
I need my QR code for transactions,show my QR code
Transfer 1000 using bob@ybl,pay via UPI ID
Display my QR code,show my QR code
Make a payment of 750 to Bob,pay via contacts
Can you pay 250 to John?,pay via contacts
Make a payment using QR,pay via QR code
I need to see my past transactions,transaction history
Show my QR code for payment,show my QR code
Make a payment using QR,pay via QR code
Send 1336 INR to 9995276216,pay via number
Add ₹10000 to my secondary account,pay to self
I need to see my past transactions,transaction history
Show my QR code for payment,show my QR code
Display my QR code,show my QR code
Scan a QR code to pay,pay via QR code
Fund 1541 to 9883430417,pay via number
"Send money to Priya Kapoor, account number 9446895308.",bank_transfer
Transfer to account 7036643460.,bank_transfer
I need my QR code for transactions,show my QR code
Make a payment using QR,pay via QR code
Scan a QR code to pay,pay via QR code
Transfer to account 4284769487.,bank_transfer
Transfer 1657 via 9176273695,pay via number
Can you process a QR code payment?,pay via QR code
Do a bank transfer.,bank_transfer
Can you pay 2000 to John?,pay via contacts
Display my recent transactions,transaction history
Add ₹10000 to my secondary account,pay to self
Pay 250 via emma@paytm,pay via UPI ID
"Send 14720 to account 8362678849, IFSC ICIC0009876.",bank_transfer
Can you process a QR code payment?,pay via QR code
Show my transaction history,transaction history
I need to see my past transactions,transaction history
Self-payment of ₹6000,pay to self
Transfer 500 to John,pay via contacts
Pay using the scanned QR code,pay via QR code
I need to see my past transactions,transaction history
"Send 37722 to account 6284165127, IFSC HDFC0005678.",bank_transfer
Send 1000 to Emma,pay via contacts
"Send 24477 to account 5265416525, IFSC YESB0003344.",bank_transfer
"Send money to Priya Kapoor, account number 7036643460.",bank_transfer
Show my QR code for payment,show my QR code
Send 500 to Bob,pay via contacts
Move some funds to my personal account,pay to self
Make a UPI payment of 500 to emma@paytm,pay via UPI ID
Can you pay 750 to Emma?,pay via contacts
Add ₹100 to my digital wallet,pay to self
I need my QR code for transactions,show my QR code
Show my transaction history,transaction history
Send 1336 INR to 9995276216,pay via number
Send 1000 to Bob,pay via contacts
Pay 1000 via john@sbi,pay via UPI ID
Show my transaction history,transaction history
Show my transaction history,transaction history
Display my QR code,show my QR code
I need my QR code for transactions,show my QR code
Transfer 1657 via 9176273695,pay via number
Make a UPI payment of 500 to alice@upi,pay via UPI ID
Send 2000 to emma@paytm,pay via UPI ID
Transfer to account 7036643460.,bank_transfer
Can you process a QR code payment?,pay via QR code
Move ₹1000 from checking to savings,pay to self
Can you fetch my payment QR code?,show my QR code
Display my recent transactions,transaction history
Can you process a QR code payment?,pay via QR code
Pay 250 via bob@ybl,pay via UPI ID
"Send 24357 to account 9606509765, IFSC AXIS0001122.",bank_transfer
Show my QR code for payment,show my QR code
Deposit ₹2000 into my bank account,pay to self
Send 3540 to 9598261481,pay via number
Transfer 2000 using john@sbi,pay via UPI ID
I need my QR code for transactions,show my QR code
Can you pay 750 to Emma?,pay via contacts
Make a payment of 250 to Emma,pay via contacts
Shift ₹4000 to my savings,pay to self
Send ₹500 to my savings account,pay to self
Self-transfer ₹1500,pay to self
Self-transfer ₹1500,pay to self
Send 3540 to 9598261481,pay via number
Send 3540 to 9598261481,pay via number
Can you pay 500 to Alice?,pay via contacts
Move ₹5500 within my accounts,pay to self
Transfer 48486.,bank_transfer
Do a bank transfer.,bank_transfer
Can you process a QR code payment?,pay via QR code
Move ₹1000 from checking to savings,pay to self
Move some funds to my personal account,pay to self
Transfer 48486.,bank_transfer
Send 1000 to Bob,pay via contacts
Can you process a QR code payment?,pay via QR code
Fund 1541 to 9883430417,pay via number
I want to pay myself ₹3000,pay to self
Can you pay 250 to Emma?,pay via contacts
Send 31401 to IFSC AXIS0001122.,bank_transfer
Transfer 1657 via 9176273695,pay via number
"Send money to Akash Nair, account number 3075005585.",bank_transfer
Transfer 250 to Bob,pay via contacts
Transfer 750 using alice@upi,pay via UPI ID
Transfer 48843.,bank_transfer
Can you fetch my last payments?,transaction history
Show my transaction history,transaction history
Make a UPI payment of 2000 to emma@paytm,pay via UPI ID
Pay using the scanned QR code,pay via QR code
Show my transaction history,transaction history
Show my QR code for payment,show my QR code
Can I send ₹2500 to my own account?,pay to self
Make a UPI payment of 750 to john@sbi,pay via UPI ID
Make a UPI payment of 500 to bob@ybl,pay via UPI ID
Send ₹3500 from my UPI to my own bank,pay to self
Transfer 1000 to Bob,pay via contacts
I need my QR code for transactions,show my QR code
Show my QR code for payment,show my QR code
Show my transaction history,transaction history
Make a UPI payment of 2000 to emma@paytm,pay via UPI ID
"Send 20440 to account 9180071527, IFSC ICIC0009876.",bank_transfer
Transfer money to my own account,pay to self
"Transfer 20503 to John Doe, account number 3075005585, IFSC AXIS0001122.",bank_transfer
Add ₹10000 to my secondary account,pay to self
Display my QR code,show my QR code
Send 250 to bob@ybl,pay via UPI ID
I need to move ₹700 to another account of mine,pay to self
Move ₹5500 within my accounts,pay to self
Scan a QR code to pay,pay via QR code
Can you process a QR code payment?,pay via QR code
Transfer 750 using emma@paytm,pay via UPI ID
Transfer 1000 to Alice,pay via contacts
Deposit ₹2000 into my bank account,pay to self
Send 2000 to alice@upi,pay via UPI ID
Send 2000 to alice@upi,pay via UPI ID
Send 3540 to 9598261481,pay via number
Pay 1000 via john@sbi,pay via UPI ID
Send 3540 to 9598261481,pay via number
Can you fetch my last payments?,transaction history
Send ₹3500 from my UPI to my own bank,pay to self
Can you fetch my payment QR code?,show my QR code
Transfer 1657 via 9176273695,pay via number
Make a payment using QR,pay via QR code
Pay bill of 463 using 9709787304,pay via number
Show my QR code for payment,show my QR code
Can you fetch my payment QR code?,show my QR code
Transfer 37057 to David Johnson.,bank_transfer
Transfer 750 using bob@ybl,pay via UPI ID
Transfer 1657 via 9176273695,pay via number
Transfer 750 using bob@ybl,pay via UPI ID
Can you fetch my last payments?,transaction history
I want to pay myself ₹3000,pay to self
Display my QR code,show my QR code
Transfer to account 5265416525.,bank_transfer
Display my recent transactions,transaction history
Transfer 1657 via 9176273695,pay via number
Transfer to account 3503310637.,bank_transfer
I need my QR code for transactions,show my QR code
Pay 500 via john@sbi,pay via UPI ID
Can you process a QR code payment?,pay via QR code
Display my QR code,show my QR code
Display my recent transactions,transaction history
Can you fetch my last payments?,transaction history
Can you pay 250 to Emma?,pay via contacts
Display my recent transactions,transaction history
Make a payment using QR,pay via QR code
Display my recent transactions,transaction history
Show my QR code for payment,show my QR code
Transfer money to my own account,pay to self
Make a payment using QR,pay via QR code
Can you pay 250 to Alice?,pay via contacts
Transfer 41382 to Olivia Brown.,bank_transfer
Send 3540 to 9598261481,pay via number
Can you fetch my payment QR code?,show my QR code
Pay 500 via emma@paytm,pay via UPI ID
Transfer 14720 to Carlos Silva.,bank_transfer
Show my transaction history,transaction history
Can you pay 250 to Emma?,pay via contacts
Can you fetch my payment QR code?,show my QR code
Transfer 5727.,bank_transfer
Transfer money to my own account,pay to self
Transfer 26997 to Anita Singh.,bank_transfer
Display my QR code,show my QR code
Self-payment of ₹6000,pay to self
Pay using the scanned QR code,pay via QR code
Scan a QR code to pay,pay via QR code
Transfer 500 using john@sbi,pay via UPI ID
Display my QR code,show my QR code
I need to see my past transactions,transaction history
Make a UPI payment of 2000 to john@sbi,pay via UPI ID
Transfer to account 7036643460.,bank_transfer
Can I send ₹2500 to my own account?,pay to self
Show my QR code for payment,show my QR code
Display my QR code,show my QR code
Display my recent transactions,transaction history
Can you fetch my last payments?,transaction history
Add ₹10000 to my secondary account,pay to self
Transfer 2000 using john@sbi,pay via UPI ID
Can you process a QR code payment?,pay via QR code
Shift ₹4000 to my savings,pay to self
Self-transfer ₹1500,pay to self
Send ₹500 to my savings account,pay to self
Transfer money to my own account,pay to self
Scan a QR code to pay,pay via QR code
Display my recent transactions,transaction history
Can you fetch my last payments?,transaction history
Transfer 2000 using john@sbi,pay via UPI ID
I need to see my past transactions,transaction history
Transfer 750 using emma@paytm,pay via UPI ID
Transfer 1657 via 9176273695,pay via number
I need my QR code for transactions,show my QR code
Show my QR code for payment,show my QR code
I want to pay myself ₹3000,pay to self
Send 3540 to 9598261481,pay via number
Self-payment of ₹6000,pay to self
I need my QR code for transactions,show my QR code
I need my QR code for transactions,show my QR code
Fund transfer to self ₹200,pay to self
Pay ₹8000 into my own bank,pay to self
Make a payment of 2000 to Alice,pay via contacts
Transfer 48843 to John Doe.,bank_transfer
Transfer 1657 via 9176273695,pay via number
I want to pay myself ₹3000,pay to self
"Send 48843 to account 3075005585, IFSC PNB0005432.",bank_transfer
"Send 20440 to account 8362678849, IFSC HDFC0005678.",bank_transfer
Make a payment using QR,pay via QR code
Send 1336 INR to 9995276216,pay via number
Can you pay 250 to Alice?,pay via contacts
Transfer 750 using bob@ybl,pay via UPI ID
Pay ₹8000 into my own bank,pay to self
Make a payment using QR,pay via QR code
Transfer 2000 using john@sbi,pay via UPI ID
Transfer 1657 via 9176273695,pay via number
"Transfer 37057 to Anita Singh, account number 9686302372, IFSC ICIC0009876.",bank_transfer
Pay 500 via emma@paytm,pay via UPI ID
Can I transfer ₹5000 to myself?,pay to self
Pay 1000 via emma@paytm,pay via UPI ID
Make a payment using QR,pay via QR code
Pay bill of 463 using 9709787304,pay via number
Pay 1762 to 9621239137,pay via number
Can you pay 500 to Bob?,pay via contacts
Send 3540 to 9598261481,pay via number
Transfer 37057 to Olivia Brown.,bank_transfer
Pay 1000 via alice@upi,pay via UPI ID
Send 3540 to 9598261481,pay via number
Fund 1541 to 9883430417,pay via number
Transfer money to my own account,pay to self
I need to see my past transactions,transaction history
Pay using the scanned QR code,pay via QR code
I need to see my past transactions,transaction history
Transfer 4209 to Anita Singh.,bank_transfer
Scan a QR code to pay,pay via QR code
Make a UPI payment of 750 to emma@paytm,pay via UPI ID
Can you fetch my last payments?,transaction history
"Send 48486 to account 9446895308, IFSC AXIS0001122.",bank_transfer
Send 1336 INR to 9995276216,pay via number
Can you process a QR code payment?,pay via QR code
Send ₹500 to my savings account,pay to self
Transfer to account 2761635476.,bank_transfer
"Send money to Priya Kapoor, account number 9628205197.",bank_transfer
Display my recent transactions,transaction history
Can you fetch my last payments?,transaction history
Transfer 500 using john@sbi,pay via UPI ID
"Send 20503 to account 6839885968, IFSC BOFA0006789.",bank_transfer
"Transfer 37057 to Olivia Brown, account number 5472871348, IFSC SBIN0001234.",bank_transfer
Can you process a QR code payment?,pay via QR code
I need my QR code for transactions,show my QR code
Show my QR code for payment,show my QR code
Display my recent transactions,transaction history
Pay 250 via bob@ybl,pay via UPI ID
Transfer to account 9446895308.,bank_transfer
Pay using the scanned QR code,pay via QR code
I need my QR code for transactions,show my QR code
Self-transfer ₹1500,pay to self
Scan a QR code to pay,pay via QR code
Can you process a QR code payment?,pay via QR code
Show my transaction history,transaction history
Make a UPI payment of 250 to emma@paytm,pay via UPI ID
Send 500 to Emma,pay via contacts
I need my QR code for transactions,show my QR code
I need my QR code for transactions,show my QR code
Display my QR code,show my QR code
Scan a QR code to pay,pay via QR code
I need to move ₹700 to another account of mine,pay to self
Pay 1762 to 9621239137,pay via number
Can you fetch my payment QR code?,show my QR code
I need my QR code for transactions,show my QR code
Make a payment using QR,pay via QR code
Transfer 24357 to Carlos Silva.,bank_transfer
Pay ₹8000 into my own bank,pay to self
Make a payment using QR,pay via QR code
Transfer 31401.,bank_transfer
Self-payment of ₹6000,pay to self
Pay 500 via emma@paytm,pay via UPI ID
Make a payment of 500 to Emma,pay via contacts
Send 500 to John,pay via contacts
Pay using the scanned QR code,pay via QR code
I need to see my past transactions,transaction history
Move ₹5500 within my accounts,pay to self
Transfer 500 using bob@ybl,pay via UPI ID
Can I send ₹2500 to my own account?,pay to self
Show my QR code for payment,show my QR code
Can you fetch my last payments?,transaction history
Display my recent transactions,transaction history
Make a UPI payment of 1000 to alice@upi,pay via UPI ID
Show my QR code for payment,show my QR code
Pay 1000 via john@sbi,pay via UPI ID
Move ₹5500 within my accounts,pay to self
Deposit ₹900 into my account from UPI,pay to self
Pay 2000 via emma@paytm,pay via UPI ID
Pay bill of 463 using 9709787304,pay via number
Send 2000 to Emma,pay via contacts
Self-payment of ₹6000,pay to self
Transfer 500 using bob@ybl,pay via UPI ID
Pay 250 via alice@upi,pay via UPI ID
Transfer money to my own account,pay to self
Send 500 to Bob,pay via contacts
Make a UPI payment of 1000 to bob@ybl,pay via UPI ID
Can you pay 250 to Bob?,pay via contacts
Pay bill of 463 using 9709787304,pay via number
Show my QR code for payment,show my QR code
Transfer 32617.,bank_transfer
Can you fetch my payment QR code?,show my QR code
Transfer money to 9640360845,pay via number
Send 3540 to 9598261481,pay via number
Add ₹10000 to my secondary account,pay to self
I need my QR code for transactions,show my QR code
Show my QR code for payment,show my QR code
Transfer 250 using alice@upi,pay via UPI ID
Can you fetch my payment QR code?,show my QR code
I need my QR code for transactions,show my QR code
Do a bank transfer.,bank_transfer
Display my QR code,show my QR code
Shift ₹4000 to my savings,pay to self
"Transfer 18656 to Akash Nair, account number 5265416525, IFSC YESB0003344.",bank_transfer
Can you fetch my payment QR code?,show my QR code
Can you fetch my payment QR code?,show my QR code
Make a UPI payment of 750 to bob@ybl,pay via UPI ID
Transfer 750 using emma@paytm,pay via UPI ID
Fund 1541 to 9883430417,pay via number
Fund 1541 to 9883430417,pay via number
I need my QR code for transactions,show my QR code
Do a bank transfer.,bank_transfer
Show my QR code for payment,show my QR code
Do a bank transfer.,bank_transfer
Can you fetch my last payments?,transaction history
Display my recent transactions,transaction history
"Send money to Akash Nair, account number 6839885968.",bank_transfer
Make a payment of 1000 to John,pay via contacts
Scan a QR code to pay,pay via QR code
Pay bill of 463 using 9709787304,pay via number
Transfer 1657 via 9176273695,pay via number
Can you process a QR code payment?,pay via QR code
Pay ₹8000 into my own bank,pay to self
Can you pay 500 to Emma?,pay via contacts
I need to see my past transactions,transaction history
Transfer 750 using bob@ybl,pay via UPI ID
Transfer to account 9180071527.,bank_transfer
Send 2000 to Alice,pay via contacts
Transfer 500 to Alice,pay via contacts
Display my recent transactions,transaction history
Pay 1000 via emma@paytm,pay via UPI ID
Send ₹3500 from my UPI to my own bank,pay to self
Display my QR code,show my QR code
Pay 1000 via emma@paytm,pay via UPI ID
Add ₹10000 to my secondary account,pay to self
Display my QR code,show my QR code
Transfer money to 9640360845,pay via number
Pay using the scanned QR code,pay via QR code
Send 1336 INR to 9995276216,pay via number
Pay 500 via emma@paytm,pay via UPI ID
Send 1336 INR to 9995276216,pay via number
I need to see my past transactions,transaction history
Send ₹3500 from my UPI to my own bank,pay to self
Make a UPI payment of 2000 to emma@paytm,pay via UPI ID
Deposit ₹2000 into my bank account,pay to self
I need to see my past transactions,transaction history
Add ₹100 to my digital wallet,pay to self
Show my QR code for payment,show my QR code
I need to see my past transactions,transaction history
Make a payment of 750 to Alice,pay via contacts
Send 5727 to IFSC AXIS0001122.,bank_transfer
Send 1000 to alice@upi,pay via UPI ID
Show my QR code for payment,show my QR code
Send 3540 to 9598261481,pay via number
Fund transfer to self ₹200,pay to self
Shift ₹4500 from wallet to bank,pay to self
Can you pay 250 to Alice?,pay via contacts
"Send 26997 to account 7036643460, IFSC AXIS0001122.",bank_transfer
Make a UPI payment of 750 to bob@ybl,pay via UPI ID
I need my QR code for transactions,show my QR code
Pay ₹8000 into my own bank,pay to self
Pay 1000 via alice@upi,pay via UPI ID
Can you fetch my payment QR code?,show my QR code
I need my QR code for transactions,show my QR code
Can I send ₹2500 to my own account?,pay to self
Do a bank transfer.,bank_transfer
Send 3540 to 9598261481,pay via number
Can you process a QR code payment?,pay via QR code
I need to see my past transactions,transaction history
Transfer 2000 using john@sbi,pay via UPI ID
Display my QR code,show my QR code
Pay bill of 463 using 9709787304,pay via number
Pay using the scanned QR code,pay via QR code
Make a UPI payment of 500 to alice@upi,pay via UPI ID
Display my recent transactions,transaction history
Transfer 250 to John,pay via contacts
Make a payment of 500 to Emma,pay via contacts
"Send 37057 to account 9180071527, IFSC ICIC0009876.",bank_transfer
Send 1336 INR to 9995276216,pay via number
Send ₹3500 from my UPI to my own bank,pay to self
Transfer 1657 via 9176273695,pay via number
Pay 500 via john@sbi,pay via UPI ID
Transfer 2000 to Emma,pay via contacts
Can you process a QR code payment?,pay via QR code
Send 1336 INR to 9995276216,pay via number
Scan a QR code to pay,pay via QR code
Show my transaction history,transaction history
Pay using the scanned QR code,pay via QR code
Send 500 to john@sbi,pay via UPI ID
Pay 500 via john@sbi,pay via UPI ID
Pay ₹8000 into my own bank,pay to self
Make a UPI payment of 250 to alice@upi,pay via UPI ID
Send 2000 to john@sbi,pay via UPI ID
Make a UPI payment of 1000 to alice@upi,pay via UPI ID
Make a UPI payment of 2000 to alice@upi,pay via UPI ID
Transfer 2000 to Alice,pay via contacts
Pay using the scanned QR code,pay via QR code
Add ₹10000 to my secondary account,pay to self
Pay bill of 463 using 9709787304,pay via number
Send 3540 to 9598261481,pay via number
Can you fetch my last payments?,transaction history
Pay ₹8000 into my own bank,pay to self
Send 500 to bob@ybl,pay via UPI ID
Pay ₹8000 into my own bank,pay to self
Send 3540 to 9598261481,pay via number
I need my QR code for transactions,show my QR code
Transfer 2000 to Alice,pay via contacts
Can you pay 250 to Bob?,pay via contacts
Make a UPI payment of 500 to emma@paytm,pay via UPI ID
Show my QR code for payment,show my QR code
Pay using the scanned QR code,pay via QR code
Send 48486 to IFSC ICIC0009876.,bank_transfer
"Transfer 14720 to Mei Chen, account number 4467829142, IFSC SBIN0001234.",bank_transfer
Deposit ₹2000 into my bank account,pay to self
Move ₹1000 from checking to savings,pay to self
Transfer 250 using alice@upi,pay via UPI ID
Transfer money to 9640360845,pay via number
Transfer 500 to Bob,pay via contacts
Pay 750 via alice@upi,pay via UPI ID
I need my QR code for transactions,show my QR code
Send 1336 INR to 9995276216,pay via number
Send 500 to bob@ybl,pay via UPI ID
Pay using the scanned QR code,pay via QR code
I need my QR code for transactions,show my QR code
Transfer 750 to John,pay via contacts
I need my QR code for transactions,show my QR code
Pay 1000 via emma@paytm,pay via UPI ID
Pay using the scanned QR code,pay via QR code
Can you fetch my payment QR code?,show my QR code
Transfer money to my own account,pay to self
Do a bank transfer.,bank_transfer
Make a payment of 2000 to Bob,pay via contacts
Can I send ₹2500 to my own account?,pay to self
"Transfer 26997 to Olivia Brown, account number 3503310637, IFSC ICIC0009876.",bank_transfer
Send 1336 INR to 9995276216,pay via number
Transfer to account 6839885968.,bank_transfer
Pay bill of 463 using 9709787304,pay via number
Pay 1000 via emma@paytm,pay via UPI ID
Make a UPI payment of 250 to alice@upi,pay via UPI ID
Pay 1762 to 9621239137,pay via number
Transfer 20503 to Carlos Silva.,bank_transfer
Make a payment of 1000 to John,pay via contacts
Fund transfer to self ₹200,pay to self
Display my recent transactions,transaction history
Can you fetch my payment QR code?,show my QR code
Can you process a QR code payment?,pay via QR code
Can I transfer ₹5000 to myself?,pay to self
Scan a QR code to pay,pay via QR code
Transfer money to 9640360845,pay via number
Fund 1541 to 9883430417,pay via number
Fund transfer to self ₹200,pay to self
Pay 750 via bob@ybl,pay via UPI ID
Transfer 31580 to Fatima Begum.,bank_transfer
"Transfer 37057 to Anita Singh, account number 8871333370, IFSC HDFC0005678.",bank_transfer
Pay 1000 via emma@paytm,pay via UPI ID
Show my QR code for payment,show my QR code
"Send money to Carlos Silva, account number 5265416525.",bank_transfer
"Send money to Olivia Brown, account number 9606509765.",bank_transfer
Transfer 5727 to Anita Singh.,bank_transfer
Transfer 37057.,bank_transfer
Add ₹100 to my digital wallet,pay to self
Send 1000 to Emma,pay via contacts
Send 500 to Alice,pay via contacts
Pay 1762 to 9621239137,pay via number
Pay 2000 via emma@paytm,pay via UPI ID
Pay using the scanned QR code,pay via QR code
Transfer money to 9640360845,pay via number
I need to see my past transactions,transaction history
I need to see my past transactions,transaction history
Deposit ₹2000 into my bank account,pay to self
Show my QR code for payment,show my QR code
Send 250 to emma@paytm,pay via UPI ID
I need my QR code for transactions,show my QR code
Transfer money to 9640360845,pay via number
Transfer 1000 using emma@paytm,pay via UPI ID
Add ₹10000 to my secondary account,pay to self
Add ₹100 to my digital wallet,pay to self
Pay 1762 to 9621239137,pay via number
Transfer money to 9640360845,pay via number
Show my QR code for payment,show my QR code
Send 37722 to IFSC AXIS0001122.,bank_transfer
Show my QR code for payment,show my QR code
I need to see my past transactions,transaction history
Send 1000 to John,pay via contacts
Fund 1541 to 9883430417,pay via number
Transfer 41382.,bank_transfer
Display my QR code,show my QR code
Transfer 24357.,bank_transfer
Transfer 500 using alice@upi,pay via UPI ID
Deposit ₹2000 into my bank account,pay to self
Pay 1762 to 9621239137,pay via number
Make a payment of 1000 to Bob,pay via contacts
Transfer money to 9640360845,pay via number
Make a UPI payment of 250 to bob@ybl,pay via UPI ID
Make a payment using QR,pay via QR code
Can you fetch my last payments?,transaction history
Can you pay 1000 to John?,pay via contacts
Transfer 1657 via 9176273695,pay via number
I need my QR code for transactions,show my QR code
Send 1336 INR to 9995276216,pay via number
Transfer 2000 using alice@upi,pay via UPI ID
Transfer 1657 via 9176273695,pay via number
Send 3540 to 9598261481,pay via number
I need to see my past transactions,transaction history
Send 3540 to 9598261481,pay via number
Transfer money to 9640360845,pay via number
Send 500 to Alice,pay via contacts
Transfer 34700.,bank_transfer
Make a UPI payment of 250 to emma@paytm,pay via UPI ID
Send 500 to John,pay via contacts
I need to move ₹700 to another account of mine,pay to self
Fund 1541 to 9883430417,pay via number
Send 2000 to alice@upi,pay via UPI ID
Display my QR code,show my QR code
Send 31580 to IFSC YESB0003344.,bank_transfer
Move ₹1000 from checking to savings,pay to self
Fund 1541 to 9883430417,pay via number
Move ₹5500 within my accounts,pay to self
Scan a QR code to pay,pay via QR code
Add ₹100 to my digital wallet,pay to self
Pay using the scanned QR code,pay via QR code
"Send 4209 to account 9654334863, IFSC BOFA0006789.",bank_transfer
Can you pay 750 to John?,pay via contacts
Show my transaction history,transaction history
Display my recent transactions,transaction history
Shift ₹4500 from wallet to bank,pay to self
I need to see my past transactions,transaction history
Scan a QR code to pay,pay via QR code
Pay 750 via emma@paytm,pay via UPI ID
I need to see my past transactions,transaction history
Make a payment using QR,pay via QR code
Make a payment of 250 to John,pay via contacts
I need my QR code for transactions,show my QR code
Display my recent transactions,transaction history
Make a payment using QR,pay via QR code
Make a payment of 500 to Emma,pay via contacts
Move some funds to my personal account,pay to self
Scan a QR code to pay,pay via QR code
Transfer money to my own account,pay to self
Transfer 750 using alice@upi,pay via UPI ID
Scan a QR code to pay,pay via QR code
Send 2000 to john@sbi,pay via UPI ID
Transfer 32617 to Akash Nair.,bank_transfer
Display my QR code,show my QR code
Transfer 750 using bob@ybl,pay via UPI ID
Show my transaction history,transaction history
Fund transfer to self ₹200,pay to self
Send 500 to Emma,pay via contacts
Pay 2000 via john@sbi,pay via UPI ID
Make a payment of 2000 to Bob,pay via contacts
Pay ₹8000 into my own bank,pay to self
Display my recent transactions,transaction history
Show my transaction history,transaction history
Make a UPI payment of 2000 to bob@ybl,pay via UPI ID
Show my transaction history,transaction history
Transfer to account 5728856473.,bank_transfer
Make a payment of 500 to Emma,pay via contacts
Pay 500 via emma@paytm,pay via UPI ID
I need to see my past transactions,transaction history
Pay 1000 via bob@ybl,pay via UPI ID
Deposit ₹2000 into my bank account,pay to self
I need to move ₹700 to another account of mine,pay to self
Send 250 to John,pay via contacts
Pay bill of 463 using 9709787304,pay via number
"Transfer 18656 to David Johnson, account number 3503310637, IFSC PNB0005432.",bank_transfer
Pay bill of 463 using 9709787304,pay via number
Transfer 31580.,bank_transfer
Make a payment of 2000 to Emma,pay via contacts
Send 26997 to IFSC PNB0005432.,bank_transfer
Can you fetch my last payments?,transaction history
Send 1000 to Bob,pay via contacts
Shift ₹4000 to my savings,pay to self
Pay 500 via john@sbi,pay via UPI ID
"Send money to Anita Singh, account number 9606509765.",bank_transfer
Display my recent transactions,transaction history
Make a payment of 750 to John,pay via contacts
Transfer money to 9640360845,pay via number
Display my recent transactions,transaction history
Can you pay 750 to Emma?,pay via contacts
Transfer 1000 using emma@paytm,pay via UPI ID
Can you fetch my payment QR code?,show my QR code
Send 500 to Alice,pay via contacts
Transfer 500 to John,pay via contacts
Transfer money to 9640360845,pay via number
Can you pay 250 to John?,pay via contacts
Scan a QR code to pay,pay via QR code
Can you fetch my last payments?,transaction history
Send ₹500 to my savings account,pay to self
Pay 500 via alice@upi,pay via UPI ID
Transfer money to 9640360845,pay via number
Display my QR code,show my QR code
Can you pay 500 to Bob?,pay via contacts
Send 4867 to IFSC AXIS0001122.,bank_transfer
Can you pay 500 to John?,pay via contacts
Transfer 500 to Alice,pay via contacts
Make a UPI payment of 750 to emma@paytm,pay via UPI ID
Fund transfer to self ₹200,pay to self
Display my recent transactions,transaction history
Can you fetch my last payments?,transaction history
Send 3540 to 9598261481,pay via number
Add ₹100 to my digital wallet,pay to self
Pay 1762 to 9621239137,pay via number
Pay ₹8000 into my own bank,pay to self
Can you process a QR code payment?,pay via QR code
Move ₹1000 from checking to savings,pay to self
Display my recent transactions,transaction history
Pay bill of 463 using 9709787304,pay via number
Show my transaction history,transaction history
Pay bill of 463 using 9709787304,pay via number
Transfer 2000 using emma@paytm,pay via UPI ID
Can you process a QR code payment?,pay via QR code
I want to pay myself ₹3000,pay to self
Make a UPI payment of 250 to emma@paytm,pay via UPI ID
Move some funds to my personal account,pay to self
Add ₹100 to my digital wallet,pay to self
Send ₹500 to my savings account,pay to self
Transfer to account 9446895308.,bank_transfer
I need to see my past transactions,transaction history
"Transfer 34700 to Rahul Sharma, account number 6284165127, IFSC BOFA0006789.",bank_transfer
Self-payment of ₹6000,pay to self
Scan a QR code to pay,pay via QR code
Can you pay 2000 to Alice?,pay via contacts
Transfer 1000 using john@sbi,pay via UPI ID
Make a UPI payment of 500 to john@sbi,pay via UPI ID
Make a payment of 2000 to Bob,pay via contacts
Display my recent transactions,transaction history
Pay 500 via john@sbi,pay via UPI ID
Pay using the scanned QR code,pay via QR code
Display my recent transactions,transaction history
Scan a QR code to pay,pay via QR code
Make a payment using QR,pay via QR code
Do a bank transfer.,bank_transfer
Add ₹100 to my digital wallet,pay to self
Make a payment of 500 to Emma,pay via contacts
Can you process a QR code payment?,pay via QR code
Shift ₹4000 to my savings,pay to self
Make a payment of 2000 to John,pay via contacts
Send 1000 to Alice,pay via contacts
Transfer 2000 using emma@paytm,pay via UPI ID
Can you process a QR code payment?,pay via QR code
Pay using the scanned QR code,pay via QR code
Make a payment of 250 to Emma,pay via contacts
Transfer 1657 via 9176273695,pay via number
Show my QR code for payment,show my QR code
Transfer 2000 using emma@paytm,pay via UPI ID
Can you pay 1000 to Emma?,pay via contacts
Pay 250 via emma@paytm,pay via UPI ID
Can you process a QR code payment?,pay via QR code
Send 1000 to john@sbi,pay via UPI ID
Fund 1541 to 9883430417,pay via number
Move ₹1000 from checking to savings,pay to self
Show my transaction history,transaction history
Can you process a QR code payment?,pay via QR code
I need to see my past transactions,transaction history
Pay using the scanned QR code,pay via QR code
Send 2000 to Bob,pay via contacts
Scan a QR code to pay,pay via QR code
Scan a QR code to pay,pay via QR code
Self-payment of ₹6000,pay to self
Pay 500 via emma@paytm,pay via UPI ID
I need to see my past transactions,transaction history
Do a bank transfer.,bank_transfer
"Send 34700 to account 5728856473, IFSC SBIN0001234.",bank_transfer
I need to move ₹700 to another account of mine,pay to self
Make a payment using QR,pay via QR code
Make a payment using QR,pay via QR code
I need to see my past transactions,transaction history
Make a payment of 500 to Alice,pay via contacts
Do a bank transfer.,bank_transfer
I want to pay myself ₹3000,pay to self
Move ₹1000 from checking to savings,pay to self
Can you process a QR code payment?,pay via QR code
Show my transaction history,transaction history
Make a UPI payment of 250 to emma@paytm,pay via UPI ID
Can you fetch my payment QR code?,show my QR code
Send 250 to Emma,pay via contacts
Transfer to account 9628205197.,bank_transfer
Make a UPI payment of 250 to bob@ybl,pay via UPI ID
Transfer 2000 to John,pay via contacts
Transfer money to 9640360845,pay via number
I need to see my past transactions,transaction history
Pay 1762 to 9621239137,pay via number
Can you process a QR code payment?,pay via QR code
"Send 37722 to account 5472871348, IFSC SBIN0001234.",bank_transfer
Display my QR code,show my QR code
I need to see my past transactions,transaction history
Shift ₹4500 from wallet to bank,pay to self
Transfer 750 to Alice,pay via contacts
Send 3540 to 9598261481,pay via number
Transfer 1000 using emma@paytm,pay via UPI ID
Scan a QR code to pay,pay via QR code
Transfer 1000 to Bob,pay via contacts
I need to move ₹700 to another account of mine,pay to self
Transfer to account 3870827289.,bank_transfer
Fund 1541 to 9883430417,pay via number
Do a bank transfer.,bank_transfer
Display my recent transactions,transaction history
Pay 250 via emma@paytm,pay via UPI ID
Transfer 1657 via 9176273695,pay via number
Send ₹3500 from my UPI to my own bank,pay to self
Make a payment using QR,pay via QR code
I need to move ₹700 to another account of mine,pay to self
Do a bank transfer.,bank_transfer
Pay using the scanned QR code,pay via QR code
Send 2000 to alice@upi,pay via UPI ID
"Transfer 18656 to Rahul Sharma, account number 5472871348, IFSC ICIC0009876.",bank_transfer
I need my QR code for transactions,show my QR code
Can you process a QR code payment?,pay via QR code
Scan a QR code to pay,pay via QR code
I need my QR code for transactions,show my QR code
Pay bill of 463 using 9709787304,pay via number
Fund 1541 to 9883430417,pay via number
Pay 250 via emma@paytm,pay via UPI ID
Pay using the scanned QR code,pay via QR code
Make a payment of 250 to Emma,pay via contacts
I need my QR code for transactions,show my QR code
Pay bill of 463 using 9709787304,pay via number
Self-payment of ₹6000,pay to self
Pay using the scanned QR code,pay via QR code
Display my recent transactions,transaction history
Send 500 to bob@ybl,pay via UPI ID
Send 41382 to IFSC SBIN0001234.,bank_transfer
Make a payment of 1000 to John,pay via contacts
Can you fetch my last payments?,transaction history
Send 3540 to 9598261481,pay via number
Shift ₹4500 from wallet to bank,pay to self
Can you pay 750 to Alice?,pay via contacts
Show my transaction history,transaction history
Fund 1541 to 9883430417,pay via number
Can you fetch my payment QR code?,show my QR code
Can you pay 1000 to John?,pay via contacts
Self-payment of ₹6000,pay to self
Make a payment of 500 to Emma,pay via contacts
Do a bank transfer.,bank_transfer
Send 3540 to 9598261481,pay via number
Pay using the scanned QR code,pay via QR code
Shift ₹4500 from wallet to bank,pay to self
Can you fetch my last payments?,transaction history
Send 500 to bob@ybl,pay via UPI ID
"Send 24477 to account 6284165127, IFSC SBIN0001234.",bank_transfer
Display my QR code,show my QR code
Can you fetch my payment QR code?,show my QR code
Deposit ₹900 into my account from UPI,pay to self
Display my recent transactions,transaction history
Do a bank transfer.,bank_transfer
Can you process a QR code payment?,pay via QR code
Can you process a QR code payment?,pay via QR code
Transfer 37722.,bank_transfer
Send 3540 to 9598261481,pay via number
Transfer 31401.,bank_transfer
Show my QR code for payment,show my QR code
Can you fetch my last payments?,transaction history
Transfer 4209 to Akash Nair.,bank_transfer
I need my QR code for transactions,show my QR code
Can you pay 250 to Bob?,pay via contacts
Can you fetch my last payments?,transaction history
Make a payment of 750 to Alice,pay via contacts
Transfer 48843.,bank_transfer
Do a bank transfer.,bank_transfer
Make a UPI payment of 500 to john@sbi,pay via UPI ID
Make a payment using QR,pay via QR code
Make a UPI payment of 2000 to bob@ybl,pay via UPI ID
Transfer 37057.,bank_transfer
Make a payment using QR,pay via QR code
Pay bill of 463 using 9709787304,pay via number
Pay 750 via alice@upi,pay via UPI ID
Transfer 28532.,bank_transfer
Transfer money to 9640360845,pay via number
Show my QR code for payment,show my QR code
Transfer 1657 via 9176273695,pay via number
Can I transfer ₹5000 to myself?,pay to self
Make a payment of 1000 to John,pay via contacts
Show my QR code for payment,show my QR code
Display my QR code,show my QR code
Transfer money to 9640360845,pay via number
Pay 1762 to 9621239137,pay via number
Add ₹10000 to my secondary account,pay to self
Pay using the scanned QR code,pay via QR code
Pay bill of 463 using 9709787304,pay via number
Send 5727 to IFSC AXIS0001122.,bank_transfer
"Send 18656 to account 9686302372, IFSC PNB0005432.",bank_transfer
Can you fetch my payment QR code?,show my QR code
Can you pay 750 to John?,pay via contacts
Move ₹5500 within my accounts,pay to self
Make a UPI payment of 250 to alice@upi,pay via UPI ID
Make a UPI payment of 250 to john@sbi,pay via UPI ID
Can you fetch my payment QR code?,show my QR code
Display my recent transactions,transaction history
Can you pay 1000 to Emma?,pay via contacts
Transfer 750 to Bob,pay via contacts
Transfer 500 to Alice,pay via contacts
Make a payment using QR,pay via QR code
Make a UPI payment of 2000 to emma@paytm,pay via UPI ID
Send 750 to emma@paytm,pay via UPI ID
Display my QR code,show my QR code
Make a payment using QR,pay via QR code
Display my QR code,show my QR code
Can you pay 500 to Emma?,pay via contacts
Transfer money to my own account,pay to self
Pay using the scanned QR code,pay via QR code
Can I transfer ₹5000 to myself?,pay to self
"Send 18656 to account 9686302372, IFSC BOFA0006789.",bank_transfer
Pay using the scanned QR code,pay via QR code
Show my QR code for payment,show my QR code
Display my recent transactions,transaction history
Transfer 750 to Bob,pay via contacts
Display my QR code,show my QR code
Pay bill of 463 using 9709787304,pay via number
Pay 1000 via bob@ybl,pay via UPI ID
Send 24357 to IFSC AXIS0001122.,bank_transfer
Scan a QR code to pay,pay via QR code
Move some funds to my personal account,pay to self
Transfer 4209 to John Doe.,bank_transfer
Transfer to account 8871333370.,bank_transfer
Transfer 26997.,bank_transfer
Fund 1541 to 9883430417,pay via number
Can you process a QR code payment?,pay via QR code
Send 1336 INR to 9995276216,pay via number
Transfer 20503 to John Doe.,bank_transfer
Display my recent transactions,transaction history
Send 3540 to 9598261481,pay via number
Make a UPI payment of 500 to john@sbi,pay via UPI ID
Show my QR code for payment,show my QR code
Pay 1762 to 9621239137,pay via number
"Send 14720 to account 9180071527, IFSC YESB0003344.",bank_transfer
Pay 1762 to 9621239137,pay via number
"Transfer 48843 to Priya Kapoor, account number 3503310637, IFSC PNB0005432.",bank_transfer
Send 20503 to IFSC BOFA0006789.,bank_transfer
Send 1336 INR to 9995276216,pay via number
Fund 1541 to 9883430417,pay via number
Pay ₹8000 into my own bank,pay to self
Fund transfer to self ₹200,pay to self
Display my QR code,show my QR code
I want to pay myself ₹3000,pay to self
Send 3540 to 9598261481,pay via number
Make a UPI payment of 2000 to emma@paytm,pay via UPI ID
Transfer to account 8362678849.,bank_transfer
Transfer 250 to Emma,pay via contacts
Send 750 to john@sbi,pay via UPI ID
Scan a QR code to pay,pay via QR code
Send 500 to John,pay via contacts
Make a payment using QR,pay via QR code
I need my QR code for transactions,show my QR code
Scan a QR code to pay,pay via QR code
Scan a QR code to pay,pay via QR code
Show my transaction history,transaction history
"Transfer 24357 to Priya Kapoor, account number 9180071527, IFSC YESB0003344.",bank_transfer
Send 250 to alice@upi,pay via UPI ID
Send 41382 to IFSC PNB0005432.,bank_transfer
Add ₹100 to my digital wallet,pay to self
"Send 18656 to account 3870827289, IFSC SBIN0001234.",bank_transfer
Make a payment of 2000 to John,pay via contacts
Make a payment of 250 to Alice,pay via contacts
Make a UPI payment of 750 to alice@upi,pay via UPI ID
Display my QR code,show my QR code
Make a payment using QR,pay via QR code
Pay 1000 via alice@upi,pay via UPI ID
Can you process a QR code payment?,pay via QR code
Do a bank transfer.,bank_transfer
Can you pay 1000 to John?,pay via contacts
Transfer 750 to John,pay via contacts
Transfer 1657 via 9176273695,pay via number
Can you pay 250 to Emma?,pay via contacts
Show my transaction history,transaction history
Send 3540 to 9598261481,pay via number
Transfer 20440 to Mei Chen.,bank_transfer
Send 750 to Emma,pay via contacts
Can you pay 250 to Alice?,pay via contacts
Transfer 1000 using bob@ybl,pay via UPI ID
"Send 41382 to account 4467829142, IFSC PNB0005432.",bank_transfer
Transfer 48486.,bank_transfer
I need my QR code for transactions,show my QR code
Send 2000 to alice@upi,pay via UPI ID
Pay 1000 via alice@upi,pay via UPI ID
Send 1000 to Alice,pay via contacts
Transfer 34700.,bank_transfer
Show my transaction history,transaction history
"Send 37722 to account 5472871348, IFSC SBIN0001234.",bank_transfer
Can you fetch my last payments?,transaction history
Fund 1541 to 9883430417,pay via number
I need my QR code for transactions,show my QR code
Display my QR code,show my QR code
"Transfer 48486 to Rahul Sharma, account number 8871333370, IFSC YESB0003344.",bank_transfer
Can I send ₹2500 to my own account?,pay to self
Fund 1541 to 9883430417,pay via number
Pay 250 via alice@upi,pay via UPI ID
Can I send ₹2500 to my own account?,pay to self
Send 3540 to 9598261481,pay via number
Transfer money to 9640360845,pay via number
Send 3540 to 9598261481,pay via number
Can you pay 500 to Alice?,pay via contacts
Pay ₹8000 into my own bank,pay to self
Show my transaction history,transaction history
Display my QR code,show my QR code
Transfer 250 using john@sbi,pay via UPI ID
Transfer 1000 using alice@upi,pay via UPI ID
Display my recent transactions,transaction history
Can you fetch my payment QR code?,show my QR code
Pay using the scanned QR code,pay via QR code
I need to see my past transactions,transaction history
I need to see my past transactions,transaction history
Can you pay 750 to Emma?,pay via contacts
Pay ₹8000 into my own bank,pay to self
I need to see my past transactions,transaction history
"Send 4209 to account 5265416525, IFSC YESB0003344.",bank_transfer
"Send money to Olivia Brown, account number 6839885968.",bank_transfer
Fund 1541 to 9883430417,pay via number
Transfer money to 9640360845,pay via number
Can you process a QR code payment?,pay via QR code
Can you process a QR code payment?,pay via QR code
Display my QR code,show my QR code
Send 3540 to 9598261481,pay via number
Pay bill of 463 using 9709787304,pay via number
Make a payment using QR,pay via QR code
Scan a QR code to pay,pay via QR code
Show my QR code for payment,show my QR code
Make a UPI payment of 750 to alice@upi,pay via UPI ID
Transfer money to 9640360845,pay via number
"Transfer 18656 to Fatima Begum, account number 8871333370, IFSC SBIN0001234.",bank_transfer
Can you process a QR code payment?,pay via QR code
Make a UPI payment of 500 to emma@paytm,pay via UPI ID
Send 3540 to 9598261481,pay via number
I need my QR code for transactions,show my QR code
"Send 5727 to account 9606509765, IFSC BOFA0006789.",bank_transfer
Send 500 to Bob,pay via contacts
I need to see my past transactions,transaction history
Pay using the scanned QR code,pay via QR code
Send 1336 INR to 9995276216,pay via number
Display my QR code,show my QR code
Show my transaction history,transaction history
Move ₹1000 from checking to savings,pay to self
Can you fetch my payment QR code?,show my QR code
"Send money to John Doe, account number 3075005585.",bank_transfer
I need to see my past transactions,transaction history
I need my QR code for transactions,show my QR code
Can you fetch my last payments?,transaction history
Transfer 1000 using bob@ybl,pay via UPI ID
Can you pay 1000 to Emma?,pay via contacts
"Transfer 37722 to Mei Chen, account number 8871333370, IFSC ICIC0009876.",bank_transfer
Can you process a QR code payment?,pay via QR code
Can you process a QR code payment?,pay via QR code
Transfer 31580 to David Johnson.,bank_transfer
Can you fetch my last payments?,transaction history
Transfer 750 to Alice,pay via contacts
Send 250 to Bob,pay via contacts
Can I transfer ₹5000 to myself?,pay to self
Make a UPI payment of 750 to bob@ybl,pay via UPI ID
Can you process a QR code payment?,pay via QR code
Can you pay 750 to John?,pay via contacts
Move ₹5500 within my accounts,pay to self
Send 500 to Alice,pay via contacts
Add ₹100 to my digital wallet,pay to self
Display my recent transactions,transaction history
I need my QR code for transactions,show my QR code
Fund transfer to self ₹200,pay to self
I need to see my past transactions,transaction history
Make a payment using QR,pay via QR code
Fund 1541 to 9883430417,pay via number
Fund 1541 to 9883430417,pay via number
Transfer 500 using emma@paytm,pay via UPI ID
Transfer 1657 via 9176273695,pay via number
Can you fetch my last payments?,transaction history
Make a UPI payment of 250 to john@sbi,pay via UPI ID
Transfer 14720.,bank_transfer
Can you pay 250 to Bob?,pay via contacts
Display my recent transactions,transaction history
"Transfer 32617 to David Johnson, account number 9180071527, IFSC YESB0003344.",bank_transfer
Show my QR code for payment,show my QR code
Can you fetch my payment QR code?,show my QR code
Fund 1541 to 9883430417,pay via number
I need to see my past transactions,transaction history
Can you pay 500 to Bob?,pay via contacts
Make a UPI payment of 2000 to emma@paytm,pay via UPI ID
Show my transaction history,transaction history
Transfer 37722 to Rahul Sharma.,bank_transfer
Show my QR code for payment,show my QR code
Transfer 1657 via 9176273695,pay via number
Can you fetch my payment QR code?,show my QR code
Move ₹1000 from checking to savings,pay to self
"Send money to Priya Kapoor, account number 7036643460.",bank_transfer
Scan a QR code to pay,pay via QR code
I need to move ₹700 to another account of mine,pay to self
Pay using the scanned QR code,pay via QR code
Can you pay 1000 to Alice?,pay via contacts
Pay 750 via alice@upi,pay via UPI ID
Deposit ₹900 into my account from UPI,pay to self
Scan a QR code to pay,pay via QR code
Send 1336 INR to 9995276216,pay via number
Can you fetch my payment QR code?,show my QR code
Send 3540 to 9598261481,pay via number
Can you process a QR code payment?,pay via QR code
Deposit ₹2000 into my bank account,pay to self
Display my QR code,show my QR code
Transfer 2000 to Emma,pay via contacts
Display my recent transactions,transaction history
I need my QR code for transactions,show my QR code
Can you fetch my last payments?,transaction history
Pay 1762 to 9621239137,pay via number
Make a payment of 2000 to Emma,pay via contacts
Do a bank transfer.,bank_transfer
Fund 1541 to 9883430417,pay via number
Fund 1541 to 9883430417,pay via number
Transfer money to my own account,pay to self
Send 250 to Bob,pay via contacts
Transfer money to 9640360845,pay via number
Transfer money to 9640360845,pay via number
Transfer 18656 to Akash Nair.,bank_transfer
Transfer 1000 to Emma,pay via contacts
Fund 1541 to 9883430417,pay via number
Fund 1541 to 9883430417,pay via number
Scan a QR code to pay,pay via QR code
Send 31401 to IFSC AXIS0001122.,bank_transfer
Display my recent transactions,transaction history
Show my QR code for payment,show my QR code
I need to move ₹700 to another account of mine,pay to self
Transfer to account 4467829142.,bank_transfer
Make a UPI payment of 750 to john@sbi,pay via UPI ID
Display my QR code,show my QR code
Transfer money to 9640360845,pay via number
Show my transaction history,transaction history
Can you process a QR code payment?,pay via QR code
Send 3540 to 9598261481,pay via number
Pay 750 via emma@paytm,pay via UPI ID
Can I transfer ₹5000 to myself?,pay to self
Make a payment using QR,pay via QR code
Pay 2000 via emma@paytm,pay via UPI ID
Can you process a QR code payment?,pay via QR code
Send 2000 to Alice,pay via contacts
Make a payment using QR,pay via QR code
Send 250 to bob@ybl,pay via UPI ID
Pay 750 via emma@paytm,pay via UPI ID
Display my QR code,show my QR code
I need my QR code for transactions,show my QR code
Can you pay 750 to Emma?,pay via contacts
Send 37057 to IFSC PNB0005432.,bank_transfer
Pay 250 via bob@ybl,pay via UPI ID
Send 34700 to IFSC AXIS0001122.,bank_transfer
Show my QR code for payment,show my QR code
Can you pay 250 to Emma?,pay via contacts
Send 250 to alice@upi,pay via UPI ID
Pay 1762 to 9621239137,pay via number
Send 3540 to 9598261481,pay via number
Send 3540 to 9598261481,pay via number
Make a payment of 2000 to Emma,pay via contacts
"Transfer 20503 to Fatima Begum, account number 3075005585, IFSC ICIC0009876.",bank_transfer
Fund 1541 to 9883430417,pay via number
Make a payment using QR,pay via QR code
I need my QR code for transactions,show my QR code
"Send money to Rahul Sharma, account number 5472871348.",bank_transfer
Can you process a QR code payment?,pay via QR code
Can you fetch my payment QR code?,show my QR code
Can you pay 1000 to Emma?,pay via contacts
I need to see my past transactions,transaction history
Transfer 20503.,bank_transfer
Transfer 500 to John,pay via contacts
Transfer 250 to Alice,pay via contacts
I need to see my past transactions,transaction history
Can you pay 2000 to Emma?,pay via contacts
Make a UPI payment of 250 to alice@upi,pay via UPI ID
Pay 1000 via alice@upi,pay via UPI ID
Make a payment of 750 to Emma,pay via contacts
Make a UPI payment of 2000 to bob@ybl,pay via UPI ID
Send 2000 to bob@ybl,pay via UPI ID
Self-payment of ₹6000,pay to self
Move ₹1000 from checking to savings,pay to self
"Send 34700 to account 5728856473, IFSC SBIN0001234.",bank_transfer
I need to see my past transactions,transaction history
Display my QR code,show my QR code
Can you fetch my payment QR code?,show my QR code
Can you process a QR code payment?,pay via QR code
Display my recent transactions,transaction history
Make a payment using QR,pay via QR code
Make a UPI payment of 750 to alice@upi,pay via UPI ID
Show my QR code for payment,show my QR code
Pay using the scanned QR code,pay via QR code
Transfer 500 to Bob,pay via contacts
Send 3540 to 9598261481,pay via number
"Send money to Anita Singh, account number 9606509765.",bank_transfer
Pay bill of 463 using 9709787304,pay via number
Send 750 to Alice,pay via contacts
Fund 1541 to 9883430417,pay via number
Make a UPI payment of 250 to emma@paytm,pay via UPI ID
Send 750 to Bob,pay via contacts
Send 2000 to John,pay via contacts
Transfer money to my own account,pay to self
Make a payment of 500 to Bob,pay via contacts
Can you fetch my last payments?,transaction history
I need to see my past transactions,transaction history
Show my QR code for payment,show my QR code
Show my QR code for payment,show my QR code
Scan a QR code to pay,pay via QR code
I need my QR code for transactions,show my QR code
Shift ₹4500 from wallet to bank,pay to self
"Send 41382 to account 3075005585, IFSC PNB0005432.",bank_transfer
Send 250 to Bob,pay via contacts
Make a UPI payment of 2000 to alice@upi,pay via UPI ID
Pay 750 via emma@paytm,pay via UPI ID
Transfer money to 9640360845,pay via number
Pay using the scanned QR code,pay via QR code
Pay 1000 via alice@upi,pay via UPI ID
Scan a QR code to pay,pay via QR code
Pay bill of 463 using 9709787304,pay via number
Show my transaction history,transaction history
Send ₹500 to my savings account,pay to self
Send 41382 to IFSC BOFA0006789.,bank_transfer
Show my QR code for payment,show my QR code
Add ₹100 to my digital wallet,pay to self
Can I send ₹2500 to my own account?,pay to self
Scan a QR code to pay,pay via QR code
Show my transaction history,transaction history
Display my QR code,show my QR code
Send 1336 INR to 9995276216,pay via number
Show my transaction history,transaction history
Transfer 500 to Emma,pay via contacts
Send 18656 to IFSC HDFC0005678.,bank_transfer
Pay using the scanned QR code,pay via QR code
Transfer 750 to Alice,pay via contacts
Can you fetch my last payments?,transaction history
Send 3540 to 9598261481,pay via number
Pay using the scanned QR code,pay via QR code
Make a payment of 2000 to Alice,pay via contacts
"Transfer 31580 to John Doe, account number 9446895308, IFSC BOFA0006789.",bank_transfer
Make a UPI payment of 2000 to john@sbi,pay via UPI ID
Transfer 1000 to John,pay via contacts
Scan a QR code to pay,pay via QR code
Shift ₹4000 to my savings,pay to self
Pay bill of 463 using 9709787304,pay via number
Send 20503 to IFSC PNB0005432.,bank_transfer
Can you pay 250 to John?,pay via contacts
Transfer 1000 to John,pay via contacts
Send 4867 to IFSC AXIS0001122.,bank_transfer
Make a UPI payment of 250 to emma@paytm,pay via UPI ID
Can you process a QR code payment?,pay via QR code
Can you pay 250 to Alice?,pay via contacts
Show my transaction history,transaction history
Transfer 750 to Bob,pay via contacts
"Send 48486 to account 2761635476, IFSC BOFA0006789.",bank_transfer
Transfer 250 to Emma,pay via contacts
Move ₹1000 from checking to savings,pay to self
I need my QR code for transactions,show my QR code
Transfer 1000 using bob@ybl,pay via UPI ID
"Send money to Mei Chen, account number 7036643460.",bank_transfer
Transfer 20440.,bank_transfer
Move ₹5500 within my accounts,pay to self
Transfer money to 9640360845,pay via number
Can you pay 2000 to Emma?,pay via contacts
Can you fetch my payment QR code?,show my QR code
Send 1336 INR to 9995276216,pay via number
Make a payment of 2000 to Emma,pay via contacts
Send 500 to Bob,pay via contacts
Can I send ₹2500 to my own account?,pay to self
Show my QR code for payment,show my QR code
"Send money to John Doe, account number 5728856473.",bank_transfer
Display my QR code,show my QR code
Fund 1541 to 9883430417,pay via number
Pay 500 via bob@ybl,pay via UPI ID
I want to pay myself ₹3000,pay to self
Transfer to account 9446895308.,bank_transfer
Shift ₹4500 from wallet to bank,pay to self
Can you fetch my payment QR code?,show my QR code
Transfer 48843 to Fatima Begum.,bank_transfer
Send 500 to alice@upi,pay via UPI ID
Show my transaction history,transaction history
I need to see my past transactions,transaction history
Make a payment of 2000 to Bob,pay via contacts
Send 250 to bob@ybl,pay via UPI ID
Send ₹500 to my savings account,pay to self
Show my QR code for payment,show my QR code
Scan a QR code to pay,pay via QR code
Deposit ₹2000 into my bank account,pay to self
Scan a QR code to pay,pay via QR code
Pay 250 via alice@upi,pay via UPI ID
Show my transaction history,transaction history
Self-transfer ₹1500,pay to self
I need to see my past transactions,transaction history
Send 750 to john@sbi,pay via UPI ID
Send 2000 to John,pay via contacts
Make a payment using QR,pay via QR code
Add ₹100 to my digital wallet,pay to self
Transfer money to 9640360845,pay via number
Pay bill of 463 using 9709787304,pay via number
Can you fetch my payment QR code?,show my QR code
I need my QR code for transactions,show my QR code
Show my transaction history,transaction history
Can you pay 1000 to John?,pay via contacts
Send 250 to Bob,pay via contacts
"Send money to Olivia Brown, account number 9686302372.",bank_transfer
Move some funds to my personal account,pay to self
Send 1336 INR to 9995276216,pay via number
"Transfer 4209 to Fatima Begum, account number 3503310637, IFSC AXIS0001122.",bank_transfer
Do a bank transfer.,bank_transfer
Transfer 500 to John,pay via contacts
Show my transaction history,transaction history
Transfer 2000 to John,pay via contacts
Make a payment of 1000 to Alice,pay via contacts
Display my QR code,show my QR code
Can you fetch my payment QR code?,show my QR code
Pay using the scanned QR code,pay via QR code
Add ₹10000 to my secondary account,pay to self
Send 1336 INR to 9995276216,pay via number
Show my QR code for payment,show my QR code
Do a bank transfer.,bank_transfer
Deposit ₹2000 into my bank account,pay to self
Do a bank transfer.,bank_transfer
Make a UPI payment of 500 to emma@paytm,pay via UPI ID
Pay using the scanned QR code,pay via QR code
Pay using the scanned QR code,pay via QR code
Send ₹500 to my savings account,pay to self
I need my QR code for transactions,show my QR code
Pay bill of 463 using 9709787304,pay via number
Can you fetch my payment QR code?,show my QR code
Show my transaction history,transaction history
Pay 250 via alice@upi,pay via UPI ID
Scan a QR code to pay,pay via QR code
I need my QR code for transactions,show my QR code
Send 2000 to alice@upi,pay via UPI ID
Can you pay 2000 to John?,pay via contacts
Transfer to account 9446895308.,bank_transfer
Transfer 26997 to Rahul Sharma.,bank_transfer
"Send money to Akash Nair, account number 7036643460.",bank_transfer
Display my QR code,show my QR code
Can you process a QR code payment?,pay via QR code
Send 1336 INR to 9995276216,pay via number
"Transfer 31580 to John Doe, account number 9180071527, IFSC ICIC0009876.",bank_transfer
Show my QR code for payment,show my QR code
Do a bank transfer.,bank_transfer
Can you process a QR code payment?,pay via QR code
Pay 1762 to 9621239137,pay via number
Make a payment using QR,pay via QR code
Transfer 4209.,bank_transfer
Can you fetch my payment QR code?,show my QR code
Show my QR code for payment,show my QR code
Transfer 500 to John,pay via contacts
Make a UPI payment of 500 to john@sbi,pay via UPI ID
Transfer 750 to Emma,pay via contacts
Can you fetch my last payments?,transaction history
I need to see my past transactions,transaction history
I need to see my past transactions,transaction history
Display my QR code,show my QR code
Send 250 to alice@upi,pay via UPI ID
Send 1000 to John,pay via contacts
Can you process a QR code payment?,pay via QR code
Move ₹1000 from checking to savings,pay to self
Pay 250 via bob@ybl,pay via UPI ID
Make a UPI payment of 500 to john@sbi,pay via UPI ID
Pay 1000 via john@sbi,pay via UPI ID
Display my QR code,show my QR code
Send 750 to alice@upi,pay via UPI ID
"Transfer 5727 to David Johnson, account number 2761635476, IFSC ICIC0009876.",bank_transfer
Can you fetch my last payments?,transaction history
Fund 1541 to 9883430417,pay via number
Transfer money to 9640360845,pay via number
Fund 1541 to 9883430417,pay via number
Display my QR code,show my QR code
"Transfer 26997 to Akash Nair, account number 6284165127, IFSC YESB0003344.",bank_transfer
Transfer 4867 to David Johnson.,bank_transfer
I need to see my past transactions,transaction history
"Send money to Anita Singh, account number 9180071527.",bank_transfer
Transfer 28532.,bank_transfer
I need my QR code for transactions,show my QR code
Make a payment using QR,pay via QR code
Transfer money to my own account,pay to self
Transfer 20503 to Anita Singh.,bank_transfer
Send 2000 to John,pay via contacts
Make a payment of 500 to Bob,pay via contacts
Pay 2000 via john@sbi,pay via UPI ID
I need my QR code for transactions,show my QR code
I need my QR code for transactions,show my QR code
Show my QR code for payment,show my QR code
Pay 1762 to 9621239137,pay via number
Transfer 20440 to Mei Chen.,bank_transfer
Show my transaction history,transaction history
Transfer to account 5472871348.,bank_transfer
Scan a QR code to pay,pay via QR code
Scan a QR code to pay,pay via QR code
Show my QR code for payment,show my QR code
"Send 48486 to account 8871333370, IFSC AXIS0001122.",bank_transfer
Make a UPI payment of 1000 to john@sbi,pay via UPI ID
Send 1336 INR to 9995276216,pay via number
Send 750 to john@sbi,pay via UPI ID
Transfer 1657 via 9176273695,pay via number
Transfer 2000 to Emma,pay via contacts
Pay using the scanned QR code,pay via QR code
Fund transfer to self ₹200,pay to self
Move ₹5500 within my accounts,pay to self
Make a payment using QR,pay via QR code
I need my QR code for transactions,show my QR code
Display my QR code,show my QR code
I need my QR code for transactions,show my QR code
Make a payment using QR,pay via QR code
Scan a QR code to pay,pay via QR code
Transfer 500 using bob@ybl,pay via UPI ID
Display my QR code,show my QR code
Make a payment of 250 to John,pay via contacts
Transfer 1657 via 9176273695,pay via number
I need my QR code for transactions,show my QR code
Show my transaction history,transaction history
I need to see my past transactions,transaction history
Pay using the scanned QR code,pay via QR code
Fund 1541 to 9883430417,pay via number
Show my QR code for payment,show my QR code
Transfer money to 9640360845,pay via number
Send 750 to Bob,pay via contacts
Show my transaction history,transaction history
Transfer money to 9640360845,pay via number
Display my QR code,show my QR code
Make a UPI payment of 1000 to emma@paytm,pay via UPI ID
Display my QR code,show my QR code
I need to see my past transactions,transaction history
Transfer 500 to Alice,pay via contacts
Send 4867 to IFSC HDFC0005678.,bank_transfer
Scan a QR code to pay,pay via QR code
Send 3540 to 9598261481,pay via number
Can you fetch my last payments?,transaction history
Show my transaction history,transaction history
Can you fetch my last payments?,transaction history
Send 20503 to IFSC BOFA0006789.,bank_transfer
Make a payment using QR,pay via QR code
Fund 1541 to 9883430417,pay via number
Send 750 to alice@upi,pay via UPI ID
Do a bank transfer.,bank_transfer
Can you fetch my payment QR code?,show my QR code
Shift ₹4500 from wallet to bank,pay to self
Display my QR code,show my QR code
Pay using the scanned QR code,pay via QR code
Can you fetch my payment QR code?,show my QR code
Move ₹1000 from checking to savings,pay to self
"Send 31580 to account 3075005585, IFSC ICIC0009876.",bank_transfer
Show my QR code for payment,show my QR code
"Transfer 24357 to Anita Singh, account number 6284165127, IFSC YESB0003344.",bank_transfer
Can you fetch my last payments?,transaction history
Do a bank transfer.,bank_transfer
I need to see my past transactions,transaction history
I need my QR code for transactions,show my QR code
Pay 2000 via emma@paytm,pay via UPI ID
Pay 1762 to 9621239137,pay via number
Can you pay 1000 to Bob?,pay via contacts
Display my recent transactions,transaction history
Display my QR code,show my QR code
"Send 34700 to account 5472871348, IFSC YESB0003344.",bank_transfer
Display my recent transactions,transaction history
Scan a QR code to pay,pay via QR code
Transfer money to my own account,pay to self
Scan a QR code to pay,pay via QR code
Pay 2000 via alice@upi,pay via UPI ID
"Transfer 48486 to Fatima Begum, account number 9606509765, IFSC YESB0003344.",bank_transfer
Can you fetch my last payments?,transaction history
Pay 2000 via emma@paytm,pay via UPI ID
Transfer 31401 to Fatima Begum.,bank_transfer
Pay ₹8000 into my own bank,pay to self
Send 2000 to john@sbi,pay via UPI ID
Move ₹1000 from checking to savings,pay to self
Scan a QR code to pay,pay via QR code
Transfer 1657 via 9176273695,pay via number
Do a bank transfer.,bank_transfer
Transfer 18656 to David Johnson.,bank_transfer
I need to see my past transactions,transaction history
Display my recent transactions,transaction history
Can you fetch my last payments?,transaction history
Can you process a QR code payment?,pay via QR code
Transfer 250 using alice@upi,pay via UPI ID
"Transfer 48843 to Fatima Begum, account number 9180071527, IFSC YESB0003344.",bank_transfer
Transfer 2000 to Alice,pay via contacts
I need my QR code for transactions,show my QR code
I need my QR code for transactions,show my QR code
Can you process a QR code payment?,pay via QR code
Transfer money to 9640360845,pay via number
Can you fetch my last payments?,transaction history
Send 31401 to IFSC PNB0005432.,bank_transfer
Make a payment using QR,pay via QR code
Pay using the scanned QR code,pay via QR code
Make a payment of 250 to Emma,pay via contacts
Can you fetch my payment QR code?,show my QR code
Pay ₹8000 into my own bank,pay to self
Send 500 to Alice,pay via contacts
Make a payment using QR,pay via QR code
Make a UPI payment of 1000 to john@sbi,pay via UPI ID
Pay 750 via john@sbi,pay via UPI ID
"Transfer 34700 to Priya Kapoor, account number 9446895308, IFSC BOFA0006789.",bank_transfer
Send 18656 to IFSC YESB0003344.,bank_transfer
"Transfer 20440 to David Johnson, account number 5265416525, IFSC BOFA0006789.",bank_transfer
Send 750 to Emma,pay via contacts
"Send money to Anita Singh, account number 2761635476.",bank_transfer
Show my transaction history,transaction history
"Transfer 48486 to Fatima Begum, account number 9606509765, IFSC YESB0003344.",bank_transfer
Can you fetch my payment QR code?,show my QR code
Pay 1762 to 9621239137,pay via number
Send 3540 to 9598261481,pay via number
Make a payment using QR,pay via QR code
Can you process a QR code payment?,pay via QR code
Can you pay 750 to John?,pay via contacts
"Transfer 48486 to Olivia Brown, account number 9628205197, IFSC BOFA0006789.",bank_transfer
Make a UPI payment of 1000 to alice@upi,pay via UPI ID
Can you fetch my last payments?,transaction history
Scan a QR code to pay,pay via QR code
Pay using the scanned QR code,pay via QR code
Pay ₹8000 into my own bank,pay to self
Send 1336 INR to 9995276216,pay via number
Transfer 250 using bob@ybl,pay via UPI ID
Send 14720 to IFSC SBIN0001234.,bank_transfer
Transfer 2000 to Emma,pay via contacts
Can you fetch my last payments?,transaction history
Pay 500 via john@sbi,pay via UPI ID
I need my QR code for transactions,show my QR code
Show my QR code for payment,show my QR code
Pay 1762 to 9621239137,pay via number
Make a payment using QR,pay via QR code
Transfer 500 to Emma,pay via contacts
Send 250 to alice@upi,pay via UPI ID
Make a payment of 250 to Emma,pay via contacts
Transfer to account 5472871348.,bank_transfer
Scan a QR code to pay,pay via QR code
Display my QR code,show my QR code
Display my recent transactions,transaction history
Can you process a QR code payment?,pay via QR code
I need my QR code for transactions,show my QR code
Display my QR code,show my QR code
Fund 1541 to 9883430417,pay via number
I need to see my past transactions,transaction history
Show my transaction history,transaction history
Transfer 500 using emma@paytm,pay via UPI ID
Scan a QR code to pay,pay via QR code
Make a payment of 2000 to John,pay via contacts
Transfer money to 9640360845,pay via number
I need my QR code for transactions,show my QR code
Shift ₹4000 to my savings,pay to self
Show my transaction history,transaction history
Pay 2000 via emma@paytm,pay via UPI ID
Scan a QR code to pay,pay via QR code
Can you process a QR code payment?,pay via QR code
Can you fetch my last payments?,transaction history
Make a UPI payment of 750 to emma@paytm,pay via UPI ID
Show my QR code for payment,show my QR code
Transfer to account 2761635476.,bank_transfer
Shift ₹4000 to my savings,pay to self
Make a payment of 2000 to John,pay via contacts
Pay 1762 to 9621239137,pay via number
Scan a QR code to pay,pay via QR code
Fund transfer to self ₹200,pay to self
Pay 1762 to 9621239137,pay via number
"Transfer 37057 to Priya Kapoor, account number 2761635476, IFSC SBIN0001234.",bank_transfer
I need to see my past transactions,transaction history
Send 1336 INR to 9995276216,pay via number
Send 250 to emma@paytm,pay via UPI ID
Can you fetch my payment QR code?,show my QR code
Shift ₹4000 to my savings,pay to self
Display my recent transactions,transaction history
Transfer 1657 via 9176273695,pay via number
I need to see my past transactions,transaction history
Send 500 to Emma,pay via contacts
I need my QR code for transactions,show my QR code
"Send money to Priya Kapoor, account number 3870827289.",bank_transfer
Make a payment of 250 to Alice,pay via contacts
Make a UPI payment of 750 to emma@paytm,pay via UPI ID
Show my transaction history,transaction history
Pay 250 via emma@paytm,pay via UPI ID
Transfer 2000 using bob@ybl,pay via UPI ID
Scan a QR code to pay,pay via QR code
Make a payment of 750 to Emma,pay via contacts
Transfer 750 using john@sbi,pay via UPI ID
Pay 2000 via alice@upi,pay via UPI ID
"Transfer 28532 to Akash Nair, account number 9180071527, IFSC HDFC0005678.",bank_transfer
Display my QR code,show my QR code
Fund 1541 to 9883430417,pay via number
"Send money to Priya Kapoor, account number 2761635476.",bank_transfer
Move ₹5500 within my accounts,pay to self
Shift ₹4500 from wallet to bank,pay to self
Move ₹1000 from checking to savings,pay to self
I need my QR code for transactions,show my QR code
Fund transfer to self ₹200,pay to self
Pay 1762 to 9621239137,pay via number
Transfer to account 9446895308.,bank_transfer
Display my recent transactions,transaction history
Show my transaction history,transaction history
Send 3540 to 9598261481,pay via number
Transfer 20440.,bank_transfer
Send ₹500 to my savings account,pay to self
Transfer 1657 via 9176273695,pay via number
Transfer 37722 to Priya Kapoor.,bank_transfer
Show my transaction history,transaction history
Fund 1541 to 9883430417,pay via number
I need my QR code for transactions,show my QR code
Send 2000 to Emma,pay via contacts
Pay 1762 to 9621239137,pay via number
Scan a QR code to pay,pay via QR code
Transfer money to 9640360845,pay via number
Transfer to account 5728856473.,bank_transfer
Self-payment of ₹6000,pay to self
Send 2000 to bob@ybl,pay via UPI ID
Show my transaction history,transaction history
Make a payment using QR,pay via QR code
Pay ₹8000 into my own bank,pay to self
Send ₹500 to my savings account,pay to self
I need to move ₹700 to another account of mine,pay to self
Transfer 24477 to David Johnson.,bank_transfer
"Send 4209 to account 3503310637, IFSC ICIC0009876.",bank_transfer
Pay ₹8000 into my own bank,pay to self
Send 31580 to IFSC BOFA0006789.,bank_transfer
I need to see my past transactions,transaction history
I need my QR code for transactions,show my QR code
Can you pay 500 to John?,pay via contacts
Move ₹5500 within my accounts,pay to self
Send 500 to Bob,pay via contacts
Transfer to account 9446895308.,bank_transfer
Show my QR code for payment,show my QR code
Make a UPI payment of 500 to alice@upi,pay via UPI ID
I need to see my past transactions,transaction history
Make a payment of 2000 to Emma,pay via contacts
Display my QR code,show my QR code
Make a payment of 1000 to John,pay via contacts
Pay 2000 via emma@paytm,pay via UPI ID
Scan a QR code to pay,pay via QR code
Show my QR code for payment,show my QR code
Show my transaction history,transaction history
Show my QR code for payment,show my QR code
Make a payment using QR,pay via QR code
I need to see my past transactions,transaction history
Self-transfer ₹1500,pay to self
Show my transaction history,transaction history
Pay using the scanned QR code,pay via QR code
Move some funds to my personal account,pay to self
Display my recent transactions,transaction history
Show my QR code for payment,show my QR code
Display my recent transactions,transaction history
Display my recent transactions,transaction history
Pay using the scanned QR code,pay via QR code
Can you pay 750 to Bob?,pay via contacts
Pay 500 via emma@paytm,pay via UPI ID
"Transfer 31401 to Rahul Sharma, account number 8871333370, IFSC ICIC0009876.",bank_transfer
Transfer 2000 using john@sbi,pay via UPI ID
Pay 1762 to 9621239137,pay via number
Make a payment using QR,pay via QR code
I need to see my past transactions,transaction history
Can you process a QR code payment?,pay via QR code
Display my recent transactions,transaction history
Scan a QR code to pay,pay via QR code
Show my transaction history,transaction history
Scan a QR code to pay,pay via QR code
Transfer 31401 to Mei Chen.,bank_transfer
Can you fetch my last payments?,transaction history
Transfer 250 to Emma,pay via contacts
Pay 750 via bob@ybl,pay via UPI ID
Transfer to account 2761635476.,bank_transfer
Make a payment of 500 to Emma,pay via contacts
Display my recent transactions,transaction history
Transfer 1657 via 9176273695,pay via number
Pay using the scanned QR code,pay via QR code
Transfer 31401.,bank_transfer
Transfer 1000 using bob@ybl,pay via UPI ID
Pay using the scanned QR code,pay via QR code
"Send 31580 to account 3075005585, IFSC BOFA0006789.",bank_transfer
Can you fetch my last payments?,transaction history
Make a UPI payment of 1000 to emma@paytm,pay via UPI ID
"Send 41382 to account 6839885968, IFSC ICIC0009876.",bank_transfer
Move ₹1000 from checking to savings,pay to self
Can you fetch my payment QR code?,show my QR code
I need to see my past transactions,transaction history
Transfer money to 9640360845,pay via number
"Send 32617 to account 8871333370, IFSC ICIC0009876.",bank_transfer
Show my transaction history,transaction history
Send 1336 INR to 9995276216,pay via number
Transfer money to 9640360845,pay via number
Make a payment using QR,pay via QR code
Can you fetch my payment QR code?,show my QR code
Send ₹3500 from my UPI to my own bank,pay to self
Send 750 to Bob,pay via contacts
Show my transaction history,transaction history
Can you fetch my last payments?,transaction history
Can you pay 750 to Alice?,pay via contacts
Fund 1541 to 9883430417,pay via number
Make a UPI payment of 2000 to john@sbi,pay via UPI ID
Transfer 750 to Alice,pay via contacts
Transfer money to 9640360845,pay via number
Send 250 to Alice,pay via contacts
Display my QR code,show my QR code
Deposit ₹2000 into my bank account,pay to self
Pay using the scanned QR code,pay via QR code
Pay 1000 via alice@upi,pay via UPI ID
Make a payment using QR,pay via QR code
Make a payment using QR,pay via QR code
Send 750 to emma@paytm,pay via UPI ID
I need to move ₹700 to another account of mine,pay to self
Show my QR code for payment,show my QR code
Pay using the scanned QR code,pay via QR code
Pay 750 via john@sbi,pay via UPI ID
Send 3540 to 9598261481,pay via number
Fund 1541 to 9883430417,pay via number
Self-payment of ₹6000,pay to self
Scan a QR code to pay,pay via QR code
Transfer 750 using emma@paytm,pay via UPI ID
Move ₹1000 from checking to savings,pay to self
Display my QR code,show my QR code
I want to pay myself ₹3000,pay to self
Send 2000 to Emma,pay via contacts
Pay ₹8000 into my own bank,pay to self
Transfer 37057 to Akash Nair.,bank_transfer
Transfer 1657 via 9176273695,pay via number
I need my QR code for transactions,show my QR code
Pay bill of 463 using 9709787304,pay via number
Transfer to account 9654334863.,bank_transfer
I need to see my past transactions,transaction history
Make a payment using QR,pay via QR code
Send 750 to bob@ybl,pay via UPI ID
Transfer 1657 via 9176273695,pay via number
Can you fetch my last payments?,transaction history
Make a payment using QR,pay via QR code
I need to see my past transactions,transaction history
Can you fetch my payment QR code?,show my QR code
Transfer 1000 to John,pay via contacts
Can you fetch my last payments?,transaction history
Transfer 1657 via 9176273695,pay via number
Can I transfer ₹5000 to myself?,pay to self
Send 250 to Emma,pay via contacts
Display my QR code,show my QR code
Transfer to account 5472871348.,bank_transfer
Transfer 250 to John,pay via contacts
Pay 1000 via bob@ybl,pay via UPI ID
Show my QR code for payment,show my QR code
Transfer money to my own account,pay to self
I need my QR code for transactions,show my QR code
Scan a QR code to pay,pay via QR code
Can you pay 250 to Emma?,pay via contacts
I need to see my past transactions,transaction history
Transfer money to my own account,pay to self
Self-transfer ₹1500,pay to self
Self-transfer ₹1500,pay to self
Send 1000 to Bob,pay via contacts
I need my QR code for transactions,show my QR code
Make a payment using QR,pay via QR code
Can you pay 250 to Bob?,pay via contacts
Can you fetch my payment QR code?,show my QR code
Can you fetch my payment QR code?,show my QR code
"Send 31580 to account 2761635476, IFSC ICIC0009876.",bank_transfer
Display my recent transactions,transaction history
Shift ₹4500 from wallet to bank,pay to self
Can you process a QR code payment?,pay via QR code
Add ₹100 to my digital wallet,pay to self
Show my QR code for payment,show my QR code
Can you pay 2000 to Emma?,pay via contacts
Can you fetch my payment QR code?,show my QR code
Transfer 5727 to Anita Singh.,bank_transfer
Send 2000 to Emma,pay via contacts
I need to see my past transactions,transaction history
"Send money to Olivia Brown, account number 6839885968.",bank_transfer
Transfer 1000 to Emma,pay via contacts
Make a payment using QR,pay via QR code
Send 1336 INR to 9995276216,pay via number
Can you pay 1000 to Alice?,pay via contacts
Send 3540 to 9598261481,pay via number
Transfer money to 9640360845,pay via number
Pay using the scanned QR code,pay via QR code
"Send money to John Doe, account number 3870827289.",bank_transfer
I need my QR code for transactions,show my QR code
Pay 750 via john@sbi,pay via UPI ID
Transfer money to my own account,pay to self
Transfer money to 9640360845,pay via number
Send 3540 to 9598261481,pay via number
Scan a QR code to pay,pay via QR code
Pay 1762 to 9621239137,pay via number
Make a UPI payment of 250 to john@sbi,pay via UPI ID
Show my transaction history,transaction history
Can you process a QR code payment?,pay via QR code
Make a UPI payment of 2000 to alice@upi,pay via UPI ID
Pay 750 via emma@paytm,pay via UPI ID
Transfer 1000 to Alice,pay via contacts
Shift ₹4500 from wallet to bank,pay to self
Send 250 to Emma,pay via contacts
Transfer 37722.,bank_transfer
Transfer 500 using emma@paytm,pay via UPI ID
Send 500 to Emma,pay via contacts
Display my QR code,show my QR code
Pay using the scanned QR code,pay via QR code
I want to pay myself ₹3000,pay to self
Transfer 31580.,bank_transfer
Display my recent transactions,transaction history
Pay 500 via bob@ybl,pay via UPI ID
Make a payment using QR,pay via QR code
Can you fetch my last payments?,transaction history
Do a bank transfer.,bank_transfer
"Send money to Akash Nair, account number 6839885968.",bank_transfer
Transfer 250 using bob@ybl,pay via UPI ID
Display my recent transactions,transaction history
Show my QR code for payment,show my QR code
Can you process a QR code payment?,pay via QR code
Show my QR code for payment,show my QR code
I need my QR code for transactions,show my QR code
Transfer 1657 via 9176273695,pay via number
Show my QR code for payment,show my QR code
Deposit ₹900 into my account from UPI,pay to self
Pay 1000 via bob@ybl,pay via UPI ID
Display my recent transactions,transaction history
Can you fetch my last payments?,transaction history
Display my recent transactions,transaction history
Pay 2000 via emma@paytm,pay via UPI ID
Transfer 1657 via 9176273695,pay via number
Can you fetch my last payments?,transaction history
Transfer money to 9640360845,pay via number
"Transfer 37722 to David Johnson, account number 3503310637, IFSC PNB0005432.",bank_transfer
Send 750 to Alice,pay via contacts
Send 1336 INR to 9995276216,pay via number
Display my recent transactions,transaction history
Can I send ₹2500 to my own account?,pay to self
Scan a QR code to pay,pay via QR code
I need my QR code for transactions,show my QR code
Can you fetch my payment QR code?,show my QR code
Make a UPI payment of 2000 to bob@ybl,pay via UPI ID
Make a UPI payment of 250 to john@sbi,pay via UPI ID
Pay 1762 to 9621239137,pay via number
Fund 1541 to 9883430417,pay via number
Send 2000 to alice@upi,pay via UPI ID
Transfer to account 4467829142.,bank_transfer
Transfer 24357 to Olivia Brown.,bank_transfer
Can you fetch my payment QR code?,show my QR code
Transfer money to my own account,pay to self
I need my QR code for transactions,show my QR code
I need my QR code for transactions,show my QR code
Send ₹500 to my savings account,pay to self
Do a bank transfer.,bank_transfer
Can you fetch my last payments?,transaction history
Make a payment using QR,pay via QR code
Display my QR code,show my QR code
Send 250 to Alice,pay via contacts
Can you fetch my last payments?,transaction history
Can you process a QR code payment?,pay via QR code
Fund 1541 to 9883430417,pay via number
Display my recent transactions,transaction history
Can you fetch my payment QR code?,show my QR code
Add ₹100 to my digital wallet,pay to self
"Transfer 37057 to Rahul Sharma, account number 9654334863, IFSC ICIC0009876.",bank_transfer
Transfer 500 to Alice,pay via contacts
Display my QR code,show my QR code
Send 250 to emma@paytm,pay via UPI ID
Can you pay 1000 to John?,pay via contacts
Can you fetch my payment QR code?,show my QR code
Show my transaction history,transaction history
Make a payment using QR,pay via QR code
Can you process a QR code payment?,pay via QR code
Scan a QR code to pay,pay via QR code
Can you process a QR code payment?,pay via QR code
Send 250 to alice@upi,pay via UPI ID
Send 750 to alice@upi,pay via UPI ID
Transfer 31401.,bank_transfer
Send 500 to john@sbi,pay via UPI ID
Make a payment using QR,pay via QR code
Pay 1762 to 9621239137,pay via number
Make a payment of 250 to Emma,pay via contacts
Pay bill of 463 using 9709787304,pay via number
Pay using the scanned QR code,pay via QR code
Fund 1541 to 9883430417,pay via number
Can you pay 2000 to Emma?,pay via contacts
Make a payment of 250 to Alice,pay via contacts
Display my recent transactions,transaction history
Pay 250 via alice@upi,pay via UPI ID
Show my QR code for payment,show my QR code
Display my QR code,show my QR code
Transfer 1000 to John,pay via contacts
"Transfer 32617 to David Johnson, account number 9180071527, IFSC HDFC0005678.",bank_transfer
Make a payment using QR,pay via QR code
Send 1336 INR to 9995276216,pay via number
Send 3540 to 9598261481,pay via number
Do a bank transfer.,bank_transfer
Show my QR code for payment,show my QR code
Transfer 1657 via 9176273695,pay via number
Make a UPI payment of 500 to bob@ybl,pay via UPI ID
Do a bank transfer.,bank_transfer
Send 2000 to alice@upi,pay via UPI ID
Deposit ₹2000 into my bank account,pay to self
Show my transaction history,transaction history
Pay 250 via bob@ybl,pay via UPI ID
"Transfer 24477 to Carlos Silva, account number 4284769487, IFSC AXIS0001122.",bank_transfer
Transfer 750 using emma@paytm,pay via UPI ID
Pay 500 via alice@upi,pay via UPI ID
Fund 1541 to 9883430417,pay via number
Transfer 24477.,bank_transfer
Make a UPI payment of 500 to alice@upi,pay via UPI ID
Do a bank transfer.,bank_transfer
Fund 1541 to 9883430417,pay via number
Make a UPI payment of 1000 to john@sbi,pay via UPI ID
"Send 31580 to account 3075005585, IFSC ICIC0009876.",bank_transfer
Send 1000 to Emma,pay via contacts
I need to move ₹700 to another account of mine,pay to self
Scan a QR code to pay,pay via QR code
Scan a QR code to pay,pay via QR code
Scan a QR code to pay,pay via QR code
I need to see my past transactions,transaction history
Can you process a QR code payment?,pay via QR code
Add ₹10000 to my secondary account,pay to self
Make a payment using QR,pay via QR code
Can you fetch my last payments?,transaction history
Move some funds to my personal account,pay to self
Show my QR code for payment,show my QR code
I need to see my past transactions,transaction history
Send 2000 to emma@paytm,pay via UPI ID
Send 3540 to 9598261481,pay via number
Show my QR code for payment,show my QR code
"Send 24477 to account 5265416525, IFSC HDFC0005678.",bank_transfer
I want to pay myself ₹3000,pay to self
Transfer money to 9640360845,pay via number
Transfer 500 to Emma,pay via contacts
Can you fetch my payment QR code?,show my QR code
Send 1000 to emma@paytm,pay via UPI ID
Transfer 1657 via 9176273695,pay via number
Make a payment using QR,pay via QR code
Add ₹100 to my digital wallet,pay to self
Transfer 37722 to John Doe.,bank_transfer
"Send money to John Doe, account number 9446895308.",bank_transfer
I need to see my past transactions,transaction history
Show my transaction history,transaction history
Pay 500 via emma@paytm,pay via UPI ID
Show my QR code for payment,show my QR code
Deposit ₹900 into my account from UPI,pay to self
Pay 1762 to 9621239137,pay via number
Can you fetch my last payments?,transaction history
Deposit ₹900 into my account from UPI,pay to self
Display my recent transactions,transaction history
Show my QR code for payment,show my QR code
Can you fetch my last payments?,transaction history
Can you process a QR code payment?,pay via QR code
Pay 500 via john@sbi,pay via UPI ID
Send 1336 INR to 9995276216,pay via number
Display my recent transactions,transaction history
Can you fetch my last payments?,transaction history
Transfer 1657 via 9176273695,pay via number
Can you pay 500 to Alice?,pay via contacts
Pay 500 via bob@ybl,pay via UPI ID
Send 41382 to IFSC YESB0003344.,bank_transfer
Make a payment of 750 to Emma,pay via contacts
Scan a QR code to pay,pay via QR code
Pay 1762 to 9621239137,pay via number
Pay ₹8000 into my own bank,pay to self
Display my recent transactions,transaction history
Transfer 250 to Bob,pay via contacts
I need to move ₹700 to another account of mine,pay to self
Show my QR code for payment,show my QR code
Display my QR code,show my QR code
Display my recent transactions,transaction history
Make a UPI payment of 1000 to alice@upi,pay via UPI ID
Make a payment of 2000 to Emma,pay via contacts
Move ₹1000 from checking to savings,pay to self
Pay 1762 to 9621239137,pay via number
Make a payment using QR,pay via QR code
"Send money to Anita Singh, account number 7036643460.",bank_transfer
Scan a QR code to pay,pay via QR code
Send 3540 to 9598261481,pay via number
I need to see my past transactions,transaction history
Display my recent transactions,transaction history
Make a payment of 250 to Bob,pay via contacts
Send ₹3500 from my UPI to my own bank,pay to self
Fund transfer to self ₹200,pay to self
"Send money to Mei Chen, account number 5728856473.",bank_transfer
Make a UPI payment of 750 to emma@paytm,pay via UPI ID
Fund 1541 to 9883430417,pay via number
I need to see my past transactions,transaction history
Can you fetch my payment QR code?,show my QR code
Scan a QR code to pay,pay via QR code
Make a payment using QR,pay via QR code
Send 2000 to Alice,pay via contacts
Can you fetch my last payments?,transaction history
"Send 24357 to account 9654334863, IFSC ICIC0009876.",bank_transfer
Can you pay 500 to Emma?,pay via contacts
Show my QR code for payment,show my QR code
Can you fetch my payment QR code?,show my QR code
Can you pay 750 to Alice?,pay via contacts
Send 1336 INR to 9995276216,pay via number
Add ₹10000 to my secondary account,pay to self
Transfer 750 to Bob,pay via contacts
Transfer 750 to Emma,pay via contacts
Transfer 1657 via 9176273695,pay via number
Can you process a QR code payment?,pay via QR code
Make a payment of 1000 to Alice,pay via contacts
Transfer money to my own account,pay to self
I need my QR code for transactions,show my QR code
I need my QR code for transactions,show my QR code
Make a payment of 1000 to John,pay via contacts
Pay 750 via bob@ybl,pay via UPI ID
Pay ₹8000 into my own bank,pay to self
Transfer 500 to Alice,pay via contacts
Pay bill of 463 using 9709787304,pay via number
Shift ₹4000 to my savings,pay to self
Shift ₹4000 to my savings,pay to self
I need my QR code for transactions,show my QR code
Send 750 to Alice,pay via contacts
I need my QR code for transactions,show my QR code
Send 500 to bob@ybl,pay via UPI ID
Pay using the scanned QR code,pay via QR code
Send 3540 to 9598261481,pay via number
Can you process a QR code payment?,pay via QR code
Can you pay 500 to Alice?,pay via contacts
Can you fetch my last payments?,transaction history
Send ₹500 to my savings account,pay to self
Pay 1762 to 9621239137,pay via number
Send 250 to emma@paytm,pay via UPI ID
Transfer 1657 via 9176273695,pay via number
I need to see my past transactions,transaction history
Can you fetch my last payments?,transaction history
Can I transfer ₹5000 to myself?,pay to self
Can you fetch my payment QR code?,show my QR code
"Transfer 24477 to Priya Kapoor, account number 6284165127, IFSC PNB0005432.",bank_transfer
Can you pay 1000 to Alice?,pay via contacts
Display my recent transactions,transaction history
Show my transaction history,transaction history
Can you fetch my payment QR code?,show my QR code
"Transfer 48843 to David Johnson, account number 3503310637, IFSC AXIS0001122.",bank_transfer
Display my QR code,show my QR code
Scan a QR code to pay,pay via QR code
Make a UPI payment of 2000 to emma@paytm,pay via UPI ID
Display my recent transactions,transaction history
Transfer 37722 to Fatima Begum.,bank_transfer
Send 250 to john@sbi,pay via UPI ID
"Send money to David Johnson, account number 7036643460.",bank_transfer
Fund 1541 to 9883430417,pay via number
Make a payment of 2000 to Emma,pay via contacts
Scan a QR code to pay,pay via QR code
Pay using the scanned QR code,pay via QR code
Send 3540 to 9598261481,pay via number
Send 2000 to alice@upi,pay via UPI ID
Display my QR code,show my QR code
Send 2000 to John,pay via contacts
Display my recent transactions,transaction history
Pay 1762 to 9621239137,pay via number
Send 3540 to 9598261481,pay via number
Send 2000 to Alice,pay via contacts
Pay using the scanned QR code,pay via QR code
Transfer 250 to Bob,pay via contacts
Pay 2000 via emma@paytm,pay via UPI ID
Transfer 1657 via 9176273695,pay via number
I need to see my past transactions,transaction history
Show my transaction history,transaction history
Can you fetch my last payments?,transaction history
I need to move ₹700 to another account of mine,pay to self
Pay using the scanned QR code,pay via QR code
Self-payment of ₹6000,pay to self
Can you fetch my payment QR code?,show my QR code
"Send 4867 to account 6839885968, IFSC SBIN0001234.",bank_transfer
I need my QR code for transactions,show my QR code
Send 1000 to alice@upi,pay via UPI ID
Make a payment using QR,pay via QR code
Transfer to account 8871333370.,bank_transfer
Can you fetch my last payments?,transaction history
Transfer 4209 to Rahul Sharma.,bank_transfer
Add ₹10000 to my secondary account,pay to self
Transfer 1000 to John,pay via contacts
Show my transaction history,transaction history
Send 31401 to IFSC ICIC0009876.,bank_transfer
Transfer 4209.,bank_transfer
Send 3540 to 9598261481,pay via number
Make a payment of 1000 to Bob,pay via contacts
Do a bank transfer.,bank_transfer
Fund transfer to self ₹200,pay to self
"Send 41382 to account 8362678849, IFSC BOFA0006789.",bank_transfer
Do a bank transfer.,bank_transfer
Show my QR code for payment,show my QR code
Fund 1541 to 9883430417,pay via number
Pay ₹8000 into my own bank,pay to self
Display my QR code,show my QR code
Send 500 to emma@paytm,pay via UPI ID
Display my recent transactions,transaction history
Pay 1762 to 9621239137,pay via number
Make a payment of 500 to Bob,pay via contacts
Can you fetch my payment QR code?,show my QR code
I need my QR code for transactions,show my QR code
Make a payment using QR,pay via QR code
Transfer 750 to Bob,pay via contacts
Can you fetch my payment QR code?,show my QR code
Can you fetch my last payments?,transaction history
Add ₹10000 to my secondary account,pay to self
Can you process a QR code payment?,pay via QR code
Can you pay 750 to Bob?,pay via contacts
Send 750 to john@sbi,pay via UPI ID
Make a payment using QR,pay via QR code
Can you pay 250 to Emma?,pay via contacts
Show my QR code for payment,show my QR code
Pay using the scanned QR code,pay via QR code
I need my QR code for transactions,show my QR code
I need to see my past transactions,transaction history
Send 250 to alice@upi,pay via UPI ID
Display my recent transactions,transaction history
Display my QR code,show my QR code
Shift ₹4000 to my savings,pay to self
I need my QR code for transactions,show my QR code
Transfer 500 using emma@paytm,pay via UPI ID
Pay using the scanned QR code,pay via QR code
Transfer 500 using emma@paytm,pay via UPI ID
Pay bill of 463 using 9709787304,pay via number
"Transfer 48486 to Olivia Brown, account number 9628205197, IFSC BOFA0006789.",bank_transfer
Pay using the scanned QR code,pay via QR code
Show my transaction history,transaction history
Self-payment of ₹6000,pay to self
Make a payment using QR,pay via QR code
"Transfer 48843 to Mei Chen, account number 9446895308, IFSC ICIC0009876.",bank_transfer
Transfer 750 to Emma,pay via contacts
Fund transfer to self ₹200,pay to self
Make a payment of 250 to John,pay via contacts
Can you process a QR code payment?,pay via QR code
Transfer 1657 via 9176273695,pay via number
Can you process a QR code payment?,pay via QR code
Show my QR code for payment,show my QR code
Send 3540 to 9598261481,pay via number
I need my QR code for transactions,show my QR code
Transfer 5727.,bank_transfer
Transfer 1657 via 9176273695,pay via number
Can you fetch my payment QR code?,show my QR code
Make a UPI payment of 750 to bob@ybl,pay via UPI ID
Display my QR code,show my QR code
Can you fetch my last payments?,transaction history
I need to see my past transactions,transaction history
Pay ₹8000 into my own bank,pay to self
Transfer 750 to Bob,pay via contacts
Send 750 to Emma,pay via contacts
Can you fetch my last payments?,transaction history
Can you pay 250 to Alice?,pay via contacts
Scan a QR code to pay,pay via QR code
Transfer 750 using john@sbi,pay via UPI ID
Transfer 1000 to Emma,pay via contacts
Display my recent transactions,transaction history
Pay using the scanned QR code,pay via QR code
Send ₹500 to my savings account,pay to self
Send ₹3500 from my UPI to my own bank,pay to self
Can you fetch my payment QR code?,show my QR code
Display my recent transactions,transaction history
Show my transaction history,transaction history
Move ₹1000 from checking to savings,pay to self
Make a UPI payment of 250 to john@sbi,pay via UPI ID
Make a payment using QR,pay via QR code
Can you process a QR code payment?,pay via QR code
Display my QR code,show my QR code
Scan a QR code to pay,pay via QR code
Show my QR code for payment,show my QR code
Make a payment using QR,pay via QR code
Transfer 500 using alice@upi,pay via UPI ID
Move some funds to my personal account,pay to self
Make a payment using QR,pay via QR code
Pay 2000 via emma@paytm,pay via UPI ID
Transfer to account 6284165127.,bank_transfer
Can you fetch my last payments?,transaction history
Make a UPI payment of 1000 to emma@paytm,pay via UPI ID
I need to see my past transactions,transaction history
Display my QR code,show my QR code
Can I transfer ₹5000 to myself?,pay to self
Make a payment using QR,pay via QR code
Send 3540 to 9598261481,pay via number
Transfer 24357.,bank_transfer
Make a UPI payment of 500 to bob@ybl,pay via UPI ID
Pay bill of 463 using 9709787304,pay via number
Make a payment using QR,pay via QR code
Fund 1541 to 9883430417,pay via number
Send 250 to John,pay via contacts
"Send money to Rahul Sharma, account number 4284769487.",bank_transfer
Pay bill of 463 using 9709787304,pay via number
Make a payment using QR,pay via QR code
Make a UPI payment of 2000 to emma@paytm,pay via UPI ID
Transfer to account 5265416525.,bank_transfer
Send ₹500 to my savings account,pay to self
Can you fetch my payment QR code?,show my QR code
Can you fetch my last payments?,transaction history
Can you fetch my payment QR code?,show my QR code
Move ₹5500 within my accounts,pay to self
Can you fetch my payment QR code?,show my QR code
Transfer 2000 to Alice,pay via contacts
Make a payment using QR,pay via QR code
Transfer to account 8871333370.,bank_transfer
Transfer 20503 to Carlos Silva.,bank_transfer
Scan a QR code to pay,pay via QR code
"Transfer 24357 to John Doe, account number 3870827289, IFSC ICIC0009876.",bank_transfer
"Transfer 20440 to Anita Singh, account number 3503310637, IFSC YESB0003344.",bank_transfer
Shift ₹4500 from wallet to bank,pay to self
"Transfer 4867 to Akash Nair, account number 5472871348, IFSC YESB0003344.",bank_transfer
I need to see my past transactions,transaction history
"Transfer 14720 to Akash Nair, account number 8362678849, IFSC YESB0003344.",bank_transfer
Fund transfer to self ₹200,pay to self
Pay bill of 463 using 9709787304,pay via number
Transfer money to 9640360845,pay via number
Transfer 2000 to John,pay via contacts
Pay 750 via alice@upi,pay via UPI ID
Can you process a QR code payment?,pay via QR code
Can you pay 500 to John?,pay via contacts
Can you fetch my last payments?,transaction history
Send 1336 INR to 9995276216,pay via number
Transfer 2000 to Alice,pay via contacts
Transfer 500 using emma@paytm,pay via UPI ID
Send 4867 to IFSC SBIN0001234.,bank_transfer
Send ₹500 to my savings account,pay to self
Make a payment of 1000 to Alice,pay via contacts
Transfer 500 to John,pay via contacts
Can you process a QR code payment?,pay via QR code
Transfer 750 to Bob,pay via contacts
Self-payment of ₹6000,pay to self
Add ₹10000 to my secondary account,pay to self
"Transfer 4867 to Carlos Silva, account number 9180071527, IFSC HDFC0005678.",bank_transfer
I need my QR code for transactions,show my QR code
Send 1336 INR to 9995276216,pay via number
Show my transaction history,transaction history
Pay 750 via alice@upi,pay via UPI ID
I need my QR code for transactions,show my QR code
Can you fetch my last payments?,transaction history
Show my transaction history,transaction history
Make a payment of 750 to Emma,pay via contacts
Can you fetch my payment QR code?,show my QR code
"Transfer 24357 to Rahul Sharma, account number 4467829142, IFSC YESB0003344.",bank_transfer
Pay 250 via emma@paytm,pay via UPI ID
Transfer 500 to Emma,pay via contacts
Pay using the scanned QR code,pay via QR code
Do a bank transfer.,bank_transfer
"Send 37722 to account 6284165127, IFSC HDFC0005678.",bank_transfer
Can you fetch my last payments?,transaction history
Display my recent transactions,transaction history
Pay 750 via john@sbi,pay via UPI ID
Display my QR code,show my QR code
I need my QR code for transactions,show my QR code
Transfer 4867.,bank_transfer
I need to see my past transactions,transaction history
Display my recent transactions,transaction history
Send 250 to bob@ybl,pay via UPI ID
Make a payment using QR,pay via QR code
