Utterance,Intent,Entities
send money to +91 9876543210.,send money,{'phone_number': '+91 9876543210'}
can you send this amount to john?,send money,{'recipient': 'john'}
"Pay 3200 to account 4561237890, IFSC SBIN0012345, holder name Kunal Mehta",bank_transfer,"{'account_holder': 'Kunal Mehta', 'account_number': '4561237890', 'ifsc': 'SBIN0012345', 'amount': '3200'}"
send money to +91-7890123456.,send money,{'phone_number': '+91-7890123456'}
transfer ₹521 to someone@ybl.,send money,"{'upi_id': 'someone@ybl', 'amount': '₹521'}"
"Transfer 12000, IFSC ICIC0005678",bank_transfer,"{'amount': '12000', 'ifsc': 'ICIC0005678'}"
pay alice using someone@ybl.,send money,"{'recipient': 'alice', 'upi_id': 'someone@ybl'}"
send $50 to john.,send money,"{'amount': '$50', 'recipient': 'john'}"
send money to +91 9876543210.,send money,{'phone_number': '+91 9876543210'}
Send 4500 to Rahul Sharma,bank_transfer,"{'account_holder': 'Rahul Sharma', 'amount': '4500'}"
send money to 9123456789.,send money,{'phone_number': '9123456789'}
"Transfer 12000, IFSC ICIC0005678",bank_transfer,"{'amount': '12000', 'ifsc': 'ICIC0005678'}"
"Transfer to account 1234567890, IFSC HDFC0001234",bank_transfer,"{'account_number': '1234567890', 'ifsc': 'HDFC0001234'}"
move $100 to my brother’s wallet.,send money,"{'amount': '$100', 'recipient': 'brother'}"
transfer ₹1524 to someone@ybl.,send money,"{'upi_id': 'someone@ybl', 'amount': '₹1524'}"
send ₹140 to alice.,send money,"{'recipient': 'alice', 'amount': '₹140'}"
"Pay to Mohit Jain, IFSC KKBK0004567",bank_transfer,"{'account_holder': 'Mohit Jain', 'ifsc': 'KKBK0004567'}"
send money to 98765 43210.,send money,{'phone_number': '98765 43210'}
transfer ₹3846 to random@oksbi.,send money,"{'upi_id': 'random@oksbi', 'amount': '₹3846'}"
can you send money to my friend?,send money,{'recipient': 'friend'}
"Transfer 5000 to Rahul Sharma, account 1234567890, IFSC HDFC0001234",bank_transfer,"{'account_holder': 'Rahul Sharma', 'account_number': '1234567890', 'ifsc': 'HDFC0001234', 'amount': '5000'}"
transfer ₹3699 to xyz@okhdfcbank.,send money,"{'upi_id': 'xyz@okhdfcbank', 'amount': '₹3699'}"
"Pay 5600 to account 9638527410, IFSC SBIN0023456, holder Rajesh Verma",bank_transfer,"{'account_holder': 'Rajesh Verma', 'account_number': '9638527410', 'ifsc': 'SBIN0023456', 'amount': '5600'}"
send cash to my dad.,send money,{'recipient': 'dad'}
send money to +91 9876543210.,send money,{'phone_number': '+91 9876543210'}
"Deposit 999 to Mohit Jain, acc 7412589630, IFSC KKBK0004567",bank_transfer,"{'account_holder': 'Mohit Jain', 'account_number': '7412589630', 'ifsc': 'KKBK0004567', 'amount': '999'}"
make a payment of ₹1223 to user@upi.,send money,"{'amount': '₹1223', 'upi_id': 'user@upi'}"
make a payment of ₹4130 to xyz@okhdfcbank.,send money,"{'amount': '₹4130', 'upi_id': 'xyz@okhdfcbank'}"
send money to +91 9876543210.,send money,{'phone_number': '+91 9876543210'}
transfer funds to my friend.,send money,{'recipient': 'friend'}
make a payment of ₹4428 to someone@ybl.,send money,"{'amount': '₹4428', 'upi_id': 'someone@ybl'}"
"Send 7500 to Ramesh Kumar, account 6543210987, IFSC PNB0012345",bank_transfer,"{'account_holder': 'Ramesh Kumar', 'account_number': '6543210987', 'ifsc': 'PNB0012345', 'amount': '7500'}"
transfer ₹1428 to abc@paytm.,send money,"{'upi_id': 'abc@paytm', 'amount': '₹1428'}"
Pay to account 9876543210,bank_transfer,{'account_number': '9876543210'}
"Pay 5600 to account 9638527410, IFSC SBIN0023456, holder Rajesh Verma",bank_transfer,"{'account_holder': 'Rajesh Verma', 'account_number': '9638527410', 'ifsc': 'SBIN0023456', 'amount': '5600'}"
transfer ₹1903 to abc@paytm.,send money,"{'upi_id': 'abc@paytm', 'amount': '₹1903'}"
"Transfer to account 1234567890, IFSC HDFC0001234",bank_transfer,"{'account_number': '1234567890', 'ifsc': 'HDFC0001234'}"
"Pay 3200 to account 4561237890, IFSC SBIN0012345, holder name Kunal Mehta",bank_transfer,"{'account_holder': 'Kunal Mehta', 'account_number': '4561237890', 'ifsc': 'SBIN0012345', 'amount': '3200'}"
"Deposit 2500 to account 7890123456, IFSC AXIS0007890, holder Neha Gupta",bank_transfer,"{'account_holder': 'Neha Gupta', 'account_number': '7890123456', 'ifsc': 'AXIS0007890', 'amount': '2500'}"
"Pay 5600 to account 9638527410, IFSC SBIN0023456, holder Rajesh Verma",bank_transfer,"{'account_holder': 'Rajesh Verma', 'account_number': '9638527410', 'ifsc': 'SBIN0023456', 'amount': '5600'}"
"Pay 5600 to account 9638527410, IFSC SBIN0023456, holder Rajesh Verma",bank_transfer,"{'account_holder': 'Rajesh Verma', 'account_number': '9638527410', 'ifsc': 'SBIN0023456', 'amount': '5600'}"
transfer ₹2924 to user@upi.,send money,"{'upi_id': 'user@upi', 'amount': '₹2924'}"
"Pay to Mohit Jain, IFSC KKBK0004567",bank_transfer,"{'account_holder': 'Mohit Jain', 'ifsc': 'KKBK0004567'}"
"Pay to Mohit Jain, IFSC KKBK0004567",bank_transfer,"{'account_holder': 'Mohit Jain', 'ifsc': 'KKBK0004567'}"
"Send 7500 to Ramesh Kumar, account 6543210987, IFSC PNB0012345",bank_transfer,"{'account_holder': 'Ramesh Kumar', 'account_number': '6543210987', 'ifsc': 'PNB0012345', 'amount': '7500'}"
"Deposit 999 to Mohit Jain, acc 7412589630, IFSC KKBK0004567",bank_transfer,"{'account_holder': 'Mohit Jain', 'account_number': '7412589630', 'ifsc': 'KKBK0004567', 'amount': '999'}"
pay jon using abc@paytm.,send money,"{'recipient': 'jon', 'upi_id': 'abc@paytm'}"
send cash to my dad.,send money,{'recipient': 'dad'}
make a payment of ₹3347 to user@upi.,send money,"{'amount': '₹3347', 'upi_id': 'user@upi'}"
"Send money to Priya Patil, acc 3210987654",bank_transfer,"{'account_holder': 'Priya Patil', 'account_number': '3210987654'}"
"Deposit 999 to Mohit Jain, acc 7412589630, IFSC KKBK0004567",bank_transfer,"{'account_holder': 'Mohit Jain', 'account_number': '7412589630', 'ifsc': 'KKBK0004567', 'amount': '999'}"
send money to +91-7890123456.,send money,{'phone_number': '+91-7890123456'}
"Pay 3200 to account 4561237890, IFSC SBIN0012345, holder name Kunal Mehta",bank_transfer,"{'account_holder': 'Kunal Mehta', 'account_number': '4561237890', 'ifsc': 'SBIN0012345', 'amount': '3200'}"
pay rob using random@oksbi.,send money,"{'recipient': 'rob', 'upi_id': 'random@oksbi'}"
send $50 to john.,send money,"{'amount': '$50', 'recipient': 'john'}"
make a payment of ₹988 to user@upi.,send money,"{'amount': '₹988', 'upi_id': 'user@upi'}"
make a payment of ₹4525 to abc@paytm.,send money,"{'amount': '₹4525', 'upi_id': 'abc@paytm'}"
send ₹2044 to johnny.,send money,"{'recipient': 'johnny', 'amount': '₹2044'}"
make a payment of ₹1261 to abc@paytm.,send money,"{'amount': '₹1261', 'upi_id': 'abc@paytm'}"
send money to +91 9876543210.,send money,{'phone_number': '+91 9876543210'}
send ₹2044 to johnny.,send money,"{'recipient': 'johnny', 'amount': '₹2044'}"
"Transfer 18000 to Suresh B, acc no 3210987654, IFSC HDFC0006789",bank_transfer,"{'account_holder': 'Suresh B', 'account_number': '3210987654', 'ifsc': 'HDFC0006789', 'amount': '18000'}"
transfer ₹4936 to random@oksbi.,send money,"{'upi_id': 'random@oksbi', 'amount': '₹4936'}"
"Pay 5600 to account 9638527410, IFSC SBIN0023456, holder Rajesh Verma",bank_transfer,"{'account_holder': 'Rajesh Verma', 'account_number': '9638527410', 'ifsc': 'SBIN0023456', 'amount': '5600'}"
make a payment of ₹763 to user@upi.,send money,"{'amount': '₹763', 'upi_id': 'user@upi'}"
"Transfer 5000 to Rahul Sharma, account 1234567890, IFSC HDFC0001234",bank_transfer,"{'account_holder': 'Rahul Sharma', 'account_number': '1234567890', 'ifsc': 'HDFC0001234', 'amount': '5000'}"
transfer ₹1858 to abc@paytm.,send money,"{'upi_id': 'abc@paytm', 'amount': '₹1858'}"
Pay to account 9876543210,bank_transfer,{'account_number': '9876543210'}
please pay this amount to my friend.,send money,{'recipient': 'friend'}
"Deposit 2500 to account 7890123456, IFSC AXIS0007890, holder Neha Gupta",bank_transfer,"{'account_holder': 'Neha Gupta', 'account_number': '7890123456', 'ifsc': 'AXIS0007890', 'amount': '2500'}"
make a payment of ₹3762 to someone@ybl.,send money,"{'amount': '₹3762', 'upi_id': 'someone@ybl'}"
send money to 98765 43210.,send money,{'phone_number': '98765 43210'}
make a payment of ₹2155 to abc@paytm.,send money,"{'amount': '₹2155', 'upi_id': 'abc@paytm'}"
send ₹4497 to bob smith.,send money,"{'recipient': 'bob smith', 'amount': '₹4497'}"
"Pay 5600 to account 9638527410, IFSC SBIN0023456, holder Rajesh Verma",bank_transfer,"{'account_holder': 'Rajesh Verma', 'account_number': '9638527410', 'ifsc': 'SBIN0023456', 'amount': '5600'}"
"Pay to Mohit Jain, IFSC KKBK0004567",bank_transfer,"{'account_holder': 'Mohit Jain', 'ifsc': 'KKBK0004567'}"
send money to +91 9876543210.,send money,{'phone_number': '+91 9876543210'}
"Send money to Priya Patil, acc 3210987654",bank_transfer,"{'account_holder': 'Priya Patil', 'account_number': '3210987654'}"
"Transfer 5000 to Rahul Sharma, account 1234567890, IFSC HDFC0001234",bank_transfer,"{'account_holder': 'Rahul Sharma', 'account_number': '1234567890', 'ifsc': 'HDFC0001234', 'amount': '5000'}"
make a payment of ₹1308 to user@upi.,send money,"{'amount': '₹1308', 'upi_id': 'user@upi'}"
"Pay to Mohit Jain, IFSC KKBK0004567",bank_transfer,"{'account_holder': 'Mohit Jain', 'ifsc': 'KKBK0004567'}"
"Pay 5600 to account 9638527410, IFSC SBIN0023456, holder Rajesh Verma",bank_transfer,"{'account_holder': 'Rajesh Verma', 'account_number': '9638527410', 'ifsc': 'SBIN0023456', 'amount': '5600'}"
transfer ₹4468 to someone@ybl.,send money,"{'upi_id': 'someone@ybl', 'amount': '₹4468'}"
"Deposit 3000, acc no 7412589630",bank_transfer,"{'amount': '3000', 'account_number': '7412589630'}"
"Send 15000 to Priya Patil, account 9876543210, IFSC ICIC0005678",bank_transfer,"{'account_holder': 'Priya Patil', 'account_number': '9876543210', 'ifsc': 'ICIC0005678', 'amount': '15000'}"
"Send money to Priya Patil, acc 3210987654",bank_transfer,"{'account_holder': 'Priya Patil', 'account_number': '3210987654'}"
"Send 7500 to Ramesh Kumar, account 6543210987, IFSC PNB0012345",bank_transfer,"{'account_holder': 'Ramesh Kumar', 'account_number': '6543210987', 'ifsc': 'PNB0012345', 'amount': '7500'}"
"Pay 5600 to account 9638527410, IFSC SBIN0023456, holder Rajesh Verma",bank_transfer,"{'account_holder': 'Rajesh Verma', 'account_number': '9638527410', 'ifsc': 'SBIN0023456', 'amount': '5600'}"
"Send 7500 to Ramesh Kumar, account 6543210987, IFSC PNB0012345",bank_transfer,"{'account_holder': 'Ramesh Kumar', 'account_number': '6543210987', 'ifsc': 'PNB0012345', 'amount': '7500'}"
"Send 7500 to Ramesh Kumar, account 6543210987, IFSC PNB0012345",bank_transfer,"{'account_holder': 'Ramesh Kumar', 'account_number': '6543210987', 'ifsc': 'PNB0012345', 'amount': '7500'}"
can you send money to my friend?,send money,{'recipient': 'friend'}
"Deposit 3000, acc no 7412589630",bank_transfer,"{'amount': '3000', 'account_number': '7412589630'}"
"Send 7500 to Ramesh Kumar, account 6543210987, IFSC PNB0012345",bank_transfer,"{'account_holder': 'Ramesh Kumar', 'account_number': '6543210987', 'ifsc': 'PNB0012345', 'amount': '7500'}"
pay jon using random@oksbi.,send money,"{'recipient': 'jon', 'upi_id': 'random@oksbi'}"
make a payment of ₹4540 to xyz@okhdfcbank.,send money,"{'amount': '₹4540', 'upi_id': 'xyz@okhdfcbank'}"
pay rob using random@oksbi.,send money,"{'recipient': 'rob', 'upi_id': 'random@oksbi'}"
"Transfer to account 1234567890, IFSC HDFC0001234",bank_transfer,"{'account_number': '1234567890', 'ifsc': 'HDFC0001234'}"
make a payment of ₹1457 to xyz@okhdfcbank.,send money,"{'amount': '₹1457', 'upi_id': 'xyz@okhdfcbank'}"
transfer ₹2335 to xyz@okhdfcbank.,send money,"{'upi_id': 'xyz@okhdfcbank', 'amount': '₹2335'}"
transfer ₹4541 to xyz@okhdfcbank.,send money,"{'upi_id': 'xyz@okhdfcbank', 'amount': '₹4541'}"
send $50 to john.,send money,"{'amount': '$50', 'recipient': 'john'}"
send ₹1168 to rob.,send money,"{'recipient': 'rob', 'amount': '₹1168'}"
Send 4500 to Rahul Sharma,bank_transfer,"{'account_holder': 'Rahul Sharma', 'amount': '4500'}"
send money to 9123456789.,send money,{'phone_number': '9123456789'}
transfer ₹1454 to xyz@okhdfcbank.,send money,"{'upi_id': 'xyz@okhdfcbank', 'amount': '₹1454'}"
make a payment of ₹2911 to xyz@okhdfcbank.,send money,"{'amount': '₹2911', 'upi_id': 'xyz@okhdfcbank'}"
make a payment of ₹1317 to random@oksbi.,send money,"{'amount': '₹1317', 'upi_id': 'random@oksbi'}"
"Transfer to account 1234567890, IFSC HDFC0001234",bank_transfer,"{'account_number': '1234567890', 'ifsc': 'HDFC0001234'}"
make a payment of ₹187 to someone@ybl.,send money,"{'amount': '₹187', 'upi_id': 'someone@ybl'}"
send money to 98765 43210.,send money,{'phone_number': '98765 43210'}
Send 4500 to Rahul Sharma,bank_transfer,"{'account_holder': 'Rahul Sharma', 'amount': '4500'}"
transfer funds to my friend.,send money,{'recipient': 'friend'}
transfer ₹2638 to user@upi.,send money,"{'upi_id': 'user@upi', 'amount': '₹2638'}"
send money to +91 9876543210.,send money,{'phone_number': '+91 9876543210'}
"Transfer 18000 to Suresh B, acc no 3210987654, IFSC HDFC0006789",bank_transfer,"{'account_holder': 'Suresh B', 'account_number': '3210987654', 'ifsc': 'HDFC0006789', 'amount': '18000'}"
"Transfer to account 1234567890, IFSC HDFC0001234",bank_transfer,"{'account_number': '1234567890', 'ifsc': 'HDFC0001234'}"
send ₹4298 to johnny.,send money,"{'recipient': 'johnny', 'amount': '₹4298'}"
send money to 98765 43210.,send money,{'phone_number': '98765 43210'}
Send 4500 to Rahul Sharma,bank_transfer,"{'account_holder': 'Rahul Sharma', 'amount': '4500'}"
"Send 15000 to Priya Patil, account 9876543210, IFSC ICIC0005678",bank_transfer,"{'account_holder': 'Priya Patil', 'account_number': '9876543210', 'ifsc': 'ICIC0005678', 'amount': '15000'}"
"Deposit 3000, acc no 7412589630",bank_transfer,"{'amount': '3000', 'account_number': '7412589630'}"
send ₹1891 to robert.,send money,"{'recipient': 'robert', 'amount': '₹1891'}"
"Send money to Priya Patil, acc 3210987654",bank_transfer,"{'account_holder': 'Priya Patil', 'account_number': '3210987654'}"
pay john doe using someone@ybl.,send money,"{'recipient': 'john doe', 'upi_id': 'someone@ybl'}"
make a payment of ₹2911 to xyz@okhdfcbank.,send money,"{'amount': '₹2911', 'upi_id': 'xyz@okhdfcbank'}"
"Transfer 5000 to Rahul Sharma, account 1234567890, IFSC HDFC0001234",bank_transfer,"{'account_holder': 'Rahul Sharma', 'account_number': '1234567890', 'ifsc': 'HDFC0001234', 'amount': '5000'}"
"Send 7500 to Ramesh Kumar, account 6543210987, IFSC PNB0012345",bank_transfer,"{'account_holder': 'Ramesh Kumar', 'account_number': '6543210987', 'ifsc': 'PNB0012345', 'amount': '7500'}"
transfer ₹1783 to xyz@okhdfcbank.,send money,"{'upi_id': 'xyz@okhdfcbank', 'amount': '₹1783'}"
"Deposit 2500 to account 7890123456, IFSC AXIS0007890, holder Neha Gupta",bank_transfer,"{'account_holder': 'Neha Gupta', 'account_number': '7890123456', 'ifsc': 'AXIS0007890', 'amount': '2500'}"
"Pay 5600 to account 9638527410, IFSC SBIN0023456, holder Rajesh Verma",bank_transfer,"{'account_holder': 'Rajesh Verma', 'account_number': '9638527410', 'ifsc': 'SBIN0023456', 'amount': '5600'}"
pay jon using abc@paytm.,send money,"{'recipient': 'jon', 'upi_id': 'abc@paytm'}"
Pay to account 9876543210,bank_transfer,{'account_number': '9876543210'}
transfer ₹2207 to someone@ybl.,send money,"{'upi_id': 'someone@ybl', 'amount': '₹2207'}"
Send 4500 to Rahul Sharma,bank_transfer,"{'account_holder': 'Rahul Sharma', 'amount': '4500'}"
"Pay 3200 to account 4561237890, IFSC SBIN0012345, holder name Kunal Mehta",bank_transfer,"{'account_holder': 'Kunal Mehta', 'account_number': '4561237890', 'ifsc': 'SBIN0012345', 'amount': '3200'}"
send money to +91 9876543210.,send money,{'phone_number': '+91 9876543210'}
send ₹4877 to john doe.,send money,"{'recipient': 'john doe', 'amount': '₹4877'}"
"Pay to Mohit Jain, IFSC KKBK0004567",bank_transfer,"{'account_holder': 'Mohit Jain', 'ifsc': 'KKBK0004567'}"
send money to +91-7890123456.,send money,{'phone_number': '+91-7890123456'}
"Transfer 12000, IFSC ICIC0005678",bank_transfer,"{'amount': '12000', 'ifsc': 'ICIC0005678'}"
"Send money to Priya Patil, acc 3210987654",bank_transfer,"{'account_holder': 'Priya Patil', 'account_number': '3210987654'}"
send ₹4847 to jon.,send money,"{'recipient': 'jon', 'amount': '₹4847'}"
make a payment of ₹788 to someone@ybl.,send money,"{'amount': '₹788', 'upi_id': 'someone@ybl'}"
pay robert using user@upi.,send money,"{'recipient': 'robert', 'upi_id': 'user@upi'}"
"Transfer to account 1234567890, IFSC HDFC0001234",bank_transfer,"{'account_number': '1234567890', 'ifsc': 'HDFC0001234'}"
make a payment of ₹2735 to random@oksbi.,send money,"{'amount': '₹2735', 'upi_id': 'random@oksbi'}"
send cash to my dad.,send money,{'recipient': 'dad'}
transfer ₹2646 to abc@paytm.,send money,"{'upi_id': 'abc@paytm', 'amount': '₹2646'}"
send ₹3027 to alice.,send money,"{'recipient': 'alice', 'amount': '₹3027'}"
"Pay 3200 to account 4561237890, IFSC SBIN0012345, holder name Kunal Mehta",bank_transfer,"{'account_holder': 'Kunal Mehta', 'account_number': '4561237890', 'ifsc': 'SBIN0012345', 'amount': '3200'}"
pay johnny using user@upi.,send money,"{'recipient': 'johnny', 'upi_id': 'user@upi'}"
send money to +91 9876543210.,send money,{'phone_number': '+91 9876543210'}
"Deposit 999 to Mohit Jain, acc 7412589630, IFSC KKBK0004567",bank_transfer,"{'account_holder': 'Mohit Jain', 'account_number': '7412589630', 'ifsc': 'KKBK0004567', 'amount': '999'}"
"Send 15000 to Priya Patil, account 9876543210, IFSC ICIC0005678",bank_transfer,"{'account_holder': 'Priya Patil', 'account_number': '9876543210', 'ifsc': 'ICIC0005678', 'amount': '15000'}"
send ₹2987 to rob.,send money,"{'recipient': 'rob', 'amount': '₹2987'}"
Send 4500 to Rahul Sharma,bank_transfer,"{'account_holder': 'Rahul Sharma', 'amount': '4500'}"
"Send 15000 to Priya Patil, account 9876543210, IFSC ICIC0005678",bank_transfer,"{'account_holder': 'Priya Patil', 'account_number': '9876543210', 'ifsc': 'ICIC0005678', 'amount': '15000'}"
Deposit to IFSC SBIN0012345,bank_transfer,{'ifsc': 'SBIN0012345'}
Deposit to IFSC SBIN0012345,bank_transfer,{'ifsc': 'SBIN0012345'}
pay rob using user@upi.,send money,"{'recipient': 'rob', 'upi_id': 'user@upi'}"
pay johnny using user@upi.,send money,"{'recipient': 'johnny', 'upi_id': 'user@upi'}"
"Send money to Priya Patil, acc 3210987654",bank_transfer,"{'account_holder': 'Priya Patil', 'account_number': '3210987654'}"
"Transfer to account 1234567890, IFSC HDFC0001234",bank_transfer,"{'account_number': '1234567890', 'ifsc': 'HDFC0001234'}"
"Deposit 2500 to account 7890123456, IFSC AXIS0007890, holder Neha Gupta",bank_transfer,"{'account_holder': 'Neha Gupta', 'account_number': '7890123456', 'ifsc': 'AXIS0007890', 'amount': '2500'}"
Deposit to IFSC SBIN0012345,bank_transfer,{'ifsc': 'SBIN0012345'}
pay robert using random@oksbi.,send money,"{'recipient': 'robert', 'upi_id': 'random@oksbi'}"
send ₹4834 to john doe.,send money,"{'recipient': 'john doe', 'amount': '₹4834'}"
Pay to account 9876543210,bank_transfer,{'account_number': '9876543210'}
"Deposit 999 to Mohit Jain, acc 7412589630, IFSC KKBK0004567",bank_transfer,"{'account_holder': 'Mohit Jain', 'account_number': '7412589630', 'ifsc': 'KKBK0004567', 'amount': '999'}"
"Send 15000 to Priya Patil, account 9876543210, IFSC ICIC0005678",bank_transfer,"{'account_holder': 'Priya Patil', 'account_number': '9876543210', 'ifsc': 'ICIC0005678', 'amount': '15000'}"
"Transfer to account 1234567890, IFSC HDFC0001234",bank_transfer,"{'account_number': '1234567890', 'ifsc': 'HDFC0001234'}"
pay bob smith using user@upi.,send money,"{'recipient': 'bob smith', 'upi_id': 'user@upi'}"
send money to 98765 43210.,send money,{'phone_number': '98765 43210'}
"Transfer 5000 to Rahul Sharma, account 1234567890, IFSC HDFC0001234",bank_transfer,"{'account_holder': 'Rahul Sharma', 'account_number': '1234567890', 'ifsc': 'HDFC0001234', 'amount': '5000'}"
"Transfer to account 1234567890, IFSC HDFC0001234",bank_transfer,"{'account_number': '1234567890', 'ifsc': 'HDFC0001234'}"
"Transfer 18000 to Suresh B, acc no 3210987654, IFSC HDFC0006789",bank_transfer,"{'account_holder': 'Suresh B', 'account_number': '3210987654', 'ifsc': 'HDFC0006789', 'amount': '18000'}"
"Transfer 12000, IFSC ICIC0005678",bank_transfer,"{'amount': '12000', 'ifsc': 'ICIC0005678'}"
"Pay 5600 to account 9638527410, IFSC SBIN0023456, holder Rajesh Verma",bank_transfer,"{'account_holder': 'Rajesh Verma', 'account_number': '9638527410', 'ifsc': 'SBIN0023456', 'amount': '5600'}"
send money to 98765 43210.,send money,{'phone_number': '98765 43210'}
"Pay 5600 to account 9638527410, IFSC SBIN0023456, holder Rajesh Verma",bank_transfer,"{'account_holder': 'Rajesh Verma', 'account_number': '9638527410', 'ifsc': 'SBIN0023456', 'amount': '5600'}"
transfer ₹3643 to abc@paytm.,send money,"{'upi_id': 'abc@paytm', 'amount': '₹3643'}"
"Send money to Priya Patil, acc 3210987654",bank_transfer,"{'account_holder': 'Priya Patil', 'account_number': '3210987654'}"
"Pay 5600 to account 9638527410, IFSC SBIN0023456, holder Rajesh Verma",bank_transfer,"{'account_holder': 'Rajesh Verma', 'account_number': '9638527410', 'ifsc': 'SBIN0023456', 'amount': '5600'}"
transfer ₹1497 to random@oksbi.,send money,"{'upi_id': 'random@oksbi', 'amount': '₹1497'}"
send money to +91-7890123456.,send money,{'phone_number': '+91-7890123456'}
"Transfer to account 1234567890, IFSC HDFC0001234",bank_transfer,"{'account_number': '1234567890', 'ifsc': 'HDFC0001234'}"
send money to 98765 43210.,send money,{'phone_number': '98765 43210'}
pay john using random@oksbi.,send money,"{'recipient': 'john', 'upi_id': 'random@oksbi'}"
"Transfer 18000 to Suresh B, acc no 3210987654, IFSC HDFC0006789",bank_transfer,"{'account_holder': 'Suresh B', 'account_number': '3210987654', 'ifsc': 'HDFC0006789', 'amount': '18000'}"
send money to +91 9876543210.,send money,{'phone_number': '+91 9876543210'}
send money to +91 9876543210.,send money,{'phone_number': '+91 9876543210'}
Send 4500 to Rahul Sharma,bank_transfer,"{'account_holder': 'Rahul Sharma', 'amount': '4500'}"
please pay this amount to my friend.,send money,{'recipient': 'friend'}
"Send 7500 to Ramesh Kumar, account 6543210987, IFSC PNB0012345",bank_transfer,"{'account_holder': 'Ramesh Kumar', 'account_number': '6543210987', 'ifsc': 'PNB0012345', 'amount': '7500'}"
send ₹3966 to alice.,send money,"{'recipient': 'alice', 'amount': '₹3966'}"
"Send money to Priya Patil, acc 3210987654",bank_transfer,"{'account_holder': 'Priya Patil', 'account_number': '3210987654'}"
Pay to account 9876543210,bank_transfer,{'account_number': '9876543210'}
pay bob smith using abc@paytm.,send money,"{'recipient': 'bob smith', 'upi_id': 'abc@paytm'}"
transfer ₹521 to someone@ybl.,send money,"{'upi_id': 'someone@ybl', 'amount': '₹521'}"
can you send this amount to john?,send money,{'recipient': 'john'}
send ₹2087 to bob smith.,send money,"{'recipient': 'bob smith', 'amount': '₹2087'}"
"Send money to Priya Patil, acc 3210987654",bank_transfer,"{'account_holder': 'Priya Patil', 'account_number': '3210987654'}"
"Deposit 999 to Mohit Jain, acc 7412589630, IFSC KKBK0004567",bank_transfer,"{'account_holder': 'Mohit Jain', 'account_number': '7412589630', 'ifsc': 'KKBK0004567', 'amount': '999'}"
transfer ₹2092 to abc@paytm.,send money,"{'upi_id': 'abc@paytm', 'amount': '₹2092'}"
send ₹4542 to rob.,send money,"{'recipient': 'rob', 'amount': '₹4542'}"
Deposit to IFSC SBIN0012345,bank_transfer,{'ifsc': 'SBIN0012345'}
pay johnny using xyz@okhdfcbank.,send money,"{'recipient': 'johnny', 'upi_id': 'xyz@okhdfcbank'}"
"Pay to Mohit Jain, IFSC KKBK0004567",bank_transfer,"{'account_holder': 'Mohit Jain', 'ifsc': 'KKBK0004567'}"
"Transfer 5000 to Rahul Sharma, account 1234567890, IFSC HDFC0001234",bank_transfer,"{'account_holder': 'Rahul Sharma', 'account_number': '1234567890', 'ifsc': 'HDFC0001234', 'amount': '5000'}"
"Transfer 12000, IFSC ICIC0005678",bank_transfer,"{'amount': '12000', 'ifsc': 'ICIC0005678'}"
send money to 98765 43210.,send money,{'phone_number': '98765 43210'}
"Transfer 5000 to Rahul Sharma, account 1234567890, IFSC HDFC0001234",bank_transfer,"{'account_holder': 'Rahul Sharma', 'account_number': '1234567890', 'ifsc': 'HDFC0001234', 'amount': '5000'}"
"Transfer to account 1234567890, IFSC HDFC0001234",bank_transfer,"{'account_number': '1234567890', 'ifsc': 'HDFC0001234'}"
make a payment of ₹4031 to abc@paytm.,send money,"{'amount': '₹4031', 'upi_id': 'abc@paytm'}"
Pay to account 9876543210,bank_transfer,{'account_number': '9876543210'}
send ₹3620 to john doe.,send money,"{'recipient': 'john doe', 'amount': '₹3620'}"
send ₹3788 to alice.,send money,"{'recipient': 'alice', 'amount': '₹3788'}"
send money to +91 9876543210.,send money,{'phone_number': '+91 9876543210'}
pay jon using someone@ybl.,send money,"{'recipient': 'jon', 'upi_id': 'someone@ybl'}"
"Pay to Mohit Jain, IFSC KKBK0004567",bank_transfer,"{'account_holder': 'Mohit Jain', 'ifsc': 'KKBK0004567'}"
"Deposit 999 to Mohit Jain, acc 7412589630, IFSC KKBK0004567",bank_transfer,"{'account_holder': 'Mohit Jain', 'account_number': '7412589630', 'ifsc': 'KKBK0004567', 'amount': '999'}"
"Deposit 2500 to account 7890123456, IFSC AXIS0007890, holder Neha Gupta",bank_transfer,"{'account_holder': 'Neha Gupta', 'account_number': '7890123456', 'ifsc': 'AXIS0007890', 'amount': '2500'}"
send money to 98765 43210.,send money,{'phone_number': '98765 43210'}
send money to +91-7890123456.,send money,{'phone_number': '+91-7890123456'}
"Deposit 999 to Mohit Jain, acc 7412589630, IFSC KKBK0004567",bank_transfer,"{'account_holder': 'Mohit Jain', 'account_number': '7412589630', 'ifsc': 'KKBK0004567', 'amount': '999'}"
transfer ₹1454 to xyz@okhdfcbank.,send money,"{'upi_id': 'xyz@okhdfcbank', 'amount': '₹1454'}"
Pay to account 9876543210,bank_transfer,{'account_number': '9876543210'}
"Pay 5600 to account 9638527410, IFSC SBIN0023456, holder Rajesh Verma",bank_transfer,"{'account_holder': 'Rajesh Verma', 'account_number': '9638527410', 'ifsc': 'SBIN0023456', 'amount': '5600'}"
"Transfer 5000 to Rahul Sharma, account 1234567890, IFSC HDFC0001234",bank_transfer,"{'account_holder': 'Rahul Sharma', 'account_number': '1234567890', 'ifsc': 'HDFC0001234', 'amount': '5000'}"
send money to 9123456789.,send money,{'phone_number': '9123456789'}
make a payment of ₹4376 to someone@ybl.,send money,"{'amount': '₹4376', 'upi_id': 'someone@ybl'}"
send ₹2385 to jon.,send money,"{'recipient': 'jon', 'amount': '₹2385'}"
"Pay 5600 to account 9638527410, IFSC SBIN0023456, holder Rajesh Verma",bank_transfer,"{'account_holder': 'Rajesh Verma', 'account_number': '9638527410', 'ifsc': 'SBIN0023456', 'amount': '5600'}"
send money to +91 9876543210.,send money,{'phone_number': '+91 9876543210'}
"Pay 5600 to account 9638527410, IFSC SBIN0023456, holder Rajesh Verma",bank_transfer,"{'account_holder': 'Rajesh Verma', 'account_number': '9638527410', 'ifsc': 'SBIN0023456', 'amount': '5600'}"
"Deposit 2500 to account 7890123456, IFSC AXIS0007890, holder Neha Gupta",bank_transfer,"{'account_holder': 'Neha Gupta', 'account_number': '7890123456', 'ifsc': 'AXIS0007890', 'amount': '2500'}"
pay bob smith using random@oksbi.,send money,"{'recipient': 'bob smith', 'upi_id': 'random@oksbi'}"
"Deposit 2500 to account 7890123456, IFSC AXIS0007890, holder Neha Gupta",bank_transfer,"{'account_holder': 'Neha Gupta', 'account_number': '7890123456', 'ifsc': 'AXIS0007890', 'amount': '2500'}"
transfer ₹988 to user@upi.,send money,"{'upi_id': 'user@upi', 'amount': '₹988'}"
"Deposit 2500 to account 7890123456, IFSC AXIS0007890, holder Neha Gupta",bank_transfer,"{'account_holder': 'Neha Gupta', 'account_number': '7890123456', 'ifsc': 'AXIS0007890', 'amount': '2500'}"
Send 4500 to Rahul Sharma,bank_transfer,"{'account_holder': 'Rahul Sharma', 'amount': '4500'}"
make a payment of ₹4376 to someone@ybl.,send money,"{'amount': '₹4376', 'upi_id': 'someone@ybl'}"
send money to 9123456789.,send money,{'phone_number': '9123456789'}
"Pay to Mohit Jain, IFSC KKBK0004567",bank_transfer,"{'account_holder': 'Mohit Jain', 'ifsc': 'KKBK0004567'}"
"Send 15000 to Priya Patil, account 9876543210, IFSC ICIC0005678",bank_transfer,"{'account_holder': 'Priya Patil', 'account_number': '9876543210', 'ifsc': 'ICIC0005678', 'amount': '15000'}"
pay jon using random@oksbi.,send money,"{'recipient': 'jon', 'upi_id': 'random@oksbi'}"
"Transfer to account 1234567890, IFSC HDFC0001234",bank_transfer,"{'account_number': '1234567890', 'ifsc': 'HDFC0001234'}"
send money to +91 9876543210.,send money,{'phone_number': '+91 9876543210'}
transfer ₹2888 to abc@paytm.,send money,"{'upi_id': 'abc@paytm', 'amount': '₹2888'}"
"Pay 5600 to account 9638527410, IFSC SBIN0023456, holder Rajesh Verma",bank_transfer,"{'account_holder': 'Rajesh Verma', 'account_number': '9638527410', 'ifsc': 'SBIN0023456', 'amount': '5600'}"
"Pay 3200 to account 4561237890, IFSC SBIN0012345, holder name Kunal Mehta",bank_transfer,"{'account_holder': 'Kunal Mehta', 'account_number': '4561237890', 'ifsc': 'SBIN0012345', 'amount': '3200'}"
"Send 7500 to Ramesh Kumar, account 6543210987, IFSC PNB0012345",bank_transfer,"{'account_holder': 'Ramesh Kumar', 'account_number': '6543210987', 'ifsc': 'PNB0012345', 'amount': '7500'}"
"Transfer 18000 to Suresh B, acc no 3210987654, IFSC HDFC0006789",bank_transfer,"{'account_holder': 'Suresh B', 'account_number': '3210987654', 'ifsc': 'HDFC0006789', 'amount': '18000'}"
send money to 98765 43210.,send money,{'phone_number': '98765 43210'}
send ₹3620 to john doe.,send money,"{'recipient': 'john doe', 'amount': '₹3620'}"
transfer ₹3699 to xyz@okhdfcbank.,send money,"{'upi_id': 'xyz@okhdfcbank', 'amount': '₹3699'}"
pay rob using someone@ybl.,send money,"{'recipient': 'rob', 'upi_id': 'someone@ybl'}"
"Pay 3200 to account 4561237890, IFSC SBIN0012345, holder name Kunal Mehta",bank_transfer,"{'account_holder': 'Kunal Mehta', 'account_number': '4561237890', 'ifsc': 'SBIN0012345', 'amount': '3200'}"
Pay to account 9876543210,bank_transfer,{'account_number': '9876543210'}
"Transfer 18000 to Suresh B, acc no 3210987654, IFSC HDFC0006789",bank_transfer,"{'account_holder': 'Suresh B', 'account_number': '3210987654', 'ifsc': 'HDFC0006789', 'amount': '18000'}"
"Transfer 12000, IFSC ICIC0005678",bank_transfer,"{'amount': '12000', 'ifsc': 'ICIC0005678'}"
"Deposit 999 to Mohit Jain, acc 7412589630, IFSC KKBK0004567",bank_transfer,"{'account_holder': 'Mohit Jain', 'account_number': '7412589630', 'ifsc': 'KKBK0004567', 'amount': '999'}"
Deposit to IFSC SBIN0012345,bank_transfer,{'ifsc': 'SBIN0012345'}
"Pay to Mohit Jain, IFSC KKBK0004567",bank_transfer,"{'account_holder': 'Mohit Jain', 'ifsc': 'KKBK0004567'}"
send money to 98765 43210.,send money,{'phone_number': '98765 43210'}
send money to +91-7890123456.,send money,{'phone_number': '+91-7890123456'}
"Pay to Mohit Jain, IFSC KKBK0004567",bank_transfer,"{'account_holder': 'Mohit Jain', 'ifsc': 'KKBK0004567'}"
"Transfer 5000 to Rahul Sharma, account 1234567890, IFSC HDFC0001234",bank_transfer,"{'account_holder': 'Rahul Sharma', 'account_number': '1234567890', 'ifsc': 'HDFC0001234', 'amount': '5000'}"
Pay to account 9876543210,bank_transfer,{'account_number': '9876543210'}
Send 4500 to Rahul Sharma,bank_transfer,"{'account_holder': 'Rahul Sharma', 'amount': '4500'}"
"Transfer 18000 to Suresh B, acc no 3210987654, IFSC HDFC0006789",bank_transfer,"{'account_holder': 'Suresh B', 'account_number': '3210987654', 'ifsc': 'HDFC0006789', 'amount': '18000'}"
pay alice using abc@paytm.,send money,"{'recipient': 'alice', 'upi_id': 'abc@paytm'}"
Pay to account 9876543210,bank_transfer,{'account_number': '9876543210'}
please pay this amount to my friend.,send money,{'recipient': 'friend'}
"Transfer 5000 to Rahul Sharma, account 1234567890, IFSC HDFC0001234",bank_transfer,"{'account_holder': 'Rahul Sharma', 'account_number': '1234567890', 'ifsc': 'HDFC0001234', 'amount': '5000'}"
pay johnny using xyz@okhdfcbank.,send money,"{'recipient': 'johnny', 'upi_id': 'xyz@okhdfcbank'}"
"Transfer 5000 to Rahul Sharma, account 1234567890, IFSC HDFC0001234",bank_transfer,"{'account_holder': 'Rahul Sharma', 'account_number': '1234567890', 'ifsc': 'HDFC0001234', 'amount': '5000'}"
"Pay 3200 to account 4561237890, IFSC SBIN0012345, holder name Kunal Mehta",bank_transfer,"{'account_holder': 'Kunal Mehta', 'account_number': '4561237890', 'ifsc': 'SBIN0012345', 'amount': '3200'}"
make a payment of ₹4766 to user@upi.,send money,"{'amount': '₹4766', 'upi_id': 'user@upi'}"
send ₹776 to john doe.,send money,"{'recipient': 'john doe', 'amount': '₹776'}"
"Send 7500 to Ramesh Kumar, account 6543210987, IFSC PNB0012345",bank_transfer,"{'account_holder': 'Ramesh Kumar', 'account_number': '6543210987', 'ifsc': 'PNB0012345', 'amount': '7500'}"
send ₹4080 to robert.,send money,"{'recipient': 'robert', 'amount': '₹4080'}"
transfer ₹1233 to user@upi.,send money,"{'upi_id': 'user@upi', 'amount': '₹1233'}"
Deposit to IFSC SBIN0012345,bank_transfer,{'ifsc': 'SBIN0012345'}
Deposit to IFSC SBIN0012345,bank_transfer,{'ifsc': 'SBIN0012345'}
"Pay 3200 to account 4561237890, IFSC SBIN0012345, holder name Kunal Mehta",bank_transfer,"{'account_holder': 'Kunal Mehta', 'account_number': '4561237890', 'ifsc': 'SBIN0012345', 'amount': '3200'}"
Send 4500 to Rahul Sharma,bank_transfer,"{'account_holder': 'Rahul Sharma', 'amount': '4500'}"
"Send 15000 to Priya Patil, account 9876543210, IFSC ICIC0005678",bank_transfer,"{'account_holder': 'Priya Patil', 'account_number': '9876543210', 'ifsc': 'ICIC0005678', 'amount': '15000'}"
Send 4500 to Rahul Sharma,bank_transfer,"{'account_holder': 'Rahul Sharma', 'amount': '4500'}"
make a payment of ₹2483 to someone@ybl.,send money,"{'amount': '₹2483', 'upi_id': 'someone@ybl'}"
"Pay 3200 to account 4561237890, IFSC SBIN0012345, holder name Kunal Mehta",bank_transfer,"{'account_holder': 'Kunal Mehta', 'account_number': '4561237890', 'ifsc': 'SBIN0012345', 'amount': '3200'}"
"Send 7500 to Ramesh Kumar, account 6543210987, IFSC PNB0012345",bank_transfer,"{'account_holder': 'Ramesh Kumar', 'account_number': '6543210987', 'ifsc': 'PNB0012345', 'amount': '7500'}"
transfer funds to my friend.,send money,{'recipient': 'friend'}
"Transfer 5000 to Rahul Sharma, account 1234567890, IFSC HDFC0001234",bank_transfer,"{'account_holder': 'Rahul Sharma', 'account_number': '1234567890', 'ifsc': 'HDFC0001234', 'amount': '5000'}"
"Send 15000 to Priya Patil, account 9876543210, IFSC ICIC0005678",bank_transfer,"{'account_holder': 'Priya Patil', 'account_number': '9876543210', 'ifsc': 'ICIC0005678', 'amount': '15000'}"
"Pay 5600 to account 9638527410, IFSC SBIN0023456, holder Rajesh Verma",bank_transfer,"{'account_holder': 'Rajesh Verma', 'account_number': '9638527410', 'ifsc': 'SBIN0023456', 'amount': '5600'}"
"Pay 3200 to account 4561237890, IFSC SBIN0012345, holder name Kunal Mehta",bank_transfer,"{'account_holder': 'Kunal Mehta', 'account_number': '4561237890', 'ifsc': 'SBIN0012345', 'amount': '3200'}"
transfer ₹3306 to random@oksbi.,send money,"{'upi_id': 'random@oksbi', 'amount': '₹3306'}"
make a payment of ₹1631 to xyz@okhdfcbank.,send money,"{'amount': '₹1631', 'upi_id': 'xyz@okhdfcbank'}"
"Transfer 12000, IFSC ICIC0005678",bank_transfer,"{'amount': '12000', 'ifsc': 'ICIC0005678'}"
"Deposit 3000, acc no 7412589630",bank_transfer,"{'amount': '3000', 'account_number': '7412589630'}"
"Deposit 999 to Mohit Jain, acc 7412589630, IFSC KKBK0004567",bank_transfer,"{'account_holder': 'Mohit Jain', 'account_number': '7412589630', 'ifsc': 'KKBK0004567', 'amount': '999'}"
make a payment of ₹4739 to random@oksbi.,send money,"{'amount': '₹4739', 'upi_id': 'random@oksbi'}"
"Deposit 2500 to account 7890123456, IFSC AXIS0007890, holder Neha Gupta",bank_transfer,"{'account_holder': 'Neha Gupta', 'account_number': '7890123456', 'ifsc': 'AXIS0007890', 'amount': '2500'}"
"Send 7500 to Ramesh Kumar, account 6543210987, IFSC PNB0012345",bank_transfer,"{'account_holder': 'Ramesh Kumar', 'account_number': '6543210987', 'ifsc': 'PNB0012345', 'amount': '7500'}"
pay johnny using user@upi.,send money,"{'recipient': 'johnny', 'upi_id': 'user@upi'}"
send ₹1626 to alice.,send money,"{'recipient': 'alice', 'amount': '₹1626'}"
"Pay 5600 to account 9638527410, IFSC SBIN0023456, holder Rajesh Verma",bank_transfer,"{'account_holder': 'Rajesh Verma', 'account_number': '9638527410', 'ifsc': 'SBIN0023456', 'amount': '5600'}"
send ₹2044 to johnny.,send money,"{'recipient': 'johnny', 'amount': '₹2044'}"
"Pay to Mohit Jain, IFSC KKBK0004567",bank_transfer,"{'account_holder': 'Mohit Jain', 'ifsc': 'KKBK0004567'}"
pay johnny using user@upi.,send money,"{'recipient': 'johnny', 'upi_id': 'user@upi'}"
send ₹4847 to jon.,send money,"{'recipient': 'jon', 'amount': '₹4847'}"
"Deposit 3000, acc no 7412589630",bank_transfer,"{'amount': '3000', 'account_number': '7412589630'}"
transfer ₹3925 to abc@paytm.,send money,"{'upi_id': 'abc@paytm', 'amount': '₹3925'}"
pay rob using user@upi.,send money,"{'recipient': 'rob', 'upi_id': 'user@upi'}"
"Transfer 5000 to Rahul Sharma, account 1234567890, IFSC HDFC0001234",bank_transfer,"{'account_holder': 'Rahul Sharma', 'account_number': '1234567890', 'ifsc': 'HDFC0001234', 'amount': '5000'}"
make a payment of ₹4887 to abc@paytm.,send money,"{'amount': '₹4887', 'upi_id': 'abc@paytm'}"
"Deposit 3000, acc no 7412589630",bank_transfer,"{'amount': '3000', 'account_number': '7412589630'}"
send money to 98765 43210.,send money,{'phone_number': '98765 43210'}
pay alice using someone@ybl.,send money,"{'recipient': 'alice', 'upi_id': 'someone@ybl'}"
can you send this amount to john?,send money,{'recipient': 'john'}
"Deposit 2500 to account 7890123456, IFSC AXIS0007890, holder Neha Gupta",bank_transfer,"{'account_holder': 'Neha Gupta', 'account_number': '7890123456', 'ifsc': 'AXIS0007890', 'amount': '2500'}"
move $100 to my brother’s wallet.,send money,"{'amount': '$100', 'recipient': 'brother'}"
"Deposit 2500 to account 7890123456, IFSC AXIS0007890, holder Neha Gupta",bank_transfer,"{'account_holder': 'Neha Gupta', 'account_number': '7890123456', 'ifsc': 'AXIS0007890', 'amount': '2500'}"
make a payment of ₹156 to xyz@okhdfcbank.,send money,"{'amount': '₹156', 'upi_id': 'xyz@okhdfcbank'}"
"Deposit 3000, acc no 7412589630",bank_transfer,"{'amount': '3000', 'account_number': '7412589630'}"
"Send money to Priya Patil, acc 3210987654",bank_transfer,"{'account_holder': 'Priya Patil', 'account_number': '3210987654'}"
"Transfer 5000 to Rahul Sharma, account 1234567890, IFSC HDFC0001234",bank_transfer,"{'account_holder': 'Rahul Sharma', 'account_number': '1234567890', 'ifsc': 'HDFC0001234', 'amount': '5000'}"
pay jon using abc@paytm.,send money,"{'recipient': 'jon', 'upi_id': 'abc@paytm'}"
i need to pay my sister.,send money,{'recipient': 'sister'}
Deposit to IFSC SBIN0012345,bank_transfer,{'ifsc': 'SBIN0012345'}
transfer ₹1428 to abc@paytm.,send money,"{'upi_id': 'abc@paytm', 'amount': '₹1428'}"
transfer ₹3992 to someone@ybl.,send money,"{'upi_id': 'someone@ybl', 'amount': '₹3992'}"
transfer ₹4359 to random@oksbi.,send money,"{'upi_id': 'random@oksbi', 'amount': '₹4359'}"
send money to 98765 43210.,send money,{'phone_number': '98765 43210'}
"Send money to Priya Patil, acc 3210987654",bank_transfer,"{'account_holder': 'Priya Patil', 'account_number': '3210987654'}"
pay john doe using xyz@okhdfcbank.,send money,"{'recipient': 'john doe', 'upi_id': 'xyz@okhdfcbank'}"
how can i transfer $200?,send money,{'amount': '$200'}
i need to pay my sister.,send money,{'recipient': 'sister'}
"Pay 5600 to account 9638527410, IFSC SBIN0023456, holder Rajesh Verma",bank_transfer,"{'account_holder': 'Rajesh Verma', 'account_number': '9638527410', 'ifsc': 'SBIN0023456', 'amount': '5600'}"
"Pay to Mohit Jain, IFSC KKBK0004567",bank_transfer,"{'account_holder': 'Mohit Jain', 'ifsc': 'KKBK0004567'}"
"Transfer 5000 to Rahul Sharma, account 1234567890, IFSC HDFC0001234",bank_transfer,"{'account_holder': 'Rahul Sharma', 'account_number': '1234567890', 'ifsc': 'HDFC0001234', 'amount': '5000'}"
"Transfer 12000, IFSC ICIC0005678",bank_transfer,"{'amount': '12000', 'ifsc': 'ICIC0005678'}"
make a payment of ₹2483 to someone@ybl.,send money,"{'amount': '₹2483', 'upi_id': 'someone@ybl'}"
send ₹714 to john.,send money,"{'recipient': 'john', 'amount': '₹714'}"
send money to +91 9876543210.,send money,{'phone_number': '+91 9876543210'}
"Deposit 3000, acc no 7412589630",bank_transfer,"{'amount': '3000', 'account_number': '7412589630'}"
Deposit to IFSC SBIN0012345,bank_transfer,{'ifsc': 'SBIN0012345'}
"Pay to Mohit Jain, IFSC KKBK0004567",bank_transfer,"{'account_holder': 'Mohit Jain', 'ifsc': 'KKBK0004567'}"
transfer ₹4750 to someone@ybl.,send money,"{'upi_id': 'someone@ybl', 'amount': '₹4750'}"
pay robert using random@oksbi.,send money,"{'recipient': 'robert', 'upi_id': 'random@oksbi'}"
"Pay to Mohit Jain, IFSC KKBK0004567",bank_transfer,"{'account_holder': 'Mohit Jain', 'ifsc': 'KKBK0004567'}"
"Transfer to account 1234567890, IFSC HDFC0001234",bank_transfer,"{'account_number': '1234567890', 'ifsc': 'HDFC0001234'}"
"Deposit 999 to Mohit Jain, acc 7412589630, IFSC KKBK0004567",bank_transfer,"{'account_holder': 'Mohit Jain', 'account_number': '7412589630', 'ifsc': 'KKBK0004567', 'amount': '999'}"
make a payment of ₹2646 to someone@ybl.,send money,"{'amount': '₹2646', 'upi_id': 'someone@ybl'}"
"Deposit 3000, acc no 7412589630",bank_transfer,"{'amount': '3000', 'account_number': '7412589630'}"
"Transfer 5000 to Rahul Sharma, account 1234567890, IFSC HDFC0001234",bank_transfer,"{'account_holder': 'Rahul Sharma', 'account_number': '1234567890', 'ifsc': 'HDFC0001234', 'amount': '5000'}"
can you send this amount to john?,send money,{'recipient': 'john'}
Send 4500 to Rahul Sharma,bank_transfer,"{'account_holder': 'Rahul Sharma', 'amount': '4500'}"
pay john using abc@paytm.,send money,"{'recipient': 'john', 'upi_id': 'abc@paytm'}"
make a payment of ₹3927 to abc@paytm.,send money,"{'amount': '₹3927', 'upi_id': 'abc@paytm'}"
"Send money to Priya Patil, acc 3210987654",bank_transfer,"{'account_holder': 'Priya Patil', 'account_number': '3210987654'}"
"Deposit 2500 to account 7890123456, IFSC AXIS0007890, holder Neha Gupta",bank_transfer,"{'account_holder': 'Neha Gupta', 'account_number': '7890123456', 'ifsc': 'AXIS0007890', 'amount': '2500'}"
make a payment of ₹2799 to abc@paytm.,send money,"{'amount': '₹2799', 'upi_id': 'abc@paytm'}"
send money to +91-7890123456.,send money,{'phone_number': '+91-7890123456'}
"Send 15000 to Priya Patil, account 9876543210, IFSC ICIC0005678",bank_transfer,"{'account_holder': 'Priya Patil', 'account_number': '9876543210', 'ifsc': 'ICIC0005678', 'amount': '15000'}"
"Transfer 18000 to Suresh B, acc no 3210987654, IFSC HDFC0006789",bank_transfer,"{'account_holder': 'Suresh B', 'account_number': '3210987654', 'ifsc': 'HDFC0006789', 'amount': '18000'}"
send money to 98765 43210.,send money,{'phone_number': '98765 43210'}
"Send money to Priya Patil, acc 3210987654",bank_transfer,"{'account_holder': 'Priya Patil', 'account_number': '3210987654'}"
"Transfer to account 1234567890, IFSC HDFC0001234",bank_transfer,"{'account_number': '1234567890', 'ifsc': 'HDFC0001234'}"
send money to 9123456789.,send money,{'phone_number': '9123456789'}
transfer ₹873 to xyz@okhdfcbank.,send money,"{'upi_id': 'xyz@okhdfcbank', 'amount': '₹873'}"
send ₹3966 to alice.,send money,"{'recipient': 'alice', 'amount': '₹3966'}"
"Transfer 18000 to Suresh B, acc no 3210987654, IFSC HDFC0006789",bank_transfer,"{'account_holder': 'Suresh B', 'account_number': '3210987654', 'ifsc': 'HDFC0006789', 'amount': '18000'}"
"Pay 5600 to account 9638527410, IFSC SBIN0023456, holder Rajesh Verma",bank_transfer,"{'account_holder': 'Rajesh Verma', 'account_number': '9638527410', 'ifsc': 'SBIN0023456', 'amount': '5600'}"
send money to +91-7890123456.,send money,{'phone_number': '+91-7890123456'}
"Pay 3200 to account 4561237890, IFSC SBIN0012345, holder name Kunal Mehta",bank_transfer,"{'account_holder': 'Kunal Mehta', 'account_number': '4561237890', 'ifsc': 'SBIN0012345', 'amount': '3200'}"
pay john doe using random@oksbi.,send money,"{'recipient': 'john doe', 'upi_id': 'random@oksbi'}"
transfer ₹1079 to someone@ybl.,send money,"{'upi_id': 'someone@ybl', 'amount': '₹1079'}"
"Send 15000 to Priya Patil, account 9876543210, IFSC ICIC0005678",bank_transfer,"{'account_holder': 'Priya Patil', 'account_number': '9876543210', 'ifsc': 'ICIC0005678', 'amount': '15000'}"
"Pay 5600 to account 9638527410, IFSC SBIN0023456, holder Rajesh Verma",bank_transfer,"{'account_holder': 'Rajesh Verma', 'account_number': '9638527410', 'ifsc': 'SBIN0023456', 'amount': '5600'}"
send ₹2234 to robert.,send money,"{'recipient': 'robert', 'amount': '₹2234'}"
send money to 9123456789.,send money,{'phone_number': '9123456789'}
Send 4500 to Rahul Sharma,bank_transfer,"{'account_holder': 'Rahul Sharma', 'amount': '4500'}"
pay bob smith using someone@ybl.,send money,"{'recipient': 'bob smith', 'upi_id': 'someone@ybl'}"
send money to 98765 43210.,send money,{'phone_number': '98765 43210'}
"Send money to Priya Patil, acc 3210987654",bank_transfer,"{'account_holder': 'Priya Patil', 'account_number': '3210987654'}"
pay john using abc@paytm.,send money,"{'recipient': 'john', 'upi_id': 'abc@paytm'}"
pay johnny using user@upi.,send money,"{'recipient': 'johnny', 'upi_id': 'user@upi'}"
send ₹770 to johnny.,send money,"{'recipient': 'johnny', 'amount': '₹770'}"
"Pay 3200 to account 4561237890, IFSC SBIN0012345, holder name Kunal Mehta",bank_transfer,"{'account_holder': 'Kunal Mehta', 'account_number': '4561237890', 'ifsc': 'SBIN0012345', 'amount': '3200'}"
"Deposit 3000, acc no 7412589630",bank_transfer,"{'amount': '3000', 'account_number': '7412589630'}"
"Transfer to account 1234567890, IFSC HDFC0001234",bank_transfer,"{'account_number': '1234567890', 'ifsc': 'HDFC0001234'}"
make a payment of ₹2481 to abc@paytm.,send money,"{'amount': '₹2481', 'upi_id': 'abc@paytm'}"
"Deposit 3000, acc no 7412589630",bank_transfer,"{'amount': '3000', 'account_number': '7412589630'}"
Send 4500 to Rahul Sharma,bank_transfer,"{'account_holder': 'Rahul Sharma', 'amount': '4500'}"
pay jon using abc@paytm.,send money,"{'recipient': 'jon', 'upi_id': 'abc@paytm'}"
"Pay 5600 to account 9638527410, IFSC SBIN0023456, holder Rajesh Verma",bank_transfer,"{'account_holder': 'Rajesh Verma', 'account_number': '9638527410', 'ifsc': 'SBIN0023456', 'amount': '5600'}"
"Deposit 2500 to account 7890123456, IFSC AXIS0007890, holder Neha Gupta",bank_transfer,"{'account_holder': 'Neha Gupta', 'account_number': '7890123456', 'ifsc': 'AXIS0007890', 'amount': '2500'}"
Pay to account 9876543210,bank_transfer,{'account_number': '9876543210'}
transfer ₹292 to abc@paytm.,send money,"{'upi_id': 'abc@paytm', 'amount': '₹292'}"
"Deposit 999 to Mohit Jain, acc 7412589630, IFSC KKBK0004567",bank_transfer,"{'account_holder': 'Mohit Jain', 'account_number': '7412589630', 'ifsc': 'KKBK0004567', 'amount': '999'}"
make a payment of ₹4739 to random@oksbi.,send money,"{'amount': '₹4739', 'upi_id': 'random@oksbi'}"
"Transfer 18000 to Suresh B, acc no 3210987654, IFSC HDFC0006789",bank_transfer,"{'account_holder': 'Suresh B', 'account_number': '3210987654', 'ifsc': 'HDFC0006789', 'amount': '18000'}"
"Deposit 2500 to account 7890123456, IFSC AXIS0007890, holder Neha Gupta",bank_transfer,"{'account_holder': 'Neha Gupta', 'account_number': '7890123456', 'ifsc': 'AXIS0007890', 'amount': '2500'}"
"Pay to Mohit Jain, IFSC KKBK0004567",bank_transfer,"{'account_holder': 'Mohit Jain', 'ifsc': 'KKBK0004567'}"
Deposit to IFSC SBIN0012345,bank_transfer,{'ifsc': 'SBIN0012345'}
transfer ₹3498 to abc@paytm.,send money,"{'upi_id': 'abc@paytm', 'amount': '₹3498'}"
pay john using user@upi.,send money,"{'recipient': 'john', 'upi_id': 'user@upi'}"
send ₹1528 to jon.,send money,"{'recipient': 'jon', 'amount': '₹1528'}"
Pay to account 9876543210,bank_transfer,{'account_number': '9876543210'}
"Pay 5600 to account 9638527410, IFSC SBIN0023456, holder Rajesh Verma",bank_transfer,"{'account_holder': 'Rajesh Verma', 'account_number': '9638527410', 'ifsc': 'SBIN0023456', 'amount': '5600'}"
"Transfer 12000, IFSC ICIC0005678",bank_transfer,"{'amount': '12000', 'ifsc': 'ICIC0005678'}"
"Send 15000 to Priya Patil, account 9876543210, IFSC ICIC0005678",bank_transfer,"{'account_holder': 'Priya Patil', 'account_number': '9876543210', 'ifsc': 'ICIC0005678', 'amount': '15000'}"
transfer ₹1007 to xyz@okhdfcbank.,send money,"{'upi_id': 'xyz@okhdfcbank', 'amount': '₹1007'}"
transfer ₹3620 to someone@ybl.,send money,"{'upi_id': 'someone@ybl', 'amount': '₹3620'}"
Deposit to IFSC SBIN0012345,bank_transfer,{'ifsc': 'SBIN0012345'}
how can i transfer $200?,send money,{'amount': '$200'}
"Transfer 5000 to Rahul Sharma, account 1234567890, IFSC HDFC0001234",bank_transfer,"{'account_holder': 'Rahul Sharma', 'account_number': '1234567890', 'ifsc': 'HDFC0001234', 'amount': '5000'}"
"Send money to Priya Patil, acc 3210987654",bank_transfer,"{'account_holder': 'Priya Patil', 'account_number': '3210987654'}"
"Send 7500 to Ramesh Kumar, account 6543210987, IFSC PNB0012345",bank_transfer,"{'account_holder': 'Ramesh Kumar', 'account_number': '6543210987', 'ifsc': 'PNB0012345', 'amount': '7500'}"
Send 4500 to Rahul Sharma,bank_transfer,"{'account_holder': 'Rahul Sharma', 'amount': '4500'}"
please pay this amount to my friend.,send money,{'recipient': 'friend'}
"Transfer 5000 to Rahul Sharma, account 1234567890, IFSC HDFC0001234",bank_transfer,"{'account_holder': 'Rahul Sharma', 'account_number': '1234567890', 'ifsc': 'HDFC0001234', 'amount': '5000'}"
send ₹107 to alice.,send money,"{'recipient': 'alice', 'amount': '₹107'}"
"Transfer 5000 to Rahul Sharma, account 1234567890, IFSC HDFC0001234",bank_transfer,"{'account_holder': 'Rahul Sharma', 'account_number': '1234567890', 'ifsc': 'HDFC0001234', 'amount': '5000'}"
send ₹2410 to john doe.,send money,"{'recipient': 'john doe', 'amount': '₹2410'}"
"Send money to Priya Patil, acc 3210987654",bank_transfer,"{'account_holder': 'Priya Patil', 'account_number': '3210987654'}"
"Transfer 18000 to Suresh B, acc no 3210987654, IFSC HDFC0006789",bank_transfer,"{'account_holder': 'Suresh B', 'account_number': '3210987654', 'ifsc': 'HDFC0006789', 'amount': '18000'}"
Pay to account 9876543210,bank_transfer,{'account_number': '9876543210'}
can you send this amount to john?,send money,{'recipient': 'john'}
"Transfer to account 1234567890, IFSC HDFC0001234",bank_transfer,"{'account_number': '1234567890', 'ifsc': 'HDFC0001234'}"
make a payment of ₹3749 to abc@paytm.,send money,"{'amount': '₹3749', 'upi_id': 'abc@paytm'}"
Send 4500 to Rahul Sharma,bank_transfer,"{'account_holder': 'Rahul Sharma', 'amount': '4500'}"
transfer ₹3925 to abc@paytm.,send money,"{'upi_id': 'abc@paytm', 'amount': '₹3925'}"
make a payment of ₹4454 to xyz@okhdfcbank.,send money,"{'amount': '₹4454', 'upi_id': 'xyz@okhdfcbank'}"
send ₹404 to john doe.,send money,"{'recipient': 'john doe', 'amount': '₹404'}"
i need to pay my sister.,send money,{'recipient': 'sister'}
Send 4500 to Rahul Sharma,bank_transfer,"{'account_holder': 'Rahul Sharma', 'amount': '4500'}"
"Transfer 5000 to Rahul Sharma, account 1234567890, IFSC HDFC0001234",bank_transfer,"{'account_holder': 'Rahul Sharma', 'account_number': '1234567890', 'ifsc': 'HDFC0001234', 'amount': '5000'}"
"Transfer to account 1234567890, IFSC HDFC0001234",bank_transfer,"{'account_number': '1234567890', 'ifsc': 'HDFC0001234'}"
"Transfer 12000, IFSC ICIC0005678",bank_transfer,"{'amount': '12000', 'ifsc': 'ICIC0005678'}"
make a payment of ₹1133 to abc@paytm.,send money,"{'amount': '₹1133', 'upi_id': 'abc@paytm'}"
pay john doe using someone@ybl.,send money,"{'recipient': 'john doe', 'upi_id': 'someone@ybl'}"
"Pay 5600 to account 9638527410, IFSC SBIN0023456, holder Rajesh Verma",bank_transfer,"{'account_holder': 'Rajesh Verma', 'account_number': '9638527410', 'ifsc': 'SBIN0023456', 'amount': '5600'}"
transfer ₹553 to xyz@okhdfcbank.,send money,"{'upi_id': 'xyz@okhdfcbank', 'amount': '₹553'}"
"Transfer 12000, IFSC ICIC0005678",bank_transfer,"{'amount': '12000', 'ifsc': 'ICIC0005678'}"
make a payment of ₹3719 to user@upi.,send money,"{'amount': '₹3719', 'upi_id': 'user@upi'}"
"Transfer 12000, IFSC ICIC0005678",bank_transfer,"{'amount': '12000', 'ifsc': 'ICIC0005678'}"
"Send 7500 to Ramesh Kumar, account 6543210987, IFSC PNB0012345",bank_transfer,"{'account_holder': 'Ramesh Kumar', 'account_number': '6543210987', 'ifsc': 'PNB0012345', 'amount': '7500'}"
pay bob smith using random@oksbi.,send money,"{'recipient': 'bob smith', 'upi_id': 'random@oksbi'}"
make a payment of ₹4540 to xyz@okhdfcbank.,send money,"{'amount': '₹4540', 'upi_id': 'xyz@okhdfcbank'}"
"Deposit 999 to Mohit Jain, acc 7412589630, IFSC KKBK0004567",bank_transfer,"{'account_holder': 'Mohit Jain', 'account_number': '7412589630', 'ifsc': 'KKBK0004567', 'amount': '999'}"
"Pay 5600 to account 9638527410, IFSC SBIN0023456, holder Rajesh Verma",bank_transfer,"{'account_holder': 'Rajesh Verma', 'account_number': '9638527410', 'ifsc': 'SBIN0023456', 'amount': '5600'}"
"Send 15000 to Priya Patil, account 9876543210, IFSC ICIC0005678",bank_transfer,"{'account_holder': 'Priya Patil', 'account_number': '9876543210', 'ifsc': 'ICIC0005678', 'amount': '15000'}"
send cash to my dad.,send money,{'recipient': 'dad'}
Send 4500 to Rahul Sharma,bank_transfer,"{'account_holder': 'Rahul Sharma', 'amount': '4500'}"
move $100 to my brother’s wallet.,send money,"{'amount': '$100', 'recipient': 'brother'}"
"Transfer to account 1234567890, IFSC HDFC0001234",bank_transfer,"{'account_number': '1234567890', 'ifsc': 'HDFC0001234'}"
can you send money to my friend?,send money,{'recipient': 'friend'}
"Send money to Priya Patil, acc 3210987654",bank_transfer,"{'account_holder': 'Priya Patil', 'account_number': '3210987654'}"
"Pay to Mohit Jain, IFSC KKBK0004567",bank_transfer,"{'account_holder': 'Mohit Jain', 'ifsc': 'KKBK0004567'}"
pay john using random@oksbi.,send money,"{'recipient': 'john', 'upi_id': 'random@oksbi'}"
transfer ₹2892 to someone@ybl.,send money,"{'upi_id': 'someone@ybl', 'amount': '₹2892'}"
can you send money to my friend?,send money,{'recipient': 'friend'}
send ₹2044 to johnny.,send money,"{'recipient': 'johnny', 'amount': '₹2044'}"
"Deposit 999 to Mohit Jain, acc 7412589630, IFSC KKBK0004567",bank_transfer,"{'account_holder': 'Mohit Jain', 'account_number': '7412589630', 'ifsc': 'KKBK0004567', 'amount': '999'}"
"Transfer 18000 to Suresh B, acc no 3210987654, IFSC HDFC0006789",bank_transfer,"{'account_holder': 'Suresh B', 'account_number': '3210987654', 'ifsc': 'HDFC0006789', 'amount': '18000'}"
send money to 98765 43210.,send money,{'phone_number': '98765 43210'}
"Pay to Mohit Jain, IFSC KKBK0004567",bank_transfer,"{'account_holder': 'Mohit Jain', 'ifsc': 'KKBK0004567'}"
transfer ₹568 to user@upi.,send money,"{'upi_id': 'user@upi', 'amount': '₹568'}"
send money to 9123456789.,send money,{'phone_number': '9123456789'}
"Deposit 999 to Mohit Jain, acc 7412589630, IFSC KKBK0004567",bank_transfer,"{'account_holder': 'Mohit Jain', 'account_number': '7412589630', 'ifsc': 'KKBK0004567', 'amount': '999'}"
"Deposit 3000, acc no 7412589630",bank_transfer,"{'amount': '3000', 'account_number': '7412589630'}"
send ₹1676 to bob smith.,send money,"{'recipient': 'bob smith', 'amount': '₹1676'}"
how can i transfer $200?,send money,{'amount': '$200'}
"Pay 5600 to account 9638527410, IFSC SBIN0023456, holder Rajesh Verma",bank_transfer,"{'account_holder': 'Rajesh Verma', 'account_number': '9638527410', 'ifsc': 'SBIN0023456', 'amount': '5600'}"
"Send money to Priya Patil, acc 3210987654",bank_transfer,"{'account_holder': 'Priya Patil', 'account_number': '3210987654'}"
"Send money to Priya Patil, acc 3210987654",bank_transfer,"{'account_holder': 'Priya Patil', 'account_number': '3210987654'}"
"Transfer 12000, IFSC ICIC0005678",bank_transfer,"{'amount': '12000', 'ifsc': 'ICIC0005678'}"
"Pay 3200 to account 4561237890, IFSC SBIN0012345, holder name Kunal Mehta",bank_transfer,"{'account_holder': 'Kunal Mehta', 'account_number': '4561237890', 'ifsc': 'SBIN0012345', 'amount': '3200'}"
"Transfer to account 1234567890, IFSC HDFC0001234",bank_transfer,"{'account_number': '1234567890', 'ifsc': 'HDFC0001234'}"
send ₹681 to rob.,send money,"{'recipient': 'rob', 'amount': '₹681'}"
make a payment of ₹3485 to xyz@okhdfcbank.,send money,"{'amount': '₹3485', 'upi_id': 'xyz@okhdfcbank'}"
"Transfer 18000 to Suresh B, acc no 3210987654, IFSC HDFC0006789",bank_transfer,"{'account_holder': 'Suresh B', 'account_number': '3210987654', 'ifsc': 'HDFC0006789', 'amount': '18000'}"
"Transfer 18000 to Suresh B, acc no 3210987654, IFSC HDFC0006789",bank_transfer,"{'account_holder': 'Suresh B', 'account_number': '3210987654', 'ifsc': 'HDFC0006789', 'amount': '18000'}"
send money to 9123456789.,send money,{'phone_number': '9123456789'}
transfer ₹3925 to abc@paytm.,send money,"{'upi_id': 'abc@paytm', 'amount': '₹3925'}"
send ₹3529 to john.,send money,"{'recipient': 'john', 'amount': '₹3529'}"
Deposit to IFSC SBIN0012345,bank_transfer,{'ifsc': 'SBIN0012345'}
"Transfer 18000 to Suresh B, acc no 3210987654, IFSC HDFC0006789",bank_transfer,"{'account_holder': 'Suresh B', 'account_number': '3210987654', 'ifsc': 'HDFC0006789', 'amount': '18000'}"
transfer ₹4541 to xyz@okhdfcbank.,send money,"{'upi_id': 'xyz@okhdfcbank', 'amount': '₹4541'}"
"Transfer 5000 to Rahul Sharma, account 1234567890, IFSC HDFC0001234",bank_transfer,"{'account_holder': 'Rahul Sharma', 'account_number': '1234567890', 'ifsc': 'HDFC0001234', 'amount': '5000'}"
"Send 15000 to Priya Patil, account 9876543210, IFSC ICIC0005678",bank_transfer,"{'account_holder': 'Priya Patil', 'account_number': '9876543210', 'ifsc': 'ICIC0005678', 'amount': '15000'}"
send money to +91 9876543210.,send money,{'phone_number': '+91 9876543210'}
please pay this amount to my friend.,send money,{'recipient': 'friend'}
"Send 15000 to Priya Patil, account 9876543210, IFSC ICIC0005678",bank_transfer,"{'account_holder': 'Priya Patil', 'account_number': '9876543210', 'ifsc': 'ICIC0005678', 'amount': '15000'}"
make a payment of ₹3625 to abc@paytm.,send money,"{'amount': '₹3625', 'upi_id': 'abc@paytm'}"
"Send 7500 to Ramesh Kumar, account 6543210987, IFSC PNB0012345",bank_transfer,"{'account_holder': 'Ramesh Kumar', 'account_number': '6543210987', 'ifsc': 'PNB0012345', 'amount': '7500'}"
make a payment of ₹3810 to user@upi.,send money,"{'amount': '₹3810', 'upi_id': 'user@upi'}"
"Transfer 5000 to Rahul Sharma, account 1234567890, IFSC HDFC0001234",bank_transfer,"{'account_holder': 'Rahul Sharma', 'account_number': '1234567890', 'ifsc': 'HDFC0001234', 'amount': '5000'}"
send cash to my dad.,send money,{'recipient': 'dad'}
send $50 to john.,send money,"{'amount': '$50', 'recipient': 'john'}"
make a payment of ₹611 to xyz@okhdfcbank.,send money,"{'amount': '₹611', 'upi_id': 'xyz@okhdfcbank'}"
make a payment of ₹3114 to xyz@okhdfcbank.,send money,"{'amount': '₹3114', 'upi_id': 'xyz@okhdfcbank'}"
"Deposit 3000, acc no 7412589630",bank_transfer,"{'amount': '3000', 'account_number': '7412589630'}"
send money to +91-7890123456.,send money,{'phone_number': '+91-7890123456'}
"Pay to Mohit Jain, IFSC KKBK0004567",bank_transfer,"{'account_holder': 'Mohit Jain', 'ifsc': 'KKBK0004567'}"
move $100 to my brother’s wallet.,send money,"{'amount': '$100', 'recipient': 'brother'}"
"Pay 5600 to account 9638527410, IFSC SBIN0023456, holder Rajesh Verma",bank_transfer,"{'account_holder': 'Rajesh Verma', 'account_number': '9638527410', 'ifsc': 'SBIN0023456', 'amount': '5600'}"
Deposit to IFSC SBIN0012345,bank_transfer,{'ifsc': 'SBIN0012345'}
i need to pay my sister.,send money,{'recipient': 'sister'}
"Transfer 18000 to Suresh B, acc no 3210987654, IFSC HDFC0006789",bank_transfer,"{'account_holder': 'Suresh B', 'account_number': '3210987654', 'ifsc': 'HDFC0006789', 'amount': '18000'}"
make a payment of ₹3313 to random@oksbi.,send money,"{'amount': '₹3313', 'upi_id': 'random@oksbi'}"
send money to +91 9876543210.,send money,{'phone_number': '+91 9876543210'}
make a payment of ₹2666 to xyz@okhdfcbank.,send money,"{'amount': '₹2666', 'upi_id': 'xyz@okhdfcbank'}"
send ₹1920 to johnny.,send money,"{'recipient': 'johnny', 'amount': '₹1920'}"
"Transfer 18000 to Suresh B, acc no 3210987654, IFSC HDFC0006789",bank_transfer,"{'account_holder': 'Suresh B', 'account_number': '3210987654', 'ifsc': 'HDFC0006789', 'amount': '18000'}"
transfer ₹2774 to abc@paytm.,send money,"{'upi_id': 'abc@paytm', 'amount': '₹2774'}"
send money to +91-7890123456.,send money,{'phone_number': '+91-7890123456'}
send money to +91-7890123456.,send money,{'phone_number': '+91-7890123456'}
send ₹3555 to rob.,send money,"{'recipient': 'rob', 'amount': '₹3555'}"
Pay to account 9876543210,bank_transfer,{'account_number': '9876543210'}
make a payment of ₹322 to random@oksbi.,send money,"{'amount': '₹322', 'upi_id': 'random@oksbi'}"
"Transfer 12000, IFSC ICIC0005678",bank_transfer,"{'amount': '12000', 'ifsc': 'ICIC0005678'}"
pay rob using someone@ybl.,send money,"{'recipient': 'rob', 'upi_id': 'someone@ybl'}"
send ₹3548 to robert.,send money,"{'recipient': 'robert', 'amount': '₹3548'}"
"Transfer to account 1234567890, IFSC HDFC0001234",bank_transfer,"{'account_number': '1234567890', 'ifsc': 'HDFC0001234'}"
"Pay to Mohit Jain, IFSC KKBK0004567",bank_transfer,"{'account_holder': 'Mohit Jain', 'ifsc': 'KKBK0004567'}"
"Deposit 2500 to account 7890123456, IFSC AXIS0007890, holder Neha Gupta",bank_transfer,"{'account_holder': 'Neha Gupta', 'account_number': '7890123456', 'ifsc': 'AXIS0007890', 'amount': '2500'}"
Send 4500 to Rahul Sharma,bank_transfer,"{'account_holder': 'Rahul Sharma', 'amount': '4500'}"
pay rob using someone@ybl.,send money,"{'recipient': 'rob', 'upi_id': 'someone@ybl'}"
transfer ₹2032 to random@oksbi.,send money,"{'upi_id': 'random@oksbi', 'amount': '₹2032'}"
Deposit to IFSC SBIN0012345,bank_transfer,{'ifsc': 'SBIN0012345'}
send ₹4106 to johnny.,send money,"{'recipient': 'johnny', 'amount': '₹4106'}"
"Deposit 3000, acc no 7412589630",bank_transfer,"{'amount': '3000', 'account_number': '7412589630'}"
"Transfer 12000, IFSC ICIC0005678",bank_transfer,"{'amount': '12000', 'ifsc': 'ICIC0005678'}"
"Deposit 2500 to account 7890123456, IFSC AXIS0007890, holder Neha Gupta",bank_transfer,"{'account_holder': 'Neha Gupta', 'account_number': '7890123456', 'ifsc': 'AXIS0007890', 'amount': '2500'}"
Pay to account 9876543210,bank_transfer,{'account_number': '9876543210'}
transfer ₹4250 to random@oksbi.,send money,"{'upi_id': 'random@oksbi', 'amount': '₹4250'}"
send money to +91-7890123456.,send money,{'phone_number': '+91-7890123456'}
make a payment of ₹2285 to user@upi.,send money,"{'amount': '₹2285', 'upi_id': 'user@upi'}"
"Transfer 12000, IFSC ICIC0005678",bank_transfer,"{'amount': '12000', 'ifsc': 'ICIC0005678'}"
send money to 9123456789.,send money,{'phone_number': '9123456789'}
"Send 7500 to Ramesh Kumar, account 6543210987, IFSC PNB0012345",bank_transfer,"{'account_holder': 'Ramesh Kumar', 'account_number': '6543210987', 'ifsc': 'PNB0012345', 'amount': '7500'}"
pay johnny using xyz@okhdfcbank.,send money,"{'recipient': 'johnny', 'upi_id': 'xyz@okhdfcbank'}"
send ₹1773 to john.,send money,"{'recipient': 'john', 'amount': '₹1773'}"
"Pay 3200 to account 4561237890, IFSC SBIN0012345, holder name Kunal Mehta",bank_transfer,"{'account_holder': 'Kunal Mehta', 'account_number': '4561237890', 'ifsc': 'SBIN0012345', 'amount': '3200'}"
make a payment of ₹3829 to someone@ybl.,send money,"{'amount': '₹3829', 'upi_id': 'someone@ybl'}"
"Pay to Mohit Jain, IFSC KKBK0004567",bank_transfer,"{'account_holder': 'Mohit Jain', 'ifsc': 'KKBK0004567'}"
transfer ₹3981 to xyz@okhdfcbank.,send money,"{'upi_id': 'xyz@okhdfcbank', 'amount': '₹3981'}"
"Pay to Mohit Jain, IFSC KKBK0004567",bank_transfer,"{'account_holder': 'Mohit Jain', 'ifsc': 'KKBK0004567'}"
send money to +91-7890123456.,send money,{'phone_number': '+91-7890123456'}
"Pay to Mohit Jain, IFSC KKBK0004567",bank_transfer,"{'account_holder': 'Mohit Jain', 'ifsc': 'KKBK0004567'}"
send ₹415 to bob smith.,send money,"{'recipient': 'bob smith', 'amount': '₹415'}"
"Pay to Mohit Jain, IFSC KKBK0004567",bank_transfer,"{'account_holder': 'Mohit Jain', 'ifsc': 'KKBK0004567'}"
send money to +91-7890123456.,send money,{'phone_number': '+91-7890123456'}
"Transfer 12000, IFSC ICIC0005678",bank_transfer,"{'amount': '12000', 'ifsc': 'ICIC0005678'}"
"Deposit 3000, acc no 7412589630",bank_transfer,"{'amount': '3000', 'account_number': '7412589630'}"
send ₹3023 to john.,send money,"{'recipient': 'john', 'amount': '₹3023'}"
Send 4500 to Rahul Sharma,bank_transfer,"{'account_holder': 'Rahul Sharma', 'amount': '4500'}"
send money to +91 9876543210.,send money,{'phone_number': '+91 9876543210'}
please pay this amount to my friend.,send money,{'recipient': 'friend'}
make a payment of ₹4428 to someone@ybl.,send money,"{'amount': '₹4428', 'upi_id': 'someone@ybl'}"
send money to +91 9876543210.,send money,{'phone_number': '+91 9876543210'}
make a payment of ₹4390 to random@oksbi.,send money,"{'amount': '₹4390', 'upi_id': 'random@oksbi'}"
Pay to account 9876543210,bank_transfer,{'account_number': '9876543210'}
"Pay 5600 to account 9638527410, IFSC SBIN0023456, holder Rajesh Verma",bank_transfer,"{'account_holder': 'Rajesh Verma', 'account_number': '9638527410', 'ifsc': 'SBIN0023456', 'amount': '5600'}"
"Deposit 2500 to account 7890123456, IFSC AXIS0007890, holder Neha Gupta",bank_transfer,"{'account_holder': 'Neha Gupta', 'account_number': '7890123456', 'ifsc': 'AXIS0007890', 'amount': '2500'}"
"Transfer to account 1234567890, IFSC HDFC0001234",bank_transfer,"{'account_number': '1234567890', 'ifsc': 'HDFC0001234'}"
"Pay 5600 to account 9638527410, IFSC SBIN0023456, holder Rajesh Verma",bank_transfer,"{'account_holder': 'Rajesh Verma', 'account_number': '9638527410', 'ifsc': 'SBIN0023456', 'amount': '5600'}"
send cash to my dad.,send money,{'recipient': 'dad'}
"Pay 5600 to account 9638527410, IFSC SBIN0023456, holder Rajesh Verma",bank_transfer,"{'account_holder': 'Rajesh Verma', 'account_number': '9638527410', 'ifsc': 'SBIN0023456', 'amount': '5600'}"
pay john doe using abc@paytm.,send money,"{'recipient': 'john doe', 'upi_id': 'abc@paytm'}"
transfer ₹947 to someone@ybl.,send money,"{'upi_id': 'someone@ybl', 'amount': '₹947'}"
send money to 9123456789.,send money,{'phone_number': '9123456789'}
move $100 to my brother’s wallet.,send money,"{'amount': '$100', 'recipient': 'brother'}"
"Transfer to account 1234567890, IFSC HDFC0001234",bank_transfer,"{'account_number': '1234567890', 'ifsc': 'HDFC0001234'}"
transfer ₹769 to someone@ybl.,send money,"{'upi_id': 'someone@ybl', 'amount': '₹769'}"
send ₹1507 to jon.,send money,"{'recipient': 'jon', 'amount': '₹1507'}"
send ₹3001 to robert.,send money,"{'recipient': 'robert', 'amount': '₹3001'}"
Send 4500 to Rahul Sharma,bank_transfer,"{'account_holder': 'Rahul Sharma', 'amount': '4500'}"
"Pay 5600 to account 9638527410, IFSC SBIN0023456, holder Rajesh Verma",bank_transfer,"{'account_holder': 'Rajesh Verma', 'account_number': '9638527410', 'ifsc': 'SBIN0023456', 'amount': '5600'}"
transfer ₹2166 to someone@ybl.,send money,"{'upi_id': 'someone@ybl', 'amount': '₹2166'}"
"Deposit 2500 to account 7890123456, IFSC AXIS0007890, holder Neha Gupta",bank_transfer,"{'account_holder': 'Neha Gupta', 'account_number': '7890123456', 'ifsc': 'AXIS0007890', 'amount': '2500'}"
"Transfer 18000 to Suresh B, acc no 3210987654, IFSC HDFC0006789",bank_transfer,"{'account_holder': 'Suresh B', 'account_number': '3210987654', 'ifsc': 'HDFC0006789', 'amount': '18000'}"
i need to pay my sister.,send money,{'recipient': 'sister'}
Pay to account 9876543210,bank_transfer,{'account_number': '9876543210'}
make a payment of ₹1455 to random@oksbi.,send money,"{'amount': '₹1455', 'upi_id': 'random@oksbi'}"
"Transfer 12000, IFSC ICIC0005678",bank_transfer,"{'amount': '12000', 'ifsc': 'ICIC0005678'}"
send money to 98765 43210.,send money,{'phone_number': '98765 43210'}
transfer ₹2814 to abc@paytm.,send money,"{'upi_id': 'abc@paytm', 'amount': '₹2814'}"
can you send money to my friend?,send money,{'recipient': 'friend'}
Send 4500 to Rahul Sharma,bank_transfer,"{'account_holder': 'Rahul Sharma', 'amount': '4500'}"
"Transfer 12000, IFSC ICIC0005678",bank_transfer,"{'amount': '12000', 'ifsc': 'ICIC0005678'}"
make a payment of ₹2481 to abc@paytm.,send money,"{'amount': '₹2481', 'upi_id': 'abc@paytm'}"
"Send 15000 to Priya Patil, account 9876543210, IFSC ICIC0005678",bank_transfer,"{'account_holder': 'Priya Patil', 'account_number': '9876543210', 'ifsc': 'ICIC0005678', 'amount': '15000'}"
send money to 9123456789.,send money,{'phone_number': '9123456789'}
pay robert using random@oksbi.,send money,"{'recipient': 'robert', 'upi_id': 'random@oksbi'}"
"Transfer 5000 to Rahul Sharma, account 1234567890, IFSC HDFC0001234",bank_transfer,"{'account_holder': 'Rahul Sharma', 'account_number': '1234567890', 'ifsc': 'HDFC0001234', 'amount': '5000'}"
send ₹3023 to john.,send money,"{'recipient': 'john', 'amount': '₹3023'}"
"Send 15000 to Priya Patil, account 9876543210, IFSC ICIC0005678",bank_transfer,"{'account_holder': 'Priya Patil', 'account_number': '9876543210', 'ifsc': 'ICIC0005678', 'amount': '15000'}"
"Transfer 12000, IFSC ICIC0005678",bank_transfer,"{'amount': '12000', 'ifsc': 'ICIC0005678'}"
i need to pay my sister.,send money,{'recipient': 'sister'}
pay john doe using xyz@okhdfcbank.,send money,"{'recipient': 'john doe', 'upi_id': 'xyz@okhdfcbank'}"
send money to +91 9876543210.,send money,{'phone_number': '+91 9876543210'}
Pay to account 9876543210,bank_transfer,{'account_number': '9876543210'}
"Pay 5600 to account 9638527410, IFSC SBIN0023456, holder Rajesh Verma",bank_transfer,"{'account_holder': 'Rajesh Verma', 'account_number': '9638527410', 'ifsc': 'SBIN0023456', 'amount': '5600'}"
"Transfer to account 1234567890, IFSC HDFC0001234",bank_transfer,"{'account_number': '1234567890', 'ifsc': 'HDFC0001234'}"
"Deposit 2500 to account 7890123456, IFSC AXIS0007890, holder Neha Gupta",bank_transfer,"{'account_holder': 'Neha Gupta', 'account_number': '7890123456', 'ifsc': 'AXIS0007890', 'amount': '2500'}"
"Deposit 3000, acc no 7412589630",bank_transfer,"{'amount': '3000', 'account_number': '7412589630'}"
pay alice using abc@paytm.,send money,"{'recipient': 'alice', 'upi_id': 'abc@paytm'}"
Pay to account 9876543210,bank_transfer,{'account_number': '9876543210'}
send money to 9123456789.,send money,{'phone_number': '9123456789'}
send $50 to john.,send money,"{'amount': '$50', 'recipient': 'john'}"
Deposit to IFSC SBIN0012345,bank_transfer,{'ifsc': 'SBIN0012345'}
transfer ₹4167 to someone@ybl.,send money,"{'upi_id': 'someone@ybl', 'amount': '₹4167'}"
"Transfer to account 1234567890, IFSC HDFC0001234",bank_transfer,"{'account_number': '1234567890', 'ifsc': 'HDFC0001234'}"
"Pay 3200 to account 4561237890, IFSC SBIN0012345, holder name Kunal Mehta",bank_transfer,"{'account_holder': 'Kunal Mehta', 'account_number': '4561237890', 'ifsc': 'SBIN0012345', 'amount': '3200'}"
pay alice using someone@ybl.,send money,"{'recipient': 'alice', 'upi_id': 'someone@ybl'}"
send money to 9123456789.,send money,{'phone_number': '9123456789'}
"Deposit 2500 to account 7890123456, IFSC AXIS0007890, holder Neha Gupta",bank_transfer,"{'account_holder': 'Neha Gupta', 'account_number': '7890123456', 'ifsc': 'AXIS0007890', 'amount': '2500'}"
"Transfer 18000 to Suresh B, acc no 3210987654, IFSC HDFC0006789",bank_transfer,"{'account_holder': 'Suresh B', 'account_number': '3210987654', 'ifsc': 'HDFC0006789', 'amount': '18000'}"
send money to 9123456789.,send money,{'phone_number': '9123456789'}
transfer ₹3388 to abc@paytm.,send money,"{'upi_id': 'abc@paytm', 'amount': '₹3388'}"
"Transfer 12000, IFSC ICIC0005678",bank_transfer,"{'amount': '12000', 'ifsc': 'ICIC0005678'}"
Pay to account 9876543210,bank_transfer,{'account_number': '9876543210'}
transfer ₹4136 to abc@paytm.,send money,"{'upi_id': 'abc@paytm', 'amount': '₹4136'}"
"Transfer to account 1234567890, IFSC HDFC0001234",bank_transfer,"{'account_number': '1234567890', 'ifsc': 'HDFC0001234'}"
i need to pay my sister.,send money,{'recipient': 'sister'}
"Send money to Priya Patil, acc 3210987654",bank_transfer,"{'account_holder': 'Priya Patil', 'account_number': '3210987654'}"
"Pay 5600 to account 9638527410, IFSC SBIN0023456, holder Rajesh Verma",bank_transfer,"{'account_holder': 'Rajesh Verma', 'account_number': '9638527410', 'ifsc': 'SBIN0023456', 'amount': '5600'}"
pay jon using user@upi.,send money,"{'recipient': 'jon', 'upi_id': 'user@upi'}"
send ₹1595 to john.,send money,"{'recipient': 'john', 'amount': '₹1595'}"
send ₹3069 to robert.,send money,"{'recipient': 'robert', 'amount': '₹3069'}"
please pay this amount to my friend.,send money,{'recipient': 'friend'}
send money to +91-7890123456.,send money,{'phone_number': '+91-7890123456'}
pay johnny using user@upi.,send money,"{'recipient': 'johnny', 'upi_id': 'user@upi'}"
"Send 7500 to Ramesh Kumar, account 6543210987, IFSC PNB0012345",bank_transfer,"{'account_holder': 'Ramesh Kumar', 'account_number': '6543210987', 'ifsc': 'PNB0012345', 'amount': '7500'}"
make a payment of ₹187 to someone@ybl.,send money,"{'amount': '₹187', 'upi_id': 'someone@ybl'}"
move $100 to my brother’s wallet.,send money,"{'amount': '$100', 'recipient': 'brother'}"
"Deposit 999 to Mohit Jain, acc 7412589630, IFSC KKBK0004567",bank_transfer,"{'account_holder': 'Mohit Jain', 'account_number': '7412589630', 'ifsc': 'KKBK0004567', 'amount': '999'}"
pay robert using xyz@okhdfcbank.,send money,"{'recipient': 'robert', 'upi_id': 'xyz@okhdfcbank'}"
make a payment of ₹3096 to user@upi.,send money,"{'amount': '₹3096', 'upi_id': 'user@upi'}"
send ₹3263 to john.,send money,"{'recipient': 'john', 'amount': '₹3263'}"
"Transfer to account 1234567890, IFSC HDFC0001234",bank_transfer,"{'account_number': '1234567890', 'ifsc': 'HDFC0001234'}"
"Deposit 2500 to account 7890123456, IFSC AXIS0007890, holder Neha Gupta",bank_transfer,"{'account_holder': 'Neha Gupta', 'account_number': '7890123456', 'ifsc': 'AXIS0007890', 'amount': '2500'}"
"Deposit 2500 to account 7890123456, IFSC AXIS0007890, holder Neha Gupta",bank_transfer,"{'account_holder': 'Neha Gupta', 'account_number': '7890123456', 'ifsc': 'AXIS0007890', 'amount': '2500'}"
Send 4500 to Rahul Sharma,bank_transfer,"{'account_holder': 'Rahul Sharma', 'amount': '4500'}"
transfer ₹3169 to user@upi.,send money,"{'upi_id': 'user@upi', 'amount': '₹3169'}"
send money to 9123456789.,send money,{'phone_number': '9123456789'}
pay johnny using abc@paytm.,send money,"{'recipient': 'johnny', 'upi_id': 'abc@paytm'}"
i need to pay my sister.,send money,{'recipient': 'sister'}
"Deposit 999 to Mohit Jain, acc 7412589630, IFSC KKBK0004567",bank_transfer,"{'account_holder': 'Mohit Jain', 'account_number': '7412589630', 'ifsc': 'KKBK0004567', 'amount': '999'}"
transfer ₹1123 to xyz@okhdfcbank.,send money,"{'upi_id': 'xyz@okhdfcbank', 'amount': '₹1123'}"
send cash to my dad.,send money,{'recipient': 'dad'}
send ₹140 to alice.,send money,"{'recipient': 'alice', 'amount': '₹140'}"
"Send 7500 to Ramesh Kumar, account 6543210987, IFSC PNB0012345",bank_transfer,"{'account_holder': 'Ramesh Kumar', 'account_number': '6543210987', 'ifsc': 'PNB0012345', 'amount': '7500'}"
Send 4500 to Rahul Sharma,bank_transfer,"{'account_holder': 'Rahul Sharma', 'amount': '4500'}"
"Transfer 12000, IFSC ICIC0005678",bank_transfer,"{'amount': '12000', 'ifsc': 'ICIC0005678'}"
transfer ₹2646 to abc@paytm.,send money,"{'upi_id': 'abc@paytm', 'amount': '₹2646'}"
"Pay to Mohit Jain, IFSC KKBK0004567",bank_transfer,"{'account_holder': 'Mohit Jain', 'ifsc': 'KKBK0004567'}"
"Deposit 3000, acc no 7412589630",bank_transfer,"{'amount': '3000', 'account_number': '7412589630'}"
"Transfer to account 1234567890, IFSC HDFC0001234",bank_transfer,"{'account_number': '1234567890', 'ifsc': 'HDFC0001234'}"
send ₹3114 to rob.,send money,"{'recipient': 'rob', 'amount': '₹3114'}"
Pay to account 9876543210,bank_transfer,{'account_number': '9876543210'}
"Deposit 3000, acc no 7412589630",bank_transfer,"{'amount': '3000', 'account_number': '7412589630'}"
"Send 15000 to Priya Patil, account 9876543210, IFSC ICIC0005678",bank_transfer,"{'account_holder': 'Priya Patil', 'account_number': '9876543210', 'ifsc': 'ICIC0005678', 'amount': '15000'}"
Send 4500 to Rahul Sharma,bank_transfer,"{'account_holder': 'Rahul Sharma', 'amount': '4500'}"
"Transfer 18000 to Suresh B, acc no 3210987654, IFSC HDFC0006789",bank_transfer,"{'account_holder': 'Suresh B', 'account_number': '3210987654', 'ifsc': 'HDFC0006789', 'amount': '18000'}"
"Transfer 18000 to Suresh B, acc no 3210987654, IFSC HDFC0006789",bank_transfer,"{'account_holder': 'Suresh B', 'account_number': '3210987654', 'ifsc': 'HDFC0006789', 'amount': '18000'}"
Send 4500 to Rahul Sharma,bank_transfer,"{'account_holder': 'Rahul Sharma', 'amount': '4500'}"
transfer ₹3099 to abc@paytm.,send money,"{'upi_id': 'abc@paytm', 'amount': '₹3099'}"
send ₹2896 to rob.,send money,"{'recipient': 'rob', 'amount': '₹2896'}"
"Send 15000 to Priya Patil, account 9876543210, IFSC ICIC0005678",bank_transfer,"{'account_holder': 'Priya Patil', 'account_number': '9876543210', 'ifsc': 'ICIC0005678', 'amount': '15000'}"
Pay to account 9876543210,bank_transfer,{'account_number': '9876543210'}
Send 4500 to Rahul Sharma,bank_transfer,"{'account_holder': 'Rahul Sharma', 'amount': '4500'}"
"Deposit 3000, acc no 7412589630",bank_transfer,"{'amount': '3000', 'account_number': '7412589630'}"
Deposit to IFSC SBIN0012345,bank_transfer,{'ifsc': 'SBIN0012345'}
pay johnny using user@upi.,send money,"{'recipient': 'johnny', 'upi_id': 'user@upi'}"
"Deposit 999 to Mohit Jain, acc 7412589630, IFSC KKBK0004567",bank_transfer,"{'account_holder': 'Mohit Jain', 'account_number': '7412589630', 'ifsc': 'KKBK0004567', 'amount': '999'}"
send ₹3434 to alice.,send money,"{'recipient': 'alice', 'amount': '₹3434'}"
"Transfer to account 1234567890, IFSC HDFC0001234",bank_transfer,"{'account_number': '1234567890', 'ifsc': 'HDFC0001234'}"
"Pay 3200 to account 4561237890, IFSC SBIN0012345, holder name Kunal Mehta",bank_transfer,"{'account_holder': 'Kunal Mehta', 'account_number': '4561237890', 'ifsc': 'SBIN0012345', 'amount': '3200'}"
send ₹4359 to bob smith.,send money,"{'recipient': 'bob smith', 'amount': '₹4359'}"
transfer ₹1740 to random@oksbi.,send money,"{'upi_id': 'random@oksbi', 'amount': '₹1740'}"
"Send 15000 to Priya Patil, account 9876543210, IFSC ICIC0005678",bank_transfer,"{'account_holder': 'Priya Patil', 'account_number': '9876543210', 'ifsc': 'ICIC0005678', 'amount': '15000'}"
"Pay 5600 to account 9638527410, IFSC SBIN0023456, holder Rajesh Verma",bank_transfer,"{'account_holder': 'Rajesh Verma', 'account_number': '9638527410', 'ifsc': 'SBIN0023456', 'amount': '5600'}"
transfer ₹1936 to random@oksbi.,send money,"{'upi_id': 'random@oksbi', 'amount': '₹1936'}"
pay johnny using xyz@okhdfcbank.,send money,"{'recipient': 'johnny', 'upi_id': 'xyz@okhdfcbank'}"
can you send this amount to john?,send money,{'recipient': 'john'}
Deposit to IFSC SBIN0012345,bank_transfer,{'ifsc': 'SBIN0012345'}
make a payment of ₹1368 to user@upi.,send money,"{'amount': '₹1368', 'upi_id': 'user@upi'}"
"Deposit 999 to Mohit Jain, acc 7412589630, IFSC KKBK0004567",bank_transfer,"{'account_holder': 'Mohit Jain', 'account_number': '7412589630', 'ifsc': 'KKBK0004567', 'amount': '999'}"
transfer ₹2061 to xyz@okhdfcbank.,send money,"{'upi_id': 'xyz@okhdfcbank', 'amount': '₹2061'}"
"Deposit 2500 to account 7890123456, IFSC AXIS0007890, holder Neha Gupta",bank_transfer,"{'account_holder': 'Neha Gupta', 'account_number': '7890123456', 'ifsc': 'AXIS0007890', 'amount': '2500'}"
"Transfer to account 1234567890, IFSC HDFC0001234",bank_transfer,"{'account_number': '1234567890', 'ifsc': 'HDFC0001234'}"
"Transfer 12000, IFSC ICIC0005678",bank_transfer,"{'amount': '12000', 'ifsc': 'ICIC0005678'}"
send money to +91 9876543210.,send money,{'phone_number': '+91 9876543210'}
"Transfer 12000, IFSC ICIC0005678",bank_transfer,"{'amount': '12000', 'ifsc': 'ICIC0005678'}"
"Send 15000 to Priya Patil, account 9876543210, IFSC ICIC0005678",bank_transfer,"{'account_holder': 'Priya Patil', 'account_number': '9876543210', 'ifsc': 'ICIC0005678', 'amount': '15000'}"
send ₹1978 to bob smith.,send money,"{'recipient': 'bob smith', 'amount': '₹1978'}"
"Transfer 18000 to Suresh B, acc no 3210987654, IFSC HDFC0006789",bank_transfer,"{'account_holder': 'Suresh B', 'account_number': '3210987654', 'ifsc': 'HDFC0006789', 'amount': '18000'}"
make a payment of ₹4610 to random@oksbi.,send money,"{'amount': '₹4610', 'upi_id': 'random@oksbi'}"
pay jon using user@upi.,send money,"{'recipient': 'jon', 'upi_id': 'user@upi'}"
"Deposit 999 to Mohit Jain, acc 7412589630, IFSC KKBK0004567",bank_transfer,"{'account_holder': 'Mohit Jain', 'account_number': '7412589630', 'ifsc': 'KKBK0004567', 'amount': '999'}"
pay johnny using abc@paytm.,send money,"{'recipient': 'johnny', 'upi_id': 'abc@paytm'}"
can you send money to my friend?,send money,{'recipient': 'friend'}
send money to 9123456789.,send money,{'phone_number': '9123456789'}
make a payment of ₹2054 to someone@ybl.,send money,"{'amount': '₹2054', 'upi_id': 'someone@ybl'}"
"Deposit 999 to Mohit Jain, acc 7412589630, IFSC KKBK0004567",bank_transfer,"{'account_holder': 'Mohit Jain', 'account_number': '7412589630', 'ifsc': 'KKBK0004567', 'amount': '999'}"
"Pay 5600 to account 9638527410, IFSC SBIN0023456, holder Rajesh Verma",bank_transfer,"{'account_holder': 'Rajesh Verma', 'account_number': '9638527410', 'ifsc': 'SBIN0023456', 'amount': '5600'}"
"Send 15000 to Priya Patil, account 9876543210, IFSC ICIC0005678",bank_transfer,"{'account_holder': 'Priya Patil', 'account_number': '9876543210', 'ifsc': 'ICIC0005678', 'amount': '15000'}"
make a payment of ₹1737 to random@oksbi.,send money,"{'amount': '₹1737', 'upi_id': 'random@oksbi'}"
send ₹1419 to jon.,send money,"{'recipient': 'jon', 'amount': '₹1419'}"
send ₹451 to john doe.,send money,"{'recipient': 'john doe', 'amount': '₹451'}"
"Send money to Priya Patil, acc 3210987654",bank_transfer,"{'account_holder': 'Priya Patil', 'account_number': '3210987654'}"
"Deposit 3000, acc no 7412589630",bank_transfer,"{'amount': '3000', 'account_number': '7412589630'}"
make a payment of ₹4540 to xyz@okhdfcbank.,send money,"{'amount': '₹4540', 'upi_id': 'xyz@okhdfcbank'}"
Send 4500 to Rahul Sharma,bank_transfer,"{'account_holder': 'Rahul Sharma', 'amount': '4500'}"
"Transfer 5000 to Rahul Sharma, account 1234567890, IFSC HDFC0001234",bank_transfer,"{'account_holder': 'Rahul Sharma', 'account_number': '1234567890', 'ifsc': 'HDFC0001234', 'amount': '5000'}"
"Send money to Priya Patil, acc 3210987654",bank_transfer,"{'account_holder': 'Priya Patil', 'account_number': '3210987654'}"
send ₹4877 to john doe.,send money,"{'recipient': 'john doe', 'amount': '₹4877'}"
"Transfer 12000, IFSC ICIC0005678",bank_transfer,"{'amount': '12000', 'ifsc': 'ICIC0005678'}"
"Send 15000 to Priya Patil, account 9876543210, IFSC ICIC0005678",bank_transfer,"{'account_holder': 'Priya Patil', 'account_number': '9876543210', 'ifsc': 'ICIC0005678', 'amount': '15000'}"
send cash to my dad.,send money,{'recipient': 'dad'}
"Transfer to account 1234567890, IFSC HDFC0001234",bank_transfer,"{'account_number': '1234567890', 'ifsc': 'HDFC0001234'}"
send money to 98765 43210.,send money,{'phone_number': '98765 43210'}
"Transfer 12000, IFSC ICIC0005678",bank_transfer,"{'amount': '12000', 'ifsc': 'ICIC0005678'}"
make a payment of ₹2409 to abc@paytm.,send money,"{'amount': '₹2409', 'upi_id': 'abc@paytm'}"
send money to +91 9876543210.,send money,{'phone_number': '+91 9876543210'}
Send 4500 to Rahul Sharma,bank_transfer,"{'account_holder': 'Rahul Sharma', 'amount': '4500'}"
"Pay 5600 to account 9638527410, IFSC SBIN0023456, holder Rajesh Verma",bank_transfer,"{'account_holder': 'Rajesh Verma', 'account_number': '9638527410', 'ifsc': 'SBIN0023456', 'amount': '5600'}"
"Pay 5600 to account 9638527410, IFSC SBIN0023456, holder Rajesh Verma",bank_transfer,"{'account_holder': 'Rajesh Verma', 'account_number': '9638527410', 'ifsc': 'SBIN0023456', 'amount': '5600'}"
transfer ₹2426 to someone@ybl.,send money,"{'upi_id': 'someone@ybl', 'amount': '₹2426'}"
pay john using user@upi.,send money,"{'recipient': 'john', 'upi_id': 'user@upi'}"
pay alice using xyz@okhdfcbank.,send money,"{'recipient': 'alice', 'upi_id': 'xyz@okhdfcbank'}"
"Deposit 3000, acc no 7412589630",bank_transfer,"{'amount': '3000', 'account_number': '7412589630'}"
transfer funds to my friend.,send money,{'recipient': 'friend'}
"Pay to Mohit Jain, IFSC KKBK0004567",bank_transfer,"{'account_holder': 'Mohit Jain', 'ifsc': 'KKBK0004567'}"
make a payment of ₹2799 to abc@paytm.,send money,"{'amount': '₹2799', 'upi_id': 'abc@paytm'}"
send ₹3046 to john.,send money,"{'recipient': 'john', 'amount': '₹3046'}"
Send 4500 to Rahul Sharma,bank_transfer,"{'account_holder': 'Rahul Sharma', 'amount': '4500'}"
transfer ₹406 to user@upi.,send money,"{'upi_id': 'user@upi', 'amount': '₹406'}"
"Deposit 2500 to account 7890123456, IFSC AXIS0007890, holder Neha Gupta",bank_transfer,"{'account_holder': 'Neha Gupta', 'account_number': '7890123456', 'ifsc': 'AXIS0007890', 'amount': '2500'}"
pay rob using random@oksbi.,send money,"{'recipient': 'rob', 'upi_id': 'random@oksbi'}"
"Transfer 5000 to Rahul Sharma, account 1234567890, IFSC HDFC0001234",bank_transfer,"{'account_holder': 'Rahul Sharma', 'account_number': '1234567890', 'ifsc': 'HDFC0001234', 'amount': '5000'}"
"Transfer to account 1234567890, IFSC HDFC0001234",bank_transfer,"{'account_number': '1234567890', 'ifsc': 'HDFC0001234'}"
"Transfer 18000 to Suresh B, acc no 3210987654, IFSC HDFC0006789",bank_transfer,"{'account_holder': 'Suresh B', 'account_number': '3210987654', 'ifsc': 'HDFC0006789', 'amount': '18000'}"
"Transfer 12000, IFSC ICIC0005678",bank_transfer,"{'amount': '12000', 'ifsc': 'ICIC0005678'}"
"Deposit 3000, acc no 7412589630",bank_transfer,"{'amount': '3000', 'account_number': '7412589630'}"
"Pay to Mohit Jain, IFSC KKBK0004567",bank_transfer,"{'account_holder': 'Mohit Jain', 'ifsc': 'KKBK0004567'}"
"Send 15000 to Priya Patil, account 9876543210, IFSC ICIC0005678",bank_transfer,"{'account_holder': 'Priya Patil', 'account_number': '9876543210', 'ifsc': 'ICIC0005678', 'amount': '15000'}"
make a payment of ₹2137 to abc@paytm.,send money,"{'amount': '₹2137', 'upi_id': 'abc@paytm'}"
"Transfer 18000 to Suresh B, acc no 3210987654, IFSC HDFC0006789",bank_transfer,"{'account_holder': 'Suresh B', 'account_number': '3210987654', 'ifsc': 'HDFC0006789', 'amount': '18000'}"
transfer ₹4140 to xyz@okhdfcbank.,send money,"{'upi_id': 'xyz@okhdfcbank', 'amount': '₹4140'}"
please pay this amount to my friend.,send money,{'recipient': 'friend'}
send ₹3332 to robert.,send money,"{'recipient': 'robert', 'amount': '₹3332'}"
send cash to my dad.,send money,{'recipient': 'dad'}
"Deposit 3000, acc no 7412589630",bank_transfer,"{'amount': '3000', 'account_number': '7412589630'}"
send money to +91-7890123456.,send money,{'phone_number': '+91-7890123456'}
"Send 15000 to Priya Patil, account 9876543210, IFSC ICIC0005678",bank_transfer,"{'account_holder': 'Priya Patil', 'account_number': '9876543210', 'ifsc': 'ICIC0005678', 'amount': '15000'}"
Deposit to IFSC SBIN0012345,bank_transfer,{'ifsc': 'SBIN0012345'}
pay robert using user@upi.,send money,"{'recipient': 'robert', 'upi_id': 'user@upi'}"
pay robert using someone@ybl.,send money,"{'recipient': 'robert', 'upi_id': 'someone@ybl'}"
pay rob using someone@ybl.,send money,"{'recipient': 'rob', 'upi_id': 'someone@ybl'}"
i need to pay my sister.,send money,{'recipient': 'sister'}
move $100 to my brother’s wallet.,send money,"{'amount': '$100', 'recipient': 'brother'}"
"Transfer to account 1234567890, IFSC HDFC0001234",bank_transfer,"{'account_number': '1234567890', 'ifsc': 'HDFC0001234'}"
"Send 15000 to Priya Patil, account 9876543210, IFSC ICIC0005678",bank_transfer,"{'account_holder': 'Priya Patil', 'account_number': '9876543210', 'ifsc': 'ICIC0005678', 'amount': '15000'}"
pay alice using random@oksbi.,send money,"{'recipient': 'alice', 'upi_id': 'random@oksbi'}"
transfer ₹1046 to user@upi.,send money,"{'upi_id': 'user@upi', 'amount': '₹1046'}"
"Pay 5600 to account 9638527410, IFSC SBIN0023456, holder Rajesh Verma",bank_transfer,"{'account_holder': 'Rajesh Verma', 'account_number': '9638527410', 'ifsc': 'SBIN0023456', 'amount': '5600'}"
send money to +91-7890123456.,send money,{'phone_number': '+91-7890123456'}
"Transfer 5000 to Rahul Sharma, account 1234567890, IFSC HDFC0001234",bank_transfer,"{'account_holder': 'Rahul Sharma', 'account_number': '1234567890', 'ifsc': 'HDFC0001234', 'amount': '5000'}"
how can i transfer $200?,send money,{'amount': '$200'}
transfer ₹1936 to random@oksbi.,send money,"{'upi_id': 'random@oksbi', 'amount': '₹1936'}"
transfer ₹1497 to random@oksbi.,send money,"{'upi_id': 'random@oksbi', 'amount': '₹1497'}"
pay rob using someone@ybl.,send money,"{'recipient': 'rob', 'upi_id': 'someone@ybl'}"
please pay this amount to my friend.,send money,{'recipient': 'friend'}
how can i transfer $200?,send money,{'amount': '$200'}
"Transfer 18000 to Suresh B, acc no 3210987654, IFSC HDFC0006789",bank_transfer,"{'account_holder': 'Suresh B', 'account_number': '3210987654', 'ifsc': 'HDFC0006789', 'amount': '18000'}"
"Pay 3200 to account 4561237890, IFSC SBIN0012345, holder name Kunal Mehta",bank_transfer,"{'account_holder': 'Kunal Mehta', 'account_number': '4561237890', 'ifsc': 'SBIN0012345', 'amount': '3200'}"
make a payment of ₹4672 to someone@ybl.,send money,"{'amount': '₹4672', 'upi_id': 'someone@ybl'}"
"Deposit 3000, acc no 7412589630",bank_transfer,"{'amount': '3000', 'account_number': '7412589630'}"
can you send money to my friend?,send money,{'recipient': 'friend'}
"Send 7500 to Ramesh Kumar, account 6543210987, IFSC PNB0012345",bank_transfer,"{'account_holder': 'Ramesh Kumar', 'account_number': '6543210987', 'ifsc': 'PNB0012345', 'amount': '7500'}"
"Pay 5600 to account 9638527410, IFSC SBIN0023456, holder Rajesh Verma",bank_transfer,"{'account_holder': 'Rajesh Verma', 'account_number': '9638527410', 'ifsc': 'SBIN0023456', 'amount': '5600'}"
"Pay to Mohit Jain, IFSC KKBK0004567",bank_transfer,"{'account_holder': 'Mohit Jain', 'ifsc': 'KKBK0004567'}"
pay rob using someone@ybl.,send money,"{'recipient': 'rob', 'upi_id': 'someone@ybl'}"
"Pay 3200 to account 4561237890, IFSC SBIN0012345, holder name Kunal Mehta",bank_transfer,"{'account_holder': 'Kunal Mehta', 'account_number': '4561237890', 'ifsc': 'SBIN0012345', 'amount': '3200'}"
send ₹3432 to john doe.,send money,"{'recipient': 'john doe', 'amount': '₹3432'}"
send ₹4896 to jon.,send money,"{'recipient': 'jon', 'amount': '₹4896'}"
"Pay to Mohit Jain, IFSC KKBK0004567",bank_transfer,"{'account_holder': 'Mohit Jain', 'ifsc': 'KKBK0004567'}"
send money to 98765 43210.,send money,{'phone_number': '98765 43210'}
send money to 9123456789.,send money,{'phone_number': '9123456789'}
make a payment of ₹3054 to someone@ybl.,send money,"{'amount': '₹3054', 'upi_id': 'someone@ybl'}"
send cash to my dad.,send money,{'recipient': 'dad'}
send money to 9123456789.,send money,{'phone_number': '9123456789'}
"Send money to Priya Patil, acc 3210987654",bank_transfer,"{'account_holder': 'Priya Patil', 'account_number': '3210987654'}"
Send 4500 to Rahul Sharma,bank_transfer,"{'account_holder': 'Rahul Sharma', 'amount': '4500'}"
"Deposit 999 to Mohit Jain, acc 7412589630, IFSC KKBK0004567",bank_transfer,"{'account_holder': 'Mohit Jain', 'account_number': '7412589630', 'ifsc': 'KKBK0004567', 'amount': '999'}"
make a payment of ₹3347 to user@upi.,send money,"{'amount': '₹3347', 'upi_id': 'user@upi'}"
pay john using user@upi.,send money,"{'recipient': 'john', 'upi_id': 'user@upi'}"
"Deposit 999 to Mohit Jain, acc 7412589630, IFSC KKBK0004567",bank_transfer,"{'account_holder': 'Mohit Jain', 'account_number': '7412589630', 'ifsc': 'KKBK0004567', 'amount': '999'}"
"Send money to Priya Patil, acc 3210987654",bank_transfer,"{'account_holder': 'Priya Patil', 'account_number': '3210987654'}"
Send 4500 to Rahul Sharma,bank_transfer,"{'account_holder': 'Rahul Sharma', 'amount': '4500'}"
"Send 15000 to Priya Patil, account 9876543210, IFSC ICIC0005678",bank_transfer,"{'account_holder': 'Priya Patil', 'account_number': '9876543210', 'ifsc': 'ICIC0005678', 'amount': '15000'}"
"Transfer 12000, IFSC ICIC0005678",bank_transfer,"{'amount': '12000', 'ifsc': 'ICIC0005678'}"
send ₹714 to john.,send money,"{'recipient': 'john', 'amount': '₹714'}"
i need to pay my sister.,send money,{'recipient': 'sister'}
make a payment of ₹2631 to abc@paytm.,send money,"{'amount': '₹2631', 'upi_id': 'abc@paytm'}"
"Transfer 12000, IFSC ICIC0005678",bank_transfer,"{'amount': '12000', 'ifsc': 'ICIC0005678'}"
"Pay 3200 to account 4561237890, IFSC SBIN0012345, holder name Kunal Mehta",bank_transfer,"{'account_holder': 'Kunal Mehta', 'account_number': '4561237890', 'ifsc': 'SBIN0012345', 'amount': '3200'}"
send money to +91 9876543210.,send money,{'phone_number': '+91 9876543210'}
"Transfer 18000 to Suresh B, acc no 3210987654, IFSC HDFC0006789",bank_transfer,"{'account_holder': 'Suresh B', 'account_number': '3210987654', 'ifsc': 'HDFC0006789', 'amount': '18000'}"
"Send 7500 to Ramesh Kumar, account 6543210987, IFSC PNB0012345",bank_transfer,"{'account_holder': 'Ramesh Kumar', 'account_number': '6543210987', 'ifsc': 'PNB0012345', 'amount': '7500'}"
how can i transfer $200?,send money,{'amount': '$200'}
"Transfer 12000, IFSC ICIC0005678",bank_transfer,"{'amount': '12000', 'ifsc': 'ICIC0005678'}"
how can i transfer $200?,send money,{'amount': '$200'}
can you send this amount to john?,send money,{'recipient': 'john'}
pay johnny using abc@paytm.,send money,"{'recipient': 'johnny', 'upi_id': 'abc@paytm'}"
transfer ₹4392 to abc@paytm.,send money,"{'upi_id': 'abc@paytm', 'amount': '₹4392'}"
send ₹1626 to alice.,send money,"{'recipient': 'alice', 'amount': '₹1626'}"
transfer ₹4392 to abc@paytm.,send money,"{'upi_id': 'abc@paytm', 'amount': '₹4392'}"
"Send money to Priya Patil, acc 3210987654",bank_transfer,"{'account_holder': 'Priya Patil', 'account_number': '3210987654'}"
send money to +91-7890123456.,send money,{'phone_number': '+91-7890123456'}
send money to 9123456789.,send money,{'phone_number': '9123456789'}
send ₹4745 to rob.,send money,"{'recipient': 'rob', 'amount': '₹4745'}"
send money to +91-7890123456.,send money,{'phone_number': '+91-7890123456'}
"Deposit 999 to Mohit Jain, acc 7412589630, IFSC KKBK0004567",bank_transfer,"{'account_holder': 'Mohit Jain', 'account_number': '7412589630', 'ifsc': 'KKBK0004567', 'amount': '999'}"
"Deposit 999 to Mohit Jain, acc 7412589630, IFSC KKBK0004567",bank_transfer,"{'account_holder': 'Mohit Jain', 'account_number': '7412589630', 'ifsc': 'KKBK0004567', 'amount': '999'}"
can you send this amount to john?,send money,{'recipient': 'john'}
"Transfer to account 1234567890, IFSC HDFC0001234",bank_transfer,"{'account_number': '1234567890', 'ifsc': 'HDFC0001234'}"
Deposit to IFSC SBIN0012345,bank_transfer,{'ifsc': 'SBIN0012345'}
"Transfer 12000, IFSC ICIC0005678",bank_transfer,"{'amount': '12000', 'ifsc': 'ICIC0005678'}"
transfer ₹3481 to user@upi.,send money,"{'upi_id': 'user@upi', 'amount': '₹3481'}"
Pay to account 9876543210,bank_transfer,{'account_number': '9876543210'}
"Pay to Mohit Jain, IFSC KKBK0004567",bank_transfer,"{'account_holder': 'Mohit Jain', 'ifsc': 'KKBK0004567'}"
"Transfer 5000 to Rahul Sharma, account 1234567890, IFSC HDFC0001234",bank_transfer,"{'account_holder': 'Rahul Sharma', 'account_number': '1234567890', 'ifsc': 'HDFC0001234', 'amount': '5000'}"
Deposit to IFSC SBIN0012345,bank_transfer,{'ifsc': 'SBIN0012345'}
"Deposit 2500 to account 7890123456, IFSC AXIS0007890, holder Neha Gupta",bank_transfer,"{'account_holder': 'Neha Gupta', 'account_number': '7890123456', 'ifsc': 'AXIS0007890', 'amount': '2500'}"
"Deposit 3000, acc no 7412589630",bank_transfer,"{'amount': '3000', 'account_number': '7412589630'}"
transfer ₹4971 to someone@ybl.,send money,"{'upi_id': 'someone@ybl', 'amount': '₹4971'}"
"Deposit 3000, acc no 7412589630",bank_transfer,"{'amount': '3000', 'account_number': '7412589630'}"
"Deposit 999 to Mohit Jain, acc 7412589630, IFSC KKBK0004567",bank_transfer,"{'account_holder': 'Mohit Jain', 'account_number': '7412589630', 'ifsc': 'KKBK0004567', 'amount': '999'}"
send money to 9123456789.,send money,{'phone_number': '9123456789'}
send ₹714 to john.,send money,"{'recipient': 'john', 'amount': '₹714'}"
"Deposit 2500 to account 7890123456, IFSC AXIS0007890, holder Neha Gupta",bank_transfer,"{'account_holder': 'Neha Gupta', 'account_number': '7890123456', 'ifsc': 'AXIS0007890', 'amount': '2500'}"
send money to +91-7890123456.,send money,{'phone_number': '+91-7890123456'}
"Deposit 3000, acc no 7412589630",bank_transfer,"{'amount': '3000', 'account_number': '7412589630'}"
i need to pay my sister.,send money,{'recipient': 'sister'}
pay john using user@upi.,send money,"{'recipient': 'john', 'upi_id': 'user@upi'}"
"Transfer 18000 to Suresh B, acc no 3210987654, IFSC HDFC0006789",bank_transfer,"{'account_holder': 'Suresh B', 'account_number': '3210987654', 'ifsc': 'HDFC0006789', 'amount': '18000'}"
Deposit to IFSC SBIN0012345,bank_transfer,{'ifsc': 'SBIN0012345'}
send ₹4080 to robert.,send money,"{'recipient': 'robert', 'amount': '₹4080'}"
"Transfer 12000, IFSC ICIC0005678",bank_transfer,"{'amount': '12000', 'ifsc': 'ICIC0005678'}"
transfer ₹1266 to user@upi.,send money,"{'upi_id': 'user@upi', 'amount': '₹1266'}"
send cash to my dad.,send money,{'recipient': 'dad'}
"Send 15000 to Priya Patil, account 9876543210, IFSC ICIC0005678",bank_transfer,"{'account_holder': 'Priya Patil', 'account_number': '9876543210', 'ifsc': 'ICIC0005678', 'amount': '15000'}"
transfer ₹2148 to abc@paytm.,send money,"{'upi_id': 'abc@paytm', 'amount': '₹2148'}"
send ₹4365 to john.,send money,"{'recipient': 'john', 'amount': '₹4365'}"
send cash to my dad.,send money,{'recipient': 'dad'}
pay bob smith using abc@paytm.,send money,"{'recipient': 'bob smith', 'upi_id': 'abc@paytm'}"
"Send 15000 to Priya Patil, account 9876543210, IFSC ICIC0005678",bank_transfer,"{'account_holder': 'Priya Patil', 'account_number': '9876543210', 'ifsc': 'ICIC0005678', 'amount': '15000'}"
send money to +91 9876543210.,send money,{'phone_number': '+91 9876543210'}
"Send 15000 to Priya Patil, account 9876543210, IFSC ICIC0005678",bank_transfer,"{'account_holder': 'Priya Patil', 'account_number': '9876543210', 'ifsc': 'ICIC0005678', 'amount': '15000'}"
can you send this amount to john?,send money,{'recipient': 'john'}
pay alice using someone@ybl.,send money,"{'recipient': 'alice', 'upi_id': 'someone@ybl'}"
send ₹4407 to rob.,send money,"{'recipient': 'rob', 'amount': '₹4407'}"
"Transfer 5000 to Rahul Sharma, account 1234567890, IFSC HDFC0001234",bank_transfer,"{'account_holder': 'Rahul Sharma', 'account_number': '1234567890', 'ifsc': 'HDFC0001234', 'amount': '5000'}"
send money to 9123456789.,send money,{'phone_number': '9123456789'}
send ₹2340 to robert.,send money,"{'recipient': 'robert', 'amount': '₹2340'}"
"Pay 5600 to account 9638527410, IFSC SBIN0023456, holder Rajesh Verma",bank_transfer,"{'account_holder': 'Rajesh Verma', 'account_number': '9638527410', 'ifsc': 'SBIN0023456', 'amount': '5600'}"
Deposit to IFSC SBIN0012345,bank_transfer,{'ifsc': 'SBIN0012345'}
"Pay to Mohit Jain, IFSC KKBK0004567",bank_transfer,"{'account_holder': 'Mohit Jain', 'ifsc': 'KKBK0004567'}"
send money to +91-7890123456.,send money,{'phone_number': '+91-7890123456'}
send ₹1168 to rob.,send money,"{'recipient': 'rob', 'amount': '₹1168'}"
"Send 7500 to Ramesh Kumar, account 6543210987, IFSC PNB0012345",bank_transfer,"{'account_holder': 'Ramesh Kumar', 'account_number': '6543210987', 'ifsc': 'PNB0012345', 'amount': '7500'}"
"Pay to Mohit Jain, IFSC KKBK0004567",bank_transfer,"{'account_holder': 'Mohit Jain', 'ifsc': 'KKBK0004567'}"
send ₹3911 to robert.,send money,"{'recipient': 'robert', 'amount': '₹3911'}"
"Transfer 12000, IFSC ICIC0005678",bank_transfer,"{'amount': '12000', 'ifsc': 'ICIC0005678'}"
"Pay 3200 to account 4561237890, IFSC SBIN0012345, holder name Kunal Mehta",bank_transfer,"{'account_holder': 'Kunal Mehta', 'account_number': '4561237890', 'ifsc': 'SBIN0012345', 'amount': '3200'}"
"Send money to Priya Patil, acc 3210987654",bank_transfer,"{'account_holder': 'Priya Patil', 'account_number': '3210987654'}"
pay john using abc@paytm.,send money,"{'recipient': 'john', 'upi_id': 'abc@paytm'}"
move $100 to my brother’s wallet.,send money,"{'amount': '$100', 'recipient': 'brother'}"
transfer ₹4936 to random@oksbi.,send money,"{'upi_id': 'random@oksbi', 'amount': '₹4936'}"
"Deposit 3000, acc no 7412589630",bank_transfer,"{'amount': '3000', 'account_number': '7412589630'}"
"Pay 3200 to account 4561237890, IFSC SBIN0012345, holder name Kunal Mehta",bank_transfer,"{'account_holder': 'Kunal Mehta', 'account_number': '4561237890', 'ifsc': 'SBIN0012345', 'amount': '3200'}"
send money to 98765 43210.,send money,{'phone_number': '98765 43210'}
move $100 to my brother’s wallet.,send money,"{'amount': '$100', 'recipient': 'brother'}"
send ₹4298 to johnny.,send money,"{'recipient': 'johnny', 'amount': '₹4298'}"
send $50 to john.,send money,"{'amount': '$50', 'recipient': 'john'}"
"Transfer 5000 to Rahul Sharma, account 1234567890, IFSC HDFC0001234",bank_transfer,"{'account_holder': 'Rahul Sharma', 'account_number': '1234567890', 'ifsc': 'HDFC0001234', 'amount': '5000'}"
"Transfer to account 1234567890, IFSC HDFC0001234",bank_transfer,"{'account_number': '1234567890', 'ifsc': 'HDFC0001234'}"
"Send 7500 to Ramesh Kumar, account 6543210987, IFSC PNB0012345",bank_transfer,"{'account_holder': 'Ramesh Kumar', 'account_number': '6543210987', 'ifsc': 'PNB0012345', 'amount': '7500'}"
make a payment of ₹4426 to abc@paytm.,send money,"{'amount': '₹4426', 'upi_id': 'abc@paytm'}"
pay john using user@upi.,send money,"{'recipient': 'john', 'upi_id': 'user@upi'}"
Pay to account 9876543210,bank_transfer,{'account_number': '9876543210'}
transfer ₹2258 to random@oksbi.,send money,"{'upi_id': 'random@oksbi', 'amount': '₹2258'}"
transfer ₹2780 to random@oksbi.,send money,"{'upi_id': 'random@oksbi', 'amount': '₹2780'}"
transfer ₹2207 to someone@ybl.,send money,"{'upi_id': 'someone@ybl', 'amount': '₹2207'}"
"Pay 5600 to account 9638527410, IFSC SBIN0023456, holder Rajesh Verma",bank_transfer,"{'account_holder': 'Rajesh Verma', 'account_number': '9638527410', 'ifsc': 'SBIN0023456', 'amount': '5600'}"
"Deposit 2500 to account 7890123456, IFSC AXIS0007890, holder Neha Gupta",bank_transfer,"{'account_holder': 'Neha Gupta', 'account_number': '7890123456', 'ifsc': 'AXIS0007890', 'amount': '2500'}"
"Send 7500 to Ramesh Kumar, account 6543210987, IFSC PNB0012345",bank_transfer,"{'account_holder': 'Ramesh Kumar', 'account_number': '6543210987', 'ifsc': 'PNB0012345', 'amount': '7500'}"
send money to +91 9876543210.,send money,{'phone_number': '+91 9876543210'}
send money to 9123456789.,send money,{'phone_number': '9123456789'}
"Pay 5600 to account 9638527410, IFSC SBIN0023456, holder Rajesh Verma",bank_transfer,"{'account_holder': 'Rajesh Verma', 'account_number': '9638527410', 'ifsc': 'SBIN0023456', 'amount': '5600'}"
send money to 98765 43210.,send money,{'phone_number': '98765 43210'}
can you send money to my friend?,send money,{'recipient': 'friend'}
pay john doe using xyz@okhdfcbank.,send money,"{'recipient': 'john doe', 'upi_id': 'xyz@okhdfcbank'}"
"Deposit 3000, acc no 7412589630",bank_transfer,"{'amount': '3000', 'account_number': '7412589630'}"
"Send 15000 to Priya Patil, account 9876543210, IFSC ICIC0005678",bank_transfer,"{'account_holder': 'Priya Patil', 'account_number': '9876543210', 'ifsc': 'ICIC0005678', 'amount': '15000'}"
make a payment of ₹1455 to random@oksbi.,send money,"{'amount': '₹1455', 'upi_id': 'random@oksbi'}"
"Transfer to account 1234567890, IFSC HDFC0001234",bank_transfer,"{'account_number': '1234567890', 'ifsc': 'HDFC0001234'}"
send ₹2644 to robert.,send money,"{'recipient': 'robert', 'amount': '₹2644'}"
make a payment of ₹4376 to someone@ybl.,send money,"{'amount': '₹4376', 'upi_id': 'someone@ybl'}"
"Transfer 5000 to Rahul Sharma, account 1234567890, IFSC HDFC0001234",bank_transfer,"{'account_holder': 'Rahul Sharma', 'account_number': '1234567890', 'ifsc': 'HDFC0001234', 'amount': '5000'}"
send ₹4159 to robert.,send money,"{'recipient': 'robert', 'amount': '₹4159'}"
"Send 15000 to Priya Patil, account 9876543210, IFSC ICIC0005678",bank_transfer,"{'account_holder': 'Priya Patil', 'account_number': '9876543210', 'ifsc': 'ICIC0005678', 'amount': '15000'}"
Pay to account 9876543210,bank_transfer,{'account_number': '9876543210'}
"Pay 3200 to account 4561237890, IFSC SBIN0012345, holder name Kunal Mehta",bank_transfer,"{'account_holder': 'Kunal Mehta', 'account_number': '4561237890', 'ifsc': 'SBIN0012345', 'amount': '3200'}"
please pay this amount to my friend.,send money,{'recipient': 'friend'}
"Deposit 2500 to account 7890123456, IFSC AXIS0007890, holder Neha Gupta",bank_transfer,"{'account_holder': 'Neha Gupta', 'account_number': '7890123456', 'ifsc': 'AXIS0007890', 'amount': '2500'}"
"Deposit 2500 to account 7890123456, IFSC AXIS0007890, holder Neha Gupta",bank_transfer,"{'account_holder': 'Neha Gupta', 'account_number': '7890123456', 'ifsc': 'AXIS0007890', 'amount': '2500'}"
Deposit to IFSC SBIN0012345,bank_transfer,{'ifsc': 'SBIN0012345'}
"Send 7500 to Ramesh Kumar, account 6543210987, IFSC PNB0012345",bank_transfer,"{'account_holder': 'Ramesh Kumar', 'account_number': '6543210987', 'ifsc': 'PNB0012345', 'amount': '7500'}"
"Transfer 5000 to Rahul Sharma, account 1234567890, IFSC HDFC0001234",bank_transfer,"{'account_holder': 'Rahul Sharma', 'account_number': '1234567890', 'ifsc': 'HDFC0001234', 'amount': '5000'}"
"Deposit 999 to Mohit Jain, acc 7412589630, IFSC KKBK0004567",bank_transfer,"{'account_holder': 'Mohit Jain', 'account_number': '7412589630', 'ifsc': 'KKBK0004567', 'amount': '999'}"
please pay this amount to my friend.,send money,{'recipient': 'friend'}
make a payment of ₹443 to user@upi.,send money,"{'amount': '₹443', 'upi_id': 'user@upi'}"
"Transfer 5000 to Rahul Sharma, account 1234567890, IFSC HDFC0001234",bank_transfer,"{'account_holder': 'Rahul Sharma', 'account_number': '1234567890', 'ifsc': 'HDFC0001234', 'amount': '5000'}"
send ₹2279 to johnny.,send money,"{'recipient': 'johnny', 'amount': '₹2279'}"
please pay this amount to my friend.,send money,{'recipient': 'friend'}
make a payment of ₹2483 to user@upi.,send money,"{'amount': '₹2483', 'upi_id': 'user@upi'}"
send money to 9123456789.,send money,{'phone_number': '9123456789'}
Send 4500 to Rahul Sharma,bank_transfer,"{'account_holder': 'Rahul Sharma', 'amount': '4500'}"
transfer funds to my friend.,send money,{'recipient': 'friend'}
"Pay to Mohit Jain, IFSC KKBK0004567",bank_transfer,"{'account_holder': 'Mohit Jain', 'ifsc': 'KKBK0004567'}"
can you send this amount to john?,send money,{'recipient': 'john'}
Send 4500 to Rahul Sharma,bank_transfer,"{'account_holder': 'Rahul Sharma', 'amount': '4500'}"
pay johnny using xyz@okhdfcbank.,send money,"{'recipient': 'johnny', 'upi_id': 'xyz@okhdfcbank'}"
"Send 15000 to Priya Patil, account 9876543210, IFSC ICIC0005678",bank_transfer,"{'account_holder': 'Priya Patil', 'account_number': '9876543210', 'ifsc': 'ICIC0005678', 'amount': '15000'}"
Pay to account 9876543210,bank_transfer,{'account_number': '9876543210'}
can you send money to my friend?,send money,{'recipient': 'friend'}
"Transfer 18000 to Suresh B, acc no 3210987654, IFSC HDFC0006789",bank_transfer,"{'account_holder': 'Suresh B', 'account_number': '3210987654', 'ifsc': 'HDFC0006789', 'amount': '18000'}"
"Send 15000 to Priya Patil, account 9876543210, IFSC ICIC0005678",bank_transfer,"{'account_holder': 'Priya Patil', 'account_number': '9876543210', 'ifsc': 'ICIC0005678', 'amount': '15000'}"
"Deposit 999 to Mohit Jain, acc 7412589630, IFSC KKBK0004567",bank_transfer,"{'account_holder': 'Mohit Jain', 'account_number': '7412589630', 'ifsc': 'KKBK0004567', 'amount': '999'}"
send ₹3911 to robert.,send money,"{'recipient': 'robert', 'amount': '₹3911'}"
make a payment of ₹3096 to user@upi.,send money,"{'amount': '₹3096', 'upi_id': 'user@upi'}"
"Send 7500 to Ramesh Kumar, account 6543210987, IFSC PNB0012345",bank_transfer,"{'account_holder': 'Ramesh Kumar', 'account_number': '6543210987', 'ifsc': 'PNB0012345', 'amount': '7500'}"
"Pay 5600 to account 9638527410, IFSC SBIN0023456, holder Rajesh Verma",bank_transfer,"{'account_holder': 'Rajesh Verma', 'account_number': '9638527410', 'ifsc': 'SBIN0023456', 'amount': '5600'}"
make a payment of ₹1594 to xyz@okhdfcbank.,send money,"{'amount': '₹1594', 'upi_id': 'xyz@okhdfcbank'}"
send $50 to john.,send money,"{'amount': '$50', 'recipient': 'john'}"
Deposit to IFSC SBIN0012345,bank_transfer,{'ifsc': 'SBIN0012345'}
please pay this amount to my friend.,send money,{'recipient': 'friend'}
"Pay 5600 to account 9638527410, IFSC SBIN0023456, holder Rajesh Verma",bank_transfer,"{'account_holder': 'Rajesh Verma', 'account_number': '9638527410', 'ifsc': 'SBIN0023456', 'amount': '5600'}"
transfer ₹3099 to abc@paytm.,send money,"{'upi_id': 'abc@paytm', 'amount': '₹3099'}"
"Pay to Mohit Jain, IFSC KKBK0004567",bank_transfer,"{'account_holder': 'Mohit Jain', 'ifsc': 'KKBK0004567'}"
"Send money to Priya Patil, acc 3210987654",bank_transfer,"{'account_holder': 'Priya Patil', 'account_number': '3210987654'}"
send ₹4472 to robert.,send money,"{'recipient': 'robert', 'amount': '₹4472'}"
transfer ₹3981 to xyz@okhdfcbank.,send money,"{'upi_id': 'xyz@okhdfcbank', 'amount': '₹3981'}"
Pay to account 9876543210,bank_transfer,{'account_number': '9876543210'}
"Pay 5600 to account 9638527410, IFSC SBIN0023456, holder Rajesh Verma",bank_transfer,"{'account_holder': 'Rajesh Verma', 'account_number': '9638527410', 'ifsc': 'SBIN0023456', 'amount': '5600'}"
"Deposit 3000, acc no 7412589630",bank_transfer,"{'amount': '3000', 'account_number': '7412589630'}"
send ₹1891 to robert.,send money,"{'recipient': 'robert', 'amount': '₹1891'}"
Send 4500 to Rahul Sharma,bank_transfer,"{'account_holder': 'Rahul Sharma', 'amount': '4500'}"
"Transfer 18000 to Suresh B, acc no 3210987654, IFSC HDFC0006789",bank_transfer,"{'account_holder': 'Suresh B', 'account_number': '3210987654', 'ifsc': 'HDFC0006789', 'amount': '18000'}"
"Transfer 18000 to Suresh B, acc no 3210987654, IFSC HDFC0006789",bank_transfer,"{'account_holder': 'Suresh B', 'account_number': '3210987654', 'ifsc': 'HDFC0006789', 'amount': '18000'}"
"Pay to Mohit Jain, IFSC KKBK0004567",bank_transfer,"{'account_holder': 'Mohit Jain', 'ifsc': 'KKBK0004567'}"
how can i transfer $200?,send money,{'amount': '$200'}
make a payment of ₹4676 to someone@ybl.,send money,"{'amount': '₹4676', 'upi_id': 'someone@ybl'}"
please pay this amount to my friend.,send money,{'recipient': 'friend'}
Deposit to IFSC SBIN0012345,bank_transfer,{'ifsc': 'SBIN0012345'}
send ₹4365 to john.,send money,"{'recipient': 'john', 'amount': '₹4365'}"
"Send 7500 to Ramesh Kumar, account 6543210987, IFSC PNB0012345",bank_transfer,"{'account_holder': 'Ramesh Kumar', 'account_number': '6543210987', 'ifsc': 'PNB0012345', 'amount': '7500'}"
"Deposit 3000, acc no 7412589630",bank_transfer,"{'amount': '3000', 'account_number': '7412589630'}"
"Pay 3200 to account 4561237890, IFSC SBIN0012345, holder name Kunal Mehta",bank_transfer,"{'account_holder': 'Kunal Mehta', 'account_number': '4561237890', 'ifsc': 'SBIN0012345', 'amount': '3200'}"
transfer ₹3851 to xyz@okhdfcbank.,send money,"{'upi_id': 'xyz@okhdfcbank', 'amount': '₹3851'}"
Pay to account 9876543210,bank_transfer,{'account_number': '9876543210'}
send money to 9123456789.,send money,{'phone_number': '9123456789'}
"Transfer 18000 to Suresh B, acc no 3210987654, IFSC HDFC0006789",bank_transfer,"{'account_holder': 'Suresh B', 'account_number': '3210987654', 'ifsc': 'HDFC0006789', 'amount': '18000'}"
transfer ₹2258 to random@oksbi.,send money,"{'upi_id': 'random@oksbi', 'amount': '₹2258'}"
transfer ₹4250 to user@upi.,send money,"{'upi_id': 'user@upi', 'amount': '₹4250'}"
Send 4500 to Rahul Sharma,bank_transfer,"{'account_holder': 'Rahul Sharma', 'amount': '4500'}"
"Transfer to account 1234567890, IFSC HDFC0001234",bank_transfer,"{'account_number': '1234567890', 'ifsc': 'HDFC0001234'}"
send ₹1418 to john.,send money,"{'recipient': 'john', 'amount': '₹1418'}"
send money to 98765 43210.,send money,{'phone_number': '98765 43210'}
make a payment of ₹3058 to abc@paytm.,send money,"{'amount': '₹3058', 'upi_id': 'abc@paytm'}"
"Deposit 2500 to account 7890123456, IFSC AXIS0007890, holder Neha Gupta",bank_transfer,"{'account_holder': 'Neha Gupta', 'account_number': '7890123456', 'ifsc': 'AXIS0007890', 'amount': '2500'}"
transfer ₹4797 to random@oksbi.,send money,"{'upi_id': 'random@oksbi', 'amount': '₹4797'}"
"Transfer 18000 to Suresh B, acc no 3210987654, IFSC HDFC0006789",bank_transfer,"{'account_holder': 'Suresh B', 'account_number': '3210987654', 'ifsc': 'HDFC0006789', 'amount': '18000'}"
pay alice using someone@ybl.,send money,"{'recipient': 'alice', 'upi_id': 'someone@ybl'}"
"Transfer 18000 to Suresh B, acc no 3210987654, IFSC HDFC0006789",bank_transfer,"{'account_holder': 'Suresh B', 'account_number': '3210987654', 'ifsc': 'HDFC0006789', 'amount': '18000'}"
"Pay 5600 to account 9638527410, IFSC SBIN0023456, holder Rajesh Verma",bank_transfer,"{'account_holder': 'Rajesh Verma', 'account_number': '9638527410', 'ifsc': 'SBIN0023456', 'amount': '5600'}"
pay robert using random@oksbi.,send money,"{'recipient': 'robert', 'upi_id': 'random@oksbi'}"
"Pay 5600 to account 9638527410, IFSC SBIN0023456, holder Rajesh Verma",bank_transfer,"{'account_holder': 'Rajesh Verma', 'account_number': '9638527410', 'ifsc': 'SBIN0023456', 'amount': '5600'}"
"Deposit 3000, acc no 7412589630",bank_transfer,"{'amount': '3000', 'account_number': '7412589630'}"
"Pay 5600 to account 9638527410, IFSC SBIN0023456, holder Rajesh Verma",bank_transfer,"{'account_holder': 'Rajesh Verma', 'account_number': '9638527410', 'ifsc': 'SBIN0023456', 'amount': '5600'}"
"Transfer 5000 to Rahul Sharma, account 1234567890, IFSC HDFC0001234",bank_transfer,"{'account_holder': 'Rahul Sharma', 'account_number': '1234567890', 'ifsc': 'HDFC0001234', 'amount': '5000'}"
"Deposit 999 to Mohit Jain, acc 7412589630, IFSC KKBK0004567",bank_transfer,"{'account_holder': 'Mohit Jain', 'account_number': '7412589630', 'ifsc': 'KKBK0004567', 'amount': '999'}"
"Deposit 999 to Mohit Jain, acc 7412589630, IFSC KKBK0004567",bank_transfer,"{'account_holder': 'Mohit Jain', 'account_number': '7412589630', 'ifsc': 'KKBK0004567', 'amount': '999'}"
"Pay 3200 to account 4561237890, IFSC SBIN0012345, holder name Kunal Mehta",bank_transfer,"{'account_holder': 'Kunal Mehta', 'account_number': '4561237890', 'ifsc': 'SBIN0012345', 'amount': '3200'}"
pay john doe using abc@paytm.,send money,"{'recipient': 'john doe', 'upi_id': 'abc@paytm'}"
"Transfer 5000 to Rahul Sharma, account 1234567890, IFSC HDFC0001234",bank_transfer,"{'account_holder': 'Rahul Sharma', 'account_number': '1234567890', 'ifsc': 'HDFC0001234', 'amount': '5000'}"
"Deposit 999 to Mohit Jain, acc 7412589630, IFSC KKBK0004567",bank_transfer,"{'account_holder': 'Mohit Jain', 'account_number': '7412589630', 'ifsc': 'KKBK0004567', 'amount': '999'}"
make a payment of ₹4112 to abc@paytm.,send money,"{'amount': '₹4112', 'upi_id': 'abc@paytm'}"
"Send 7500 to Ramesh Kumar, account 6543210987, IFSC PNB0012345",bank_transfer,"{'account_holder': 'Ramesh Kumar', 'account_number': '6543210987', 'ifsc': 'PNB0012345', 'amount': '7500'}"
"Transfer 5000 to Rahul Sharma, account 1234567890, IFSC HDFC0001234",bank_transfer,"{'account_holder': 'Rahul Sharma', 'account_number': '1234567890', 'ifsc': 'HDFC0001234', 'amount': '5000'}"
"Deposit 2500 to account 7890123456, IFSC AXIS0007890, holder Neha Gupta",bank_transfer,"{'account_holder': 'Neha Gupta', 'account_number': '7890123456', 'ifsc': 'AXIS0007890', 'amount': '2500'}"
send money to +91 9876543210.,send money,{'phone_number': '+91 9876543210'}
pay johnny using abc@paytm.,send money,"{'recipient': 'johnny', 'upi_id': 'abc@paytm'}"
"Transfer 12000, IFSC ICIC0005678",bank_transfer,"{'amount': '12000', 'ifsc': 'ICIC0005678'}"
send money to +91-7890123456.,send money,{'phone_number': '+91-7890123456'}
Pay to account 9876543210,bank_transfer,{'account_number': '9876543210'}
send money to 98765 43210.,send money,{'phone_number': '98765 43210'}
"Deposit 2500 to account 7890123456, IFSC AXIS0007890, holder Neha Gupta",bank_transfer,"{'account_holder': 'Neha Gupta', 'account_number': '7890123456', 'ifsc': 'AXIS0007890', 'amount': '2500'}"
"Pay 5600 to account 9638527410, IFSC SBIN0023456, holder Rajesh Verma",bank_transfer,"{'account_holder': 'Rajesh Verma', 'account_number': '9638527410', 'ifsc': 'SBIN0023456', 'amount': '5600'}"
"Transfer 12000, IFSC ICIC0005678",bank_transfer,"{'amount': '12000', 'ifsc': 'ICIC0005678'}"
please pay this amount to my friend.,send money,{'recipient': 'friend'}
send money to +91-7890123456.,send money,{'phone_number': '+91-7890123456'}
"Transfer 18000 to Suresh B, acc no 3210987654, IFSC HDFC0006789",bank_transfer,"{'account_holder': 'Suresh B', 'account_number': '3210987654', 'ifsc': 'HDFC0006789', 'amount': '18000'}"
"Deposit 999 to Mohit Jain, acc 7412589630, IFSC KKBK0004567",bank_transfer,"{'account_holder': 'Mohit Jain', 'account_number': '7412589630', 'ifsc': 'KKBK0004567', 'amount': '999'}"
"Transfer 12000, IFSC ICIC0005678",bank_transfer,"{'amount': '12000', 'ifsc': 'ICIC0005678'}"
i need to pay my sister.,send money,{'recipient': 'sister'}
"Pay 5600 to account 9638527410, IFSC SBIN0023456, holder Rajesh Verma",bank_transfer,"{'account_holder': 'Rajesh Verma', 'account_number': '9638527410', 'ifsc': 'SBIN0023456', 'amount': '5600'}"
"Deposit 3000, acc no 7412589630",bank_transfer,"{'amount': '3000', 'account_number': '7412589630'}"
"Deposit 2500 to account 7890123456, IFSC AXIS0007890, holder Neha Gupta",bank_transfer,"{'account_holder': 'Neha Gupta', 'account_number': '7890123456', 'ifsc': 'AXIS0007890', 'amount': '2500'}"
transfer ₹4797 to user@upi.,send money,"{'upi_id': 'user@upi', 'amount': '₹4797'}"
pay bob smith using user@upi.,send money,"{'recipient': 'bob smith', 'upi_id': 'user@upi'}"
"Pay 3200 to account 4561237890, IFSC SBIN0012345, holder name Kunal Mehta",bank_transfer,"{'account_holder': 'Kunal Mehta', 'account_number': '4561237890', 'ifsc': 'SBIN0012345', 'amount': '3200'}"
transfer ₹4936 to random@oksbi.,send money,"{'upi_id': 'random@oksbi', 'amount': '₹4936'}"
Deposit to IFSC SBIN0012345,bank_transfer,{'ifsc': 'SBIN0012345'}
i need to pay my sister.,send money,{'recipient': 'sister'}
pay alice using xyz@okhdfcbank.,send money,"{'recipient': 'alice', 'upi_id': 'xyz@okhdfcbank'}"
send money to +91-7890123456.,send money,{'phone_number': '+91-7890123456'}
"Transfer 12000, IFSC ICIC0005678",bank_transfer,"{'amount': '12000', 'ifsc': 'ICIC0005678'}"
make a payment of ₹4426 to abc@paytm.,send money,"{'amount': '₹4426', 'upi_id': 'abc@paytm'}"
pay robert using random@oksbi.,send money,"{'recipient': 'robert', 'upi_id': 'random@oksbi'}"
i need to pay my sister.,send money,{'recipient': 'sister'}
transfer ₹2330 to someone@ybl.,send money,"{'upi_id': 'someone@ybl', 'amount': '₹2330'}"
send money to 9123456789.,send money,{'phone_number': '9123456789'}
send ₹1898 to john.,send money,"{'recipient': 'john', 'amount': '₹1898'}"
send ₹2087 to bob smith.,send money,"{'recipient': 'bob smith', 'amount': '₹2087'}"
pay rob using xyz@okhdfcbank.,send money,"{'recipient': 'rob', 'upi_id': 'xyz@okhdfcbank'}"
pay john doe using abc@paytm.,send money,"{'recipient': 'john doe', 'upi_id': 'abc@paytm'}"
make a payment of ₹1317 to random@oksbi.,send money,"{'amount': '₹1317', 'upi_id': 'random@oksbi'}"
"Pay to Mohit Jain, IFSC KKBK0004567",bank_transfer,"{'account_holder': 'Mohit Jain', 'ifsc': 'KKBK0004567'}"
"Deposit 3000, acc no 7412589630",bank_transfer,"{'amount': '3000', 'account_number': '7412589630'}"
make a payment of ₹4424 to abc@paytm.,send money,"{'amount': '₹4424', 'upi_id': 'abc@paytm'}"
"Transfer 5000 to Rahul Sharma, account 1234567890, IFSC HDFC0001234",bank_transfer,"{'account_holder': 'Rahul Sharma', 'account_number': '1234567890', 'ifsc': 'HDFC0001234', 'amount': '5000'}"
"Send 15000 to Priya Patil, account 9876543210, IFSC ICIC0005678",bank_transfer,"{'account_holder': 'Priya Patil', 'account_number': '9876543210', 'ifsc': 'ICIC0005678', 'amount': '15000'}"
send money to +91 9876543210.,send money,{'phone_number': '+91 9876543210'}
"Transfer 12000, IFSC ICIC0005678",bank_transfer,"{'amount': '12000', 'ifsc': 'ICIC0005678'}"
transfer ₹4204 to random@oksbi.,send money,"{'upi_id': 'random@oksbi', 'amount': '₹4204'}"
can you send money to my friend?,send money,{'recipient': 'friend'}
pay rob using abc@paytm.,send money,"{'recipient': 'rob', 'upi_id': 'abc@paytm'}"
pay johnny using user@upi.,send money,"{'recipient': 'johnny', 'upi_id': 'user@upi'}"
how can i transfer $200?,send money,{'amount': '$200'}
Send 4500 to Rahul Sharma,bank_transfer,"{'account_holder': 'Rahul Sharma', 'amount': '4500'}"
pay robert using abc@paytm.,send money,"{'recipient': 'robert', 'upi_id': 'abc@paytm'}"
"Send money to Priya Patil, acc 3210987654",bank_transfer,"{'account_holder': 'Priya Patil', 'account_number': '3210987654'}"
"Deposit 2500 to account 7890123456, IFSC AXIS0007890, holder Neha Gupta",bank_transfer,"{'account_holder': 'Neha Gupta', 'account_number': '7890123456', 'ifsc': 'AXIS0007890', 'amount': '2500'}"
pay johnny using user@upi.,send money,"{'recipient': 'johnny', 'upi_id': 'user@upi'}"
send ₹3001 to robert.,send money,"{'recipient': 'robert', 'amount': '₹3001'}"
"Send 7500 to Ramesh Kumar, account 6543210987, IFSC PNB0012345",bank_transfer,"{'account_holder': 'Ramesh Kumar', 'account_number': '6543210987', 'ifsc': 'PNB0012345', 'amount': '7500'}"
make a payment of ₹2905 to xyz@okhdfcbank.,send money,"{'amount': '₹2905', 'upi_id': 'xyz@okhdfcbank'}"
make a payment of ₹3749 to abc@paytm.,send money,"{'amount': '₹3749', 'upi_id': 'abc@paytm'}"
please pay this amount to my friend.,send money,{'recipient': 'friend'}
make a payment of ₹2712 to random@oksbi.,send money,"{'amount': '₹2712', 'upi_id': 'random@oksbi'}"
"Pay to Mohit Jain, IFSC KKBK0004567",bank_transfer,"{'account_holder': 'Mohit Jain', 'ifsc': 'KKBK0004567'}"
"Send 7500 to Ramesh Kumar, account 6543210987, IFSC PNB0012345",bank_transfer,"{'account_holder': 'Ramesh Kumar', 'account_number': '6543210987', 'ifsc': 'PNB0012345', 'amount': '7500'}"
make a payment of ₹1229 to random@oksbi.,send money,"{'amount': '₹1229', 'upi_id': 'random@oksbi'}"
send ₹4280 to jon.,send money,"{'recipient': 'jon', 'amount': '₹4280'}"
"Transfer to account 1234567890, IFSC HDFC0001234",bank_transfer,"{'account_number': '1234567890', 'ifsc': 'HDFC0001234'}"
send money to +91-7890123456.,send money,{'phone_number': '+91-7890123456'}
"Transfer 5000 to Rahul Sharma, account 1234567890, IFSC HDFC0001234",bank_transfer,"{'account_holder': 'Rahul Sharma', 'account_number': '1234567890', 'ifsc': 'HDFC0001234', 'amount': '5000'}"
"Pay 3200 to account 4561237890, IFSC SBIN0012345, holder name Kunal Mehta",bank_transfer,"{'account_holder': 'Kunal Mehta', 'account_number': '4561237890', 'ifsc': 'SBIN0012345', 'amount': '3200'}"
pay jon using abc@paytm.,send money,"{'recipient': 'jon', 'upi_id': 'abc@paytm'}"
send money to +91-7890123456.,send money,{'phone_number': '+91-7890123456'}
send money to 9123456789.,send money,{'phone_number': '9123456789'}
Send 4500 to Rahul Sharma,bank_transfer,"{'account_holder': 'Rahul Sharma', 'amount': '4500'}"
Pay to account 9876543210,bank_transfer,{'account_number': '9876543210'}
make a payment of ₹1842 to someone@ybl.,send money,"{'amount': '₹1842', 'upi_id': 'someone@ybl'}"
"Transfer 18000 to Suresh B, acc no 3210987654, IFSC HDFC0006789",bank_transfer,"{'account_holder': 'Suresh B', 'account_number': '3210987654', 'ifsc': 'HDFC0006789', 'amount': '18000'}"
"Transfer 12000, IFSC ICIC0005678",bank_transfer,"{'amount': '12000', 'ifsc': 'ICIC0005678'}"
send ₹3120 to johnny.,send money,"{'recipient': 'johnny', 'amount': '₹3120'}"
make a payment of ₹393 to xyz@okhdfcbank.,send money,"{'amount': '₹393', 'upi_id': 'xyz@okhdfcbank'}"
send ₹156 to robert.,send money,"{'recipient': 'robert', 'amount': '₹156'}"
"Deposit 3000, acc no 7412589630",bank_transfer,"{'amount': '3000', 'account_number': '7412589630'}"
send cash to my dad.,send money,{'recipient': 'dad'}
"Deposit 3000, acc no 7412589630",bank_transfer,"{'amount': '3000', 'account_number': '7412589630'}"
"Pay to Mohit Jain, IFSC KKBK0004567",bank_transfer,"{'account_holder': 'Mohit Jain', 'ifsc': 'KKBK0004567'}"
send ₹3970 to johnny.,send money,"{'recipient': 'johnny', 'amount': '₹3970'}"
pay johnny using someone@ybl.,send money,"{'recipient': 'johnny', 'upi_id': 'someone@ybl'}"
send money to 98765 43210.,send money,{'phone_number': '98765 43210'}
"Send 15000 to Priya Patil, account 9876543210, IFSC ICIC0005678",bank_transfer,"{'account_holder': 'Priya Patil', 'account_number': '9876543210', 'ifsc': 'ICIC0005678', 'amount': '15000'}"
"Pay to Mohit Jain, IFSC KKBK0004567",bank_transfer,"{'account_holder': 'Mohit Jain', 'ifsc': 'KKBK0004567'}"
"Send 7500 to Ramesh Kumar, account 6543210987, IFSC PNB0012345",bank_transfer,"{'account_holder': 'Ramesh Kumar', 'account_number': '6543210987', 'ifsc': 'PNB0012345', 'amount': '7500'}"
make a payment of ₹1133 to abc@paytm.,send money,"{'amount': '₹1133', 'upi_id': 'abc@paytm'}"
"Send 7500 to Ramesh Kumar, account 6543210987, IFSC PNB0012345",bank_transfer,"{'account_holder': 'Ramesh Kumar', 'account_number': '6543210987', 'ifsc': 'PNB0012345', 'amount': '7500'}"
pay rob using someone@ybl.,send money,"{'recipient': 'rob', 'upi_id': 'someone@ybl'}"
send money to 98765 43210.,send money,{'phone_number': '98765 43210'}
Deposit to IFSC SBIN0012345,bank_transfer,{'ifsc': 'SBIN0012345'}
"Pay to Mohit Jain, IFSC KKBK0004567",bank_transfer,"{'account_holder': 'Mohit Jain', 'ifsc': 'KKBK0004567'}"
send money to 9123456789.,send money,{'phone_number': '9123456789'}
"Transfer to account 1234567890, IFSC HDFC0001234",bank_transfer,"{'account_number': '1234567890', 'ifsc': 'HDFC0001234'}"
pay johnny using xyz@okhdfcbank.,send money,"{'recipient': 'johnny', 'upi_id': 'xyz@okhdfcbank'}"
"Pay 5600 to account 9638527410, IFSC SBIN0023456, holder Rajesh Verma",bank_transfer,"{'account_holder': 'Rajesh Verma', 'account_number': '9638527410', 'ifsc': 'SBIN0023456', 'amount': '5600'}"
"Pay 3200 to account 4561237890, IFSC SBIN0012345, holder name Kunal Mehta",bank_transfer,"{'account_holder': 'Kunal Mehta', 'account_number': '4561237890', 'ifsc': 'SBIN0012345', 'amount': '3200'}"
pay bob smith using abc@paytm.,send money,"{'recipient': 'bob smith', 'upi_id': 'abc@paytm'}"
send money to +91 9876543210.,send money,{'phone_number': '+91 9876543210'}
"Send 7500 to Ramesh Kumar, account 6543210987, IFSC PNB0012345",bank_transfer,"{'account_holder': 'Ramesh Kumar', 'account_number': '6543210987', 'ifsc': 'PNB0012345', 'amount': '7500'}"
"Transfer 5000 to Rahul Sharma, account 1234567890, IFSC HDFC0001234",bank_transfer,"{'account_holder': 'Rahul Sharma', 'account_number': '1234567890', 'ifsc': 'HDFC0001234', 'amount': '5000'}"
pay robert using random@oksbi.,send money,"{'recipient': 'robert', 'upi_id': 'random@oksbi'}"
send money to +91 9876543210.,send money,{'phone_number': '+91 9876543210'}
pay john doe using someone@ybl.,send money,"{'recipient': 'john doe', 'upi_id': 'someone@ybl'}"
transfer ₹4174 to xyz@okhdfcbank.,send money,"{'upi_id': 'xyz@okhdfcbank', 'amount': '₹4174'}"
"Deposit 999 to Mohit Jain, acc 7412589630, IFSC KKBK0004567",bank_transfer,"{'account_holder': 'Mohit Jain', 'account_number': '7412589630', 'ifsc': 'KKBK0004567', 'amount': '999'}"
"Send 15000 to Priya Patil, account 9876543210, IFSC ICIC0005678",bank_transfer,"{'account_holder': 'Priya Patil', 'account_number': '9876543210', 'ifsc': 'ICIC0005678', 'amount': '15000'}"
"Transfer 12000, IFSC ICIC0005678",bank_transfer,"{'amount': '12000', 'ifsc': 'ICIC0005678'}"
Pay to account 9876543210,bank_transfer,{'account_number': '9876543210'}
transfer ₹3620 to someone@ybl.,send money,"{'upi_id': 'someone@ybl', 'amount': '₹3620'}"
"Transfer 5000 to Rahul Sharma, account 1234567890, IFSC HDFC0001234",bank_transfer,"{'account_holder': 'Rahul Sharma', 'account_number': '1234567890', 'ifsc': 'HDFC0001234', 'amount': '5000'}"
make a payment of ₹1636 to someone@ybl.,send money,"{'amount': '₹1636', 'upi_id': 'someone@ybl'}"
send money to 98765 43210.,send money,{'phone_number': '98765 43210'}
Deposit to IFSC SBIN0012345,bank_transfer,{'ifsc': 'SBIN0012345'}
Deposit to IFSC SBIN0012345,bank_transfer,{'ifsc': 'SBIN0012345'}
can you send this amount to john?,send money,{'recipient': 'john'}
"Deposit 999 to Mohit Jain, acc 7412589630, IFSC KKBK0004567",bank_transfer,"{'account_holder': 'Mohit Jain', 'account_number': '7412589630', 'ifsc': 'KKBK0004567', 'amount': '999'}"
send ₹4896 to jon.,send money,"{'recipient': 'jon', 'amount': '₹4896'}"
Pay to account 9876543210,bank_transfer,{'account_number': '9876543210'}
transfer ₹4204 to random@oksbi.,send money,"{'upi_id': 'random@oksbi', 'amount': '₹4204'}"
"Transfer 5000 to Rahul Sharma, account 1234567890, IFSC HDFC0001234",bank_transfer,"{'account_holder': 'Rahul Sharma', 'account_number': '1234567890', 'ifsc': 'HDFC0001234', 'amount': '5000'}"
make a payment of ₹4454 to xyz@okhdfcbank.,send money,"{'amount': '₹4454', 'upi_id': 'xyz@okhdfcbank'}"
send cash to my dad.,send money,{'recipient': 'dad'}
pay rob using someone@ybl.,send money,"{'recipient': 'rob', 'upi_id': 'someone@ybl'}"
make a payment of ₹2911 to xyz@okhdfcbank.,send money,"{'amount': '₹2911', 'upi_id': 'xyz@okhdfcbank'}"
pay johnny using user@upi.,send money,"{'recipient': 'johnny', 'upi_id': 'user@upi'}"
"Pay to Mohit Jain, IFSC KKBK0004567",bank_transfer,"{'account_holder': 'Mohit Jain', 'ifsc': 'KKBK0004567'}"
Send 4500 to Rahul Sharma,bank_transfer,"{'account_holder': 'Rahul Sharma', 'amount': '4500'}"
"Send 7500 to Ramesh Kumar, account 6543210987, IFSC PNB0012345",bank_transfer,"{'account_holder': 'Ramesh Kumar', 'account_number': '6543210987', 'ifsc': 'PNB0012345', 'amount': '7500'}"
i need to pay my sister.,send money,{'recipient': 'sister'}
pay rob using someone@ybl.,send money,"{'recipient': 'rob', 'upi_id': 'someone@ybl'}"
Pay to account 9876543210,bank_transfer,{'account_number': '9876543210'}
"Pay 5600 to account 9638527410, IFSC SBIN0023456, holder Rajesh Verma",bank_transfer,"{'account_holder': 'Rajesh Verma', 'account_number': '9638527410', 'ifsc': 'SBIN0023456', 'amount': '5600'}"
send ₹4298 to johnny.,send money,"{'recipient': 'johnny', 'amount': '₹4298'}"
Deposit to IFSC SBIN0012345,bank_transfer,{'ifsc': 'SBIN0012345'}
send money to +91 9876543210.,send money,{'phone_number': '+91 9876543210'}
pay johnny using abc@paytm.,send money,"{'recipient': 'johnny', 'upi_id': 'abc@paytm'}"
"Deposit 2500 to account 7890123456, IFSC AXIS0007890, holder Neha Gupta",bank_transfer,"{'account_holder': 'Neha Gupta', 'account_number': '7890123456', 'ifsc': 'AXIS0007890', 'amount': '2500'}"
"Send money to Priya Patil, acc 3210987654",bank_transfer,"{'account_holder': 'Priya Patil', 'account_number': '3210987654'}"
"Send 15000 to Priya Patil, account 9876543210, IFSC ICIC0005678",bank_transfer,"{'account_holder': 'Priya Patil', 'account_number': '9876543210', 'ifsc': 'ICIC0005678', 'amount': '15000'}"
"Pay 3200 to account 4561237890, IFSC SBIN0012345, holder name Kunal Mehta",bank_transfer,"{'account_holder': 'Kunal Mehta', 'account_number': '4561237890', 'ifsc': 'SBIN0012345', 'amount': '3200'}"
"Pay 5600 to account 9638527410, IFSC SBIN0023456, holder Rajesh Verma",bank_transfer,"{'account_holder': 'Rajesh Verma', 'account_number': '9638527410', 'ifsc': 'SBIN0023456', 'amount': '5600'}"
transfer ₹2413 to abc@paytm.,send money,"{'upi_id': 'abc@paytm', 'amount': '₹2413'}"
send money to +91 9876543210.,send money,{'phone_number': '+91 9876543210'}
"Transfer 18000 to Suresh B, acc no 3210987654, IFSC HDFC0006789",bank_transfer,"{'account_holder': 'Suresh B', 'account_number': '3210987654', 'ifsc': 'HDFC0006789', 'amount': '18000'}"
"Pay 3200 to account 4561237890, IFSC SBIN0012345, holder name Kunal Mehta",bank_transfer,"{'account_holder': 'Kunal Mehta', 'account_number': '4561237890', 'ifsc': 'SBIN0012345', 'amount': '3200'}"
"Send 15000 to Priya Patil, account 9876543210, IFSC ICIC0005678",bank_transfer,"{'account_holder': 'Priya Patil', 'account_number': '9876543210', 'ifsc': 'ICIC0005678', 'amount': '15000'}"
"Deposit 999 to Mohit Jain, acc 7412589630, IFSC KKBK0004567",bank_transfer,"{'account_holder': 'Mohit Jain', 'account_number': '7412589630', 'ifsc': 'KKBK0004567', 'amount': '999'}"
"Transfer 12000, IFSC ICIC0005678",bank_transfer,"{'amount': '12000', 'ifsc': 'ICIC0005678'}"
Pay to account 9876543210,bank_transfer,{'account_number': '9876543210'}
send money to 9123456789.,send money,{'phone_number': '9123456789'}
"Transfer to account 1234567890, IFSC HDFC0001234",bank_transfer,"{'account_number': '1234567890', 'ifsc': 'HDFC0001234'}"
can you send this amount to john?,send money,{'recipient': 'john'}
"Pay to Mohit Jain, IFSC KKBK0004567",bank_transfer,"{'account_holder': 'Mohit Jain', 'ifsc': 'KKBK0004567'}"
how can i transfer $200?,send money,{'amount': '$200'}
send money to 9123456789.,send money,{'phone_number': '9123456789'}
pay bob smith using xyz@okhdfcbank.,send money,"{'recipient': 'bob smith', 'upi_id': 'xyz@okhdfcbank'}"
send money to 9123456789.,send money,{'phone_number': '9123456789'}
transfer ₹1740 to random@oksbi.,send money,"{'upi_id': 'random@oksbi', 'amount': '₹1740'}"
how can i transfer $200?,send money,{'amount': '$200'}
"Transfer 18000 to Suresh B, acc no 3210987654, IFSC HDFC0006789",bank_transfer,"{'account_holder': 'Suresh B', 'account_number': '3210987654', 'ifsc': 'HDFC0006789', 'amount': '18000'}"
"Transfer 5000 to Rahul Sharma, account 1234567890, IFSC HDFC0001234",bank_transfer,"{'account_holder': 'Rahul Sharma', 'account_number': '1234567890', 'ifsc': 'HDFC0001234', 'amount': '5000'}"
pay rob using user@upi.,send money,"{'recipient': 'rob', 'upi_id': 'user@upi'}"
send money to 9123456789.,send money,{'phone_number': '9123456789'}
"Deposit 2500 to account 7890123456, IFSC AXIS0007890, holder Neha Gupta",bank_transfer,"{'account_holder': 'Neha Gupta', 'account_number': '7890123456', 'ifsc': 'AXIS0007890', 'amount': '2500'}"
send ₹1502 to johnny.,send money,"{'recipient': 'johnny', 'amount': '₹1502'}"
make a payment of ₹3829 to someone@ybl.,send money,"{'amount': '₹3829', 'upi_id': 'someone@ybl'}"
"Transfer to account 1234567890, IFSC HDFC0001234",bank_transfer,"{'account_number': '1234567890', 'ifsc': 'HDFC0001234'}"
pay alice using abc@paytm.,send money,"{'recipient': 'alice', 'upi_id': 'abc@paytm'}"
"Pay 5600 to account 9638527410, IFSC SBIN0023456, holder Rajesh Verma",bank_transfer,"{'account_holder': 'Rajesh Verma', 'account_number': '9638527410', 'ifsc': 'SBIN0023456', 'amount': '5600'}"
transfer ₹1223 to xyz@okhdfcbank.,send money,"{'upi_id': 'xyz@okhdfcbank', 'amount': '₹1223'}"
"Deposit 2500 to account 7890123456, IFSC AXIS0007890, holder Neha Gupta",bank_transfer,"{'account_holder': 'Neha Gupta', 'account_number': '7890123456', 'ifsc': 'AXIS0007890', 'amount': '2500'}"
make a payment of ₹1110 to random@oksbi.,send money,"{'amount': '₹1110', 'upi_id': 'random@oksbi'}"
transfer ₹4830 to xyz@okhdfcbank.,send money,"{'upi_id': 'xyz@okhdfcbank', 'amount': '₹4830'}"
pay robert using random@oksbi.,send money,"{'recipient': 'robert', 'upi_id': 'random@oksbi'}"
"Pay to Mohit Jain, IFSC KKBK0004567",bank_transfer,"{'account_holder': 'Mohit Jain', 'ifsc': 'KKBK0004567'}"
send ₹770 to johnny.,send money,"{'recipient': 'johnny', 'amount': '₹770'}"
Send 4500 to Rahul Sharma,bank_transfer,"{'account_holder': 'Rahul Sharma', 'amount': '4500'}"
send ₹4489 to alice.,send money,"{'recipient': 'alice', 'amount': '₹4489'}"
pay rob using someone@ybl.,send money,"{'recipient': 'rob', 'upi_id': 'someone@ybl'}"
Deposit to IFSC SBIN0012345,bank_transfer,{'ifsc': 'SBIN0012345'}
"Transfer 5000 to Rahul Sharma, account 1234567890, IFSC HDFC0001234",bank_transfer,"{'account_holder': 'Rahul Sharma', 'account_number': '1234567890', 'ifsc': 'HDFC0001234', 'amount': '5000'}"
send money to 9123456789.,send money,{'phone_number': '9123456789'}
Pay to account 9876543210,bank_transfer,{'account_number': '9876543210'}
make a payment of ₹4586 to abc@paytm.,send money,"{'amount': '₹4586', 'upi_id': 'abc@paytm'}"
send $50 to john.,send money,"{'amount': '$50', 'recipient': 'john'}"
Pay to account 9876543210,bank_transfer,{'account_number': '9876543210'}
"Transfer 5000 to Rahul Sharma, account 1234567890, IFSC HDFC0001234",bank_transfer,"{'account_holder': 'Rahul Sharma', 'account_number': '1234567890', 'ifsc': 'HDFC0001234', 'amount': '5000'}"
transfer ₹3593 to abc@paytm.,send money,"{'upi_id': 'abc@paytm', 'amount': '₹3593'}"
"Deposit 2500 to account 7890123456, IFSC AXIS0007890, holder Neha Gupta",bank_transfer,"{'account_holder': 'Neha Gupta', 'account_number': '7890123456', 'ifsc': 'AXIS0007890', 'amount': '2500'}"
"Deposit 999 to Mohit Jain, acc 7412589630, IFSC KKBK0004567",bank_transfer,"{'account_holder': 'Mohit Jain', 'account_number': '7412589630', 'ifsc': 'KKBK0004567', 'amount': '999'}"
"Deposit 3000, acc no 7412589630",bank_transfer,"{'amount': '3000', 'account_number': '7412589630'}"
"Deposit 999 to Mohit Jain, acc 7412589630, IFSC KKBK0004567",bank_transfer,"{'account_holder': 'Mohit Jain', 'account_number': '7412589630', 'ifsc': 'KKBK0004567', 'amount': '999'}"
transfer ₹2148 to abc@paytm.,send money,"{'upi_id': 'abc@paytm', 'amount': '₹2148'}"
"Pay 3200 to account 4561237890, IFSC SBIN0012345, holder name Kunal Mehta",bank_transfer,"{'account_holder': 'Kunal Mehta', 'account_number': '4561237890', 'ifsc': 'SBIN0012345', 'amount': '3200'}"
transfer ₹1106 to xyz@okhdfcbank.,send money,"{'upi_id': 'xyz@okhdfcbank', 'amount': '₹1106'}"
Send 4500 to Rahul Sharma,bank_transfer,"{'account_holder': 'Rahul Sharma', 'amount': '4500'}"
Send 4500 to Rahul Sharma,bank_transfer,"{'account_holder': 'Rahul Sharma', 'amount': '4500'}"
"Deposit 999 to Mohit Jain, acc 7412589630, IFSC KKBK0004567",bank_transfer,"{'account_holder': 'Mohit Jain', 'account_number': '7412589630', 'ifsc': 'KKBK0004567', 'amount': '999'}"
"Pay to Mohit Jain, IFSC KKBK0004567",bank_transfer,"{'account_holder': 'Mohit Jain', 'ifsc': 'KKBK0004567'}"
pay robert using someone@ybl.,send money,"{'recipient': 'robert', 'upi_id': 'someone@ybl'}"
"Pay 5600 to account 9638527410, IFSC SBIN0023456, holder Rajesh Verma",bank_transfer,"{'account_holder': 'Rajesh Verma', 'account_number': '9638527410', 'ifsc': 'SBIN0023456', 'amount': '5600'}"
"Transfer 12000, IFSC ICIC0005678",bank_transfer,"{'amount': '12000', 'ifsc': 'ICIC0005678'}"
send ₹3432 to john doe.,send money,"{'recipient': 'john doe', 'amount': '₹3432'}"
"Send money to Priya Patil, acc 3210987654",bank_transfer,"{'account_holder': 'Priya Patil', 'account_number': '3210987654'}"
make a payment of ₹2282 to user@upi.,send money,"{'amount': '₹2282', 'upi_id': 'user@upi'}"
"Deposit 2500 to account 7890123456, IFSC AXIS0007890, holder Neha Gupta",bank_transfer,"{'account_holder': 'Neha Gupta', 'account_number': '7890123456', 'ifsc': 'AXIS0007890', 'amount': '2500'}"
"Deposit 2500 to account 7890123456, IFSC AXIS0007890, holder Neha Gupta",bank_transfer,"{'account_holder': 'Neha Gupta', 'account_number': '7890123456', 'ifsc': 'AXIS0007890', 'amount': '2500'}"
"Pay 3200 to account 4561237890, IFSC SBIN0012345, holder name Kunal Mehta",bank_transfer,"{'account_holder': 'Kunal Mehta', 'account_number': '4561237890', 'ifsc': 'SBIN0012345', 'amount': '3200'}"
can you send this amount to john?,send money,{'recipient': 'john'}
transfer ₹4392 to abc@paytm.,send money,"{'upi_id': 'abc@paytm', 'amount': '₹4392'}"
"Transfer to account 1234567890, IFSC HDFC0001234",bank_transfer,"{'account_number': '1234567890', 'ifsc': 'HDFC0001234'}"
pay bob smith using someone@ybl.,send money,"{'recipient': 'bob smith', 'upi_id': 'someone@ybl'}"
send money to +91 9876543210.,send money,{'phone_number': '+91 9876543210'}
move $100 to my brother’s wallet.,send money,"{'amount': '$100', 'recipient': 'brother'}"
i need to pay my sister.,send money,{'recipient': 'sister'}
send money to +91 9876543210.,send money,{'phone_number': '+91 9876543210'}
pay jon using abc@paytm.,send money,"{'recipient': 'jon', 'upi_id': 'abc@paytm'}"
please pay this amount to my friend.,send money,{'recipient': 'friend'}
make a payment of ₹3058 to abc@paytm.,send money,"{'amount': '₹3058', 'upi_id': 'abc@paytm'}"
send ₹1920 to johnny.,send money,"{'recipient': 'johnny', 'amount': '₹1920'}"
transfer ₹4340 to random@oksbi.,send money,"{'upi_id': 'random@oksbi', 'amount': '₹4340'}"
send ₹2043 to robert.,send money,"{'recipient': 'robert', 'amount': '₹2043'}"
send money to 98765 43210.,send money,{'phone_number': '98765 43210'}
send ₹4521 to alice.,send money,"{'recipient': 'alice', 'amount': '₹4521'}"
"Pay to Mohit Jain, IFSC KKBK0004567",bank_transfer,"{'account_holder': 'Mohit Jain', 'ifsc': 'KKBK0004567'}"
send money to 98765 43210.,send money,{'phone_number': '98765 43210'}
"Pay to Mohit Jain, IFSC KKBK0004567",bank_transfer,"{'account_holder': 'Mohit Jain', 'ifsc': 'KKBK0004567'}"
send ₹2936 to bob smith.,send money,"{'recipient': 'bob smith', 'amount': '₹2936'}"
send money to 98765 43210.,send money,{'phone_number': '98765 43210'}
can you send money to my friend?,send money,{'recipient': 'friend'}
"Transfer to account 1234567890, IFSC HDFC0001234",bank_transfer,"{'account_number': '1234567890', 'ifsc': 'HDFC0001234'}"
transfer ₹521 to someone@ybl.,send money,"{'upi_id': 'someone@ybl', 'amount': '₹521'}"
send money to 98765 43210.,send money,{'phone_number': '98765 43210'}
"Pay 5600 to account 9638527410, IFSC SBIN0023456, holder Rajesh Verma",bank_transfer,"{'account_holder': 'Rajesh Verma', 'account_number': '9638527410', 'ifsc': 'SBIN0023456', 'amount': '5600'}"
send money to +91 9876543210.,send money,{'phone_number': '+91 9876543210'}
"Send 7500 to Ramesh Kumar, account 6543210987, IFSC PNB0012345",bank_transfer,"{'account_holder': 'Ramesh Kumar', 'account_number': '6543210987', 'ifsc': 'PNB0012345', 'amount': '7500'}"
send money to 9123456789.,send money,{'phone_number': '9123456789'}
"Pay to Mohit Jain, IFSC KKBK0004567",bank_transfer,"{'account_holder': 'Mohit Jain', 'ifsc': 'KKBK0004567'}"
send money to +91-7890123456.,send money,{'phone_number': '+91-7890123456'}
transfer ₹769 to someone@ybl.,send money,"{'upi_id': 'someone@ybl', 'amount': '₹769'}"
"Transfer to account 1234567890, IFSC HDFC0001234",bank_transfer,"{'account_number': '1234567890', 'ifsc': 'HDFC0001234'}"
"Deposit 999 to Mohit Jain, acc 7412589630, IFSC KKBK0004567",bank_transfer,"{'account_holder': 'Mohit Jain', 'account_number': '7412589630', 'ifsc': 'KKBK0004567', 'amount': '999'}"
"Deposit 2500 to account 7890123456, IFSC AXIS0007890, holder Neha Gupta",bank_transfer,"{'account_holder': 'Neha Gupta', 'account_number': '7890123456', 'ifsc': 'AXIS0007890', 'amount': '2500'}"
"Deposit 3000, acc no 7412589630",bank_transfer,"{'amount': '3000', 'account_number': '7412589630'}"
"Send 15000 to Priya Patil, account 9876543210, IFSC ICIC0005678",bank_transfer,"{'account_holder': 'Priya Patil', 'account_number': '9876543210', 'ifsc': 'ICIC0005678', 'amount': '15000'}"
make a payment of ₹497 to user@upi.,send money,"{'amount': '₹497', 'upi_id': 'user@upi'}"
Deposit to IFSC SBIN0012345,bank_transfer,{'ifsc': 'SBIN0012345'}
"Deposit 2500 to account 7890123456, IFSC AXIS0007890, holder Neha Gupta",bank_transfer,"{'account_holder': 'Neha Gupta', 'account_number': '7890123456', 'ifsc': 'AXIS0007890', 'amount': '2500'}"
send money to 98765 43210.,send money,{'phone_number': '98765 43210'}
transfer ₹4260 to user@upi.,send money,"{'upi_id': 'user@upi', 'amount': '₹4260'}"
"Pay 5600 to account 9638527410, IFSC SBIN0023456, holder Rajesh Verma",bank_transfer,"{'account_holder': 'Rajesh Verma', 'account_number': '9638527410', 'ifsc': 'SBIN0023456', 'amount': '5600'}"
"Send 7500 to Ramesh Kumar, account 6543210987, IFSC PNB0012345",bank_transfer,"{'account_holder': 'Ramesh Kumar', 'account_number': '6543210987', 'ifsc': 'PNB0012345', 'amount': '7500'}"
"Pay 5600 to account 9638527410, IFSC SBIN0023456, holder Rajesh Verma",bank_transfer,"{'account_holder': 'Rajesh Verma', 'account_number': '9638527410', 'ifsc': 'SBIN0023456', 'amount': '5600'}"
send money to +91 9876543210.,send money,{'phone_number': '+91 9876543210'}
"Send money to Priya Patil, acc 3210987654",bank_transfer,"{'account_holder': 'Priya Patil', 'account_number': '3210987654'}"
send $50 to john.,send money,"{'amount': '$50', 'recipient': 'john'}"
send money to 9123456789.,send money,{'phone_number': '9123456789'}
send ₹776 to john doe.,send money,"{'recipient': 'john doe', 'amount': '₹776'}"
"Transfer 12000, IFSC ICIC0005678",bank_transfer,"{'amount': '12000', 'ifsc': 'ICIC0005678'}"
"Pay 3200 to account 4561237890, IFSC SBIN0012345, holder name Kunal Mehta",bank_transfer,"{'account_holder': 'Kunal Mehta', 'account_number': '4561237890', 'ifsc': 'SBIN0012345', 'amount': '3200'}"
send money to 98765 43210.,send money,{'phone_number': '98765 43210'}
"Deposit 999 to Mohit Jain, acc 7412589630, IFSC KKBK0004567",bank_transfer,"{'account_holder': 'Mohit Jain', 'account_number': '7412589630', 'ifsc': 'KKBK0004567', 'amount': '999'}"
"Pay 5600 to account 9638527410, IFSC SBIN0023456, holder Rajesh Verma",bank_transfer,"{'account_holder': 'Rajesh Verma', 'account_number': '9638527410', 'ifsc': 'SBIN0023456', 'amount': '5600'}"
"Transfer 12000, IFSC ICIC0005678",bank_transfer,"{'amount': '12000', 'ifsc': 'ICIC0005678'}"
"Deposit 999 to Mohit Jain, acc 7412589630, IFSC KKBK0004567",bank_transfer,"{'account_holder': 'Mohit Jain', 'account_number': '7412589630', 'ifsc': 'KKBK0004567', 'amount': '999'}"
"Transfer 12000, IFSC ICIC0005678",bank_transfer,"{'amount': '12000', 'ifsc': 'ICIC0005678'}"
send money to +91-7890123456.,send money,{'phone_number': '+91-7890123456'}
"Pay to Mohit Jain, IFSC KKBK0004567",bank_transfer,"{'account_holder': 'Mohit Jain', 'ifsc': 'KKBK0004567'}"
make a payment of ₹2884 to someone@ybl.,send money,"{'amount': '₹2884', 'upi_id': 'someone@ybl'}"
send money to +91 9876543210.,send money,{'phone_number': '+91 9876543210'}
"Send 15000 to Priya Patil, account 9876543210, IFSC ICIC0005678",bank_transfer,"{'account_holder': 'Priya Patil', 'account_number': '9876543210', 'ifsc': 'ICIC0005678', 'amount': '15000'}"
transfer ₹2421 to xyz@okhdfcbank.,send money,"{'upi_id': 'xyz@okhdfcbank', 'amount': '₹2421'}"
send money to +91-7890123456.,send money,{'phone_number': '+91-7890123456'}
send ₹596 to jon.,send money,"{'recipient': 'jon', 'amount': '₹596'}"
transfer ₹1199 to random@oksbi.,send money,"{'upi_id': 'random@oksbi', 'amount': '₹1199'}"
transfer ₹2577 to someone@ybl.,send money,"{'upi_id': 'someone@ybl', 'amount': '₹2577'}"
pay robert using abc@paytm.,send money,"{'recipient': 'robert', 'upi_id': 'abc@paytm'}"
send money to 98765 43210.,send money,{'phone_number': '98765 43210'}
Pay to account 9876543210,bank_transfer,{'account_number': '9876543210'}
"Transfer 5000 to Rahul Sharma, account 1234567890, IFSC HDFC0001234",bank_transfer,"{'account_holder': 'Rahul Sharma', 'account_number': '1234567890', 'ifsc': 'HDFC0001234', 'amount': '5000'}"
make a payment of ₹2483 to someone@ybl.,send money,"{'amount': '₹2483', 'upi_id': 'someone@ybl'}"
Deposit to IFSC SBIN0012345,bank_transfer,{'ifsc': 'SBIN0012345'}
send money to +91-7890123456.,send money,{'phone_number': '+91-7890123456'}
"Transfer 5000 to Rahul Sharma, account 1234567890, IFSC HDFC0001234",bank_transfer,"{'account_holder': 'Rahul Sharma', 'account_number': '1234567890', 'ifsc': 'HDFC0001234', 'amount': '5000'}"
pay john using abc@paytm.,send money,"{'recipient': 'john', 'upi_id': 'abc@paytm'}"
send money to +91 9876543210.,send money,{'phone_number': '+91 9876543210'}
"Deposit 3000, acc no 7412589630",bank_transfer,"{'amount': '3000', 'account_number': '7412589630'}"
"Deposit 999 to Mohit Jain, acc 7412589630, IFSC KKBK0004567",bank_transfer,"{'account_holder': 'Mohit Jain', 'account_number': '7412589630', 'ifsc': 'KKBK0004567', 'amount': '999'}"
transfer ₹3856 to xyz@okhdfcbank.,send money,"{'upi_id': 'xyz@okhdfcbank', 'amount': '₹3856'}"
"Transfer to account 1234567890, IFSC HDFC0001234",bank_transfer,"{'account_number': '1234567890', 'ifsc': 'HDFC0001234'}"
"Transfer 5000 to Rahul Sharma, account 1234567890, IFSC HDFC0001234",bank_transfer,"{'account_holder': 'Rahul Sharma', 'account_number': '1234567890', 'ifsc': 'HDFC0001234', 'amount': '5000'}"
"Transfer 12000, IFSC ICIC0005678",bank_transfer,"{'amount': '12000', 'ifsc': 'ICIC0005678'}"
pay rob using abc@paytm.,send money,"{'recipient': 'rob', 'upi_id': 'abc@paytm'}"
can you send money to my friend?,send money,{'recipient': 'friend'}
transfer ₹274 to someone@ybl.,send money,"{'upi_id': 'someone@ybl', 'amount': '₹274'}"
can you send this amount to john?,send money,{'recipient': 'john'}
Pay to account 9876543210,bank_transfer,{'account_number': '9876543210'}
pay robert using user@upi.,send money,"{'recipient': 'robert', 'upi_id': 'user@upi'}"
"Deposit 3000, acc no 7412589630",bank_transfer,"{'amount': '3000', 'account_number': '7412589630'}"
make a payment of ₹4426 to abc@paytm.,send money,"{'amount': '₹4426', 'upi_id': 'abc@paytm'}"
pay robert using random@oksbi.,send money,"{'recipient': 'robert', 'upi_id': 'random@oksbi'}"
"Deposit 3000, acc no 7412589630",bank_transfer,"{'amount': '3000', 'account_number': '7412589630'}"
make a payment of ₹968 to random@oksbi.,send money,"{'amount': '₹968', 'upi_id': 'random@oksbi'}"
send ₹2386 to rob.,send money,"{'recipient': 'rob', 'amount': '₹2386'}"
Send 4500 to Rahul Sharma,bank_transfer,"{'account_holder': 'Rahul Sharma', 'amount': '4500'}"
"Pay 5600 to account 9638527410, IFSC SBIN0023456, holder Rajesh Verma",bank_transfer,"{'account_holder': 'Rajesh Verma', 'account_number': '9638527410', 'ifsc': 'SBIN0023456', 'amount': '5600'}"
"Send money to Priya Patil, acc 3210987654",bank_transfer,"{'account_holder': 'Priya Patil', 'account_number': '3210987654'}"
Send 4500 to Rahul Sharma,bank_transfer,"{'account_holder': 'Rahul Sharma', 'amount': '4500'}"
send money to 9123456789.,send money,{'phone_number': '9123456789'}
"Pay 3200 to account 4561237890, IFSC SBIN0012345, holder name Kunal Mehta",bank_transfer,"{'account_holder': 'Kunal Mehta', 'account_number': '4561237890', 'ifsc': 'SBIN0012345', 'amount': '3200'}"
"Send 7500 to Ramesh Kumar, account 6543210987, IFSC PNB0012345",bank_transfer,"{'account_holder': 'Ramesh Kumar', 'account_number': '6543210987', 'ifsc': 'PNB0012345', 'amount': '7500'}"
pay alice using xyz@okhdfcbank.,send money,"{'recipient': 'alice', 'upi_id': 'xyz@okhdfcbank'}"
send ₹809 to alice.,send money,"{'recipient': 'alice', 'amount': '₹809'}"
"Deposit 2500 to account 7890123456, IFSC AXIS0007890, holder Neha Gupta",bank_transfer,"{'account_holder': 'Neha Gupta', 'account_number': '7890123456', 'ifsc': 'AXIS0007890', 'amount': '2500'}"
"Send 15000 to Priya Patil, account 9876543210, IFSC ICIC0005678",bank_transfer,"{'account_holder': 'Priya Patil', 'account_number': '9876543210', 'ifsc': 'ICIC0005678', 'amount': '15000'}"
Send 4500 to Rahul Sharma,bank_transfer,"{'account_holder': 'Rahul Sharma', 'amount': '4500'}"
"Transfer to account 1234567890, IFSC HDFC0001234",bank_transfer,"{'account_number': '1234567890', 'ifsc': 'HDFC0001234'}"
"Deposit 3000, acc no 7412589630",bank_transfer,"{'amount': '3000', 'account_number': '7412589630'}"
transfer ₹3284 to abc@paytm.,send money,"{'upi_id': 'abc@paytm', 'amount': '₹3284'}"
"Deposit 2500 to account 7890123456, IFSC AXIS0007890, holder Neha Gupta",bank_transfer,"{'account_holder': 'Neha Gupta', 'account_number': '7890123456', 'ifsc': 'AXIS0007890', 'amount': '2500'}"
can you send this amount to john?,send money,{'recipient': 'john'}
pay alice using random@oksbi.,send money,"{'recipient': 'alice', 'upi_id': 'random@oksbi'}"
"Send 7500 to Ramesh Kumar, account 6543210987, IFSC PNB0012345",bank_transfer,"{'account_holder': 'Ramesh Kumar', 'account_number': '6543210987', 'ifsc': 'PNB0012345', 'amount': '7500'}"
can you send money to my friend?,send money,{'recipient': 'friend'}
"Transfer 12000, IFSC ICIC0005678",bank_transfer,"{'amount': '12000', 'ifsc': 'ICIC0005678'}"
"Transfer 5000 to Rahul Sharma, account 1234567890, IFSC HDFC0001234",bank_transfer,"{'account_holder': 'Rahul Sharma', 'account_number': '1234567890', 'ifsc': 'HDFC0001234', 'amount': '5000'}"
can you send this amount to john?,send money,{'recipient': 'john'}
make a payment of ₹2926 to user@upi.,send money,"{'amount': '₹2926', 'upi_id': 'user@upi'}"
send ₹3620 to john doe.,send money,"{'recipient': 'john doe', 'amount': '₹3620'}"
"Send money to Priya Patil, acc 3210987654",bank_transfer,"{'account_holder': 'Priya Patil', 'account_number': '3210987654'}"
transfer ₹2856 to someone@ybl.,send money,"{'upi_id': 'someone@ybl', 'amount': '₹2856'}"
Pay to account 9876543210,bank_transfer,{'account_number': '9876543210'}
make a payment of ₹3485 to xyz@okhdfcbank.,send money,"{'amount': '₹3485', 'upi_id': 'xyz@okhdfcbank'}"
pay rob using someone@ybl.,send money,"{'recipient': 'rob', 'upi_id': 'someone@ybl'}"
"Pay 5600 to account 9638527410, IFSC SBIN0023456, holder Rajesh Verma",bank_transfer,"{'account_holder': 'Rajesh Verma', 'account_number': '9638527410', 'ifsc': 'SBIN0023456', 'amount': '5600'}"
send ₹4777 to john.,send money,"{'recipient': 'john', 'amount': '₹4777'}"
"Transfer 12000, IFSC ICIC0005678",bank_transfer,"{'amount': '12000', 'ifsc': 'ICIC0005678'}"
transfer ₹4742 to abc@paytm.,send money,"{'upi_id': 'abc@paytm', 'amount': '₹4742'}"
transfer ₹1936 to random@oksbi.,send money,"{'upi_id': 'random@oksbi', 'amount': '₹1936'}"
"Send money to Priya Patil, acc 3210987654",bank_transfer,"{'account_holder': 'Priya Patil', 'account_number': '3210987654'}"
"Transfer 5000 to Rahul Sharma, account 1234567890, IFSC HDFC0001234",bank_transfer,"{'account_holder': 'Rahul Sharma', 'account_number': '1234567890', 'ifsc': 'HDFC0001234', 'amount': '5000'}"
"Send 15000 to Priya Patil, account 9876543210, IFSC ICIC0005678",bank_transfer,"{'account_holder': 'Priya Patil', 'account_number': '9876543210', 'ifsc': 'ICIC0005678', 'amount': '15000'}"
send ₹4489 to alice.,send money,"{'recipient': 'alice', 'amount': '₹4489'}"
"Transfer 12000, IFSC ICIC0005678",bank_transfer,"{'amount': '12000', 'ifsc': 'ICIC0005678'}"
"Pay 5600 to account 9638527410, IFSC SBIN0023456, holder Rajesh Verma",bank_transfer,"{'account_holder': 'Rajesh Verma', 'account_number': '9638527410', 'ifsc': 'SBIN0023456', 'amount': '5600'}"
"Deposit 2500 to account 7890123456, IFSC AXIS0007890, holder Neha Gupta",bank_transfer,"{'account_holder': 'Neha Gupta', 'account_number': '7890123456', 'ifsc': 'AXIS0007890', 'amount': '2500'}"
make a payment of ₹2155 to abc@paytm.,send money,"{'amount': '₹2155', 'upi_id': 'abc@paytm'}"
transfer ₹1985 to someone@ybl.,send money,"{'upi_id': 'someone@ybl', 'amount': '₹1985'}"
Pay to account 9876543210,bank_transfer,{'account_number': '9876543210'}
send ₹3069 to robert.,send money,"{'recipient': 'robert', 'amount': '₹3069'}"
send money to 98765 43210.,send money,{'phone_number': '98765 43210'}
send ₹4854 to rob.,send money,"{'recipient': 'rob', 'amount': '₹4854'}"
send ₹2869 to robert.,send money,"{'recipient': 'robert', 'amount': '₹2869'}"
pay rob using someone@ybl.,send money,"{'recipient': 'rob', 'upi_id': 'someone@ybl'}"
"Transfer 18000 to Suresh B, acc no 3210987654, IFSC HDFC0006789",bank_transfer,"{'account_holder': 'Suresh B', 'account_number': '3210987654', 'ifsc': 'HDFC0006789', 'amount': '18000'}"
pay jon using someone@ybl.,send money,"{'recipient': 'jon', 'upi_id': 'someone@ybl'}"
move $100 to my brother’s wallet.,send money,"{'amount': '$100', 'recipient': 'brother'}"
Deposit to IFSC SBIN0012345,bank_transfer,{'ifsc': 'SBIN0012345'}
make a payment of ₹2481 to abc@paytm.,send money,"{'amount': '₹2481', 'upi_id': 'abc@paytm'}"
transfer ₹2426 to someone@ybl.,send money,"{'upi_id': 'someone@ybl', 'amount': '₹2426'}"
i need to pay my sister.,send money,{'recipient': 'sister'}
Deposit to IFSC SBIN0012345,bank_transfer,{'ifsc': 'SBIN0012345'}
send ₹3114 to rob.,send money,"{'recipient': 'rob', 'amount': '₹3114'}"
send money to +91-7890123456.,send money,{'phone_number': '+91-7890123456'}
transfer ₹553 to xyz@okhdfcbank.,send money,"{'upi_id': 'xyz@okhdfcbank', 'amount': '₹553'}"
make a payment of ₹4426 to abc@paytm.,send money,"{'amount': '₹4426', 'upi_id': 'abc@paytm'}"
make a payment of ₹3134 to xyz@okhdfcbank.,send money,"{'amount': '₹3134', 'upi_id': 'xyz@okhdfcbank'}"
"Transfer 5000 to Rahul Sharma, account 1234567890, IFSC HDFC0001234",bank_transfer,"{'account_holder': 'Rahul Sharma', 'account_number': '1234567890', 'ifsc': 'HDFC0001234', 'amount': '5000'}"
"Send 15000 to Priya Patil, account 9876543210, IFSC ICIC0005678",bank_transfer,"{'account_holder': 'Priya Patil', 'account_number': '9876543210', 'ifsc': 'ICIC0005678', 'amount': '15000'}"
please pay this amount to my friend.,send money,{'recipient': 'friend'}
make a payment of ₹2646 to someone@ybl.,send money,"{'amount': '₹2646', 'upi_id': 'someone@ybl'}"
"Pay to Mohit Jain, IFSC KKBK0004567",bank_transfer,"{'account_holder': 'Mohit Jain', 'ifsc': 'KKBK0004567'}"
"Send money to Priya Patil, acc 3210987654",bank_transfer,"{'account_holder': 'Priya Patil', 'account_number': '3210987654'}"
"Deposit 999 to Mohit Jain, acc 7412589630, IFSC KKBK0004567",bank_transfer,"{'account_holder': 'Mohit Jain', 'account_number': '7412589630', 'ifsc': 'KKBK0004567', 'amount': '999'}"
pay rob using someone@ybl.,send money,"{'recipient': 'rob', 'upi_id': 'someone@ybl'}"
"Pay 5600 to account 9638527410, IFSC SBIN0023456, holder Rajesh Verma",bank_transfer,"{'account_holder': 'Rajesh Verma', 'account_number': '9638527410', 'ifsc': 'SBIN0023456', 'amount': '5600'}"
how can i transfer $200?,send money,{'amount': '$200'}
"Transfer 12000, IFSC ICIC0005678",bank_transfer,"{'amount': '12000', 'ifsc': 'ICIC0005678'}"
pay john doe using abc@paytm.,send money,"{'recipient': 'john doe', 'upi_id': 'abc@paytm'}"
"Send 7500 to Ramesh Kumar, account 6543210987, IFSC PNB0012345",bank_transfer,"{'account_holder': 'Ramesh Kumar', 'account_number': '6543210987', 'ifsc': 'PNB0012345', 'amount': '7500'}"
"Transfer 12000, IFSC ICIC0005678",bank_transfer,"{'amount': '12000', 'ifsc': 'ICIC0005678'}"
"Transfer 12000, IFSC ICIC0005678",bank_transfer,"{'amount': '12000', 'ifsc': 'ICIC0005678'}"
"Deposit 999 to Mohit Jain, acc 7412589630, IFSC KKBK0004567",bank_transfer,"{'account_holder': 'Mohit Jain', 'account_number': '7412589630', 'ifsc': 'KKBK0004567', 'amount': '999'}"
transfer ₹3846 to random@oksbi.,send money,"{'upi_id': 'random@oksbi', 'amount': '₹3846'}"
send ₹3046 to john.,send money,"{'recipient': 'john', 'amount': '₹3046'}"
"Pay 5600 to account 9638527410, IFSC SBIN0023456, holder Rajesh Verma",bank_transfer,"{'account_holder': 'Rajesh Verma', 'account_number': '9638527410', 'ifsc': 'SBIN0023456', 'amount': '5600'}"
"Send 15000 to Priya Patil, account 9876543210, IFSC ICIC0005678",bank_transfer,"{'account_holder': 'Priya Patil', 'account_number': '9876543210', 'ifsc': 'ICIC0005678', 'amount': '15000'}"
"Send 15000 to Priya Patil, account 9876543210, IFSC ICIC0005678",bank_transfer,"{'account_holder': 'Priya Patil', 'account_number': '9876543210', 'ifsc': 'ICIC0005678', 'amount': '15000'}"
"Transfer to account 1234567890, IFSC HDFC0001234",bank_transfer,"{'account_number': '1234567890', 'ifsc': 'HDFC0001234'}"
"Send 15000 to Priya Patil, account 9876543210, IFSC ICIC0005678",bank_transfer,"{'account_holder': 'Priya Patil', 'account_number': '9876543210', 'ifsc': 'ICIC0005678', 'amount': '15000'}"
"Pay 3200 to account 4561237890, IFSC SBIN0012345, holder name Kunal Mehta",bank_transfer,"{'account_holder': 'Kunal Mehta', 'account_number': '4561237890', 'ifsc': 'SBIN0012345', 'amount': '3200'}"
send ₹956 to john doe.,send money,"{'recipient': 'john doe', 'amount': '₹956'}"
transfer ₹1953 to xyz@okhdfcbank.,send money,"{'upi_id': 'xyz@okhdfcbank', 'amount': '₹1953'}"
"Transfer to account 1234567890, IFSC HDFC0001234",bank_transfer,"{'account_number': '1234567890', 'ifsc': 'HDFC0001234'}"
"Transfer 18000 to Suresh B, acc no 3210987654, IFSC HDFC0006789",bank_transfer,"{'account_holder': 'Suresh B', 'account_number': '3210987654', 'ifsc': 'HDFC0006789', 'amount': '18000'}"
"Pay 3200 to account 4561237890, IFSC SBIN0012345, holder name Kunal Mehta",bank_transfer,"{'account_holder': 'Kunal Mehta', 'account_number': '4561237890', 'ifsc': 'SBIN0012345', 'amount': '3200'}"
"Pay 5600 to account 9638527410, IFSC SBIN0023456, holder Rajesh Verma",bank_transfer,"{'account_holder': 'Rajesh Verma', 'account_number': '9638527410', 'ifsc': 'SBIN0023456', 'amount': '5600'}"
"Transfer 5000 to Rahul Sharma, account 1234567890, IFSC HDFC0001234",bank_transfer,"{'account_holder': 'Rahul Sharma', 'account_number': '1234567890', 'ifsc': 'HDFC0001234', 'amount': '5000'}"
"Transfer to account 1234567890, IFSC HDFC0001234",bank_transfer,"{'account_number': '1234567890', 'ifsc': 'HDFC0001234'}"
transfer ₹3713 to abc@paytm.,send money,"{'upi_id': 'abc@paytm', 'amount': '₹3713'}"
make a payment of ₹1457 to xyz@okhdfcbank.,send money,"{'amount': '₹1457', 'upi_id': 'xyz@okhdfcbank'}"
"Send 7500 to Ramesh Kumar, account 6543210987, IFSC PNB0012345",bank_transfer,"{'account_holder': 'Ramesh Kumar', 'account_number': '6543210987', 'ifsc': 'PNB0012345', 'amount': '7500'}"
make a payment of ₹1265 to abc@paytm.,send money,"{'amount': '₹1265', 'upi_id': 'abc@paytm'}"
make a payment of ₹4991 to abc@paytm.,send money,"{'amount': '₹4991', 'upi_id': 'abc@paytm'}"
can you send this amount to john?,send money,{'recipient': 'john'}
send ₹2869 to robert.,send money,"{'recipient': 'robert', 'amount': '₹2869'}"
"Pay to Mohit Jain, IFSC KKBK0004567",bank_transfer,"{'account_holder': 'Mohit Jain', 'ifsc': 'KKBK0004567'}"
"Deposit 2500 to account 7890123456, IFSC AXIS0007890, holder Neha Gupta",bank_transfer,"{'account_holder': 'Neha Gupta', 'account_number': '7890123456', 'ifsc': 'AXIS0007890', 'amount': '2500'}"
"Transfer to account 1234567890, IFSC HDFC0001234",bank_transfer,"{'account_number': '1234567890', 'ifsc': 'HDFC0001234'}"
"Pay to Mohit Jain, IFSC KKBK0004567",bank_transfer,"{'account_holder': 'Mohit Jain', 'ifsc': 'KKBK0004567'}"
"Transfer to account 1234567890, IFSC HDFC0001234",bank_transfer,"{'account_number': '1234567890', 'ifsc': 'HDFC0001234'}"
"Send 7500 to Ramesh Kumar, account 6543210987, IFSC PNB0012345",bank_transfer,"{'account_holder': 'Ramesh Kumar', 'account_number': '6543210987', 'ifsc': 'PNB0012345', 'amount': '7500'}"
transfer ₹1454 to xyz@okhdfcbank.,send money,"{'upi_id': 'xyz@okhdfcbank', 'amount': '₹1454'}"
send money to 9123456789.,send money,{'phone_number': '9123456789'}
"Send 7500 to Ramesh Kumar, account 6543210987, IFSC PNB0012345",bank_transfer,"{'account_holder': 'Ramesh Kumar', 'account_number': '6543210987', 'ifsc': 'PNB0012345', 'amount': '7500'}"
"Send 15000 to Priya Patil, account 9876543210, IFSC ICIC0005678",bank_transfer,"{'account_holder': 'Priya Patil', 'account_number': '9876543210', 'ifsc': 'ICIC0005678', 'amount': '15000'}"
send money to 98765 43210.,send money,{'phone_number': '98765 43210'}
"Transfer 5000 to Rahul Sharma, account 1234567890, IFSC HDFC0001234",bank_transfer,"{'account_holder': 'Rahul Sharma', 'account_number': '1234567890', 'ifsc': 'HDFC0001234', 'amount': '5000'}"
transfer funds to my friend.,send money,{'recipient': 'friend'}
"Transfer 12000, IFSC ICIC0005678",bank_transfer,"{'amount': '12000', 'ifsc': 'ICIC0005678'}"
send ₹1319 to bob smith.,send money,"{'recipient': 'bob smith', 'amount': '₹1319'}"
move $100 to my brother’s wallet.,send money,"{'amount': '$100', 'recipient': 'brother'}"
Deposit to IFSC SBIN0012345,bank_transfer,{'ifsc': 'SBIN0012345'}
"Transfer to account 1234567890, IFSC HDFC0001234",bank_transfer,"{'account_number': '1234567890', 'ifsc': 'HDFC0001234'}"
"Deposit 3000, acc no 7412589630",bank_transfer,"{'amount': '3000', 'account_number': '7412589630'}"
"Transfer 12000, IFSC ICIC0005678",bank_transfer,"{'amount': '12000', 'ifsc': 'ICIC0005678'}"
"Transfer 5000 to Rahul Sharma, account 1234567890, IFSC HDFC0001234",bank_transfer,"{'account_holder': 'Rahul Sharma', 'account_number': '1234567890', 'ifsc': 'HDFC0001234', 'amount': '5000'}"
"Pay 5600 to account 9638527410, IFSC SBIN0023456, holder Rajesh Verma",bank_transfer,"{'account_holder': 'Rajesh Verma', 'account_number': '9638527410', 'ifsc': 'SBIN0023456', 'amount': '5600'}"
pay jon using random@oksbi.,send money,"{'recipient': 'jon', 'upi_id': 'random@oksbi'}"
"Transfer 5000 to Rahul Sharma, account 1234567890, IFSC HDFC0001234",bank_transfer,"{'account_holder': 'Rahul Sharma', 'account_number': '1234567890', 'ifsc': 'HDFC0001234', 'amount': '5000'}"
send ₹2279 to johnny.,send money,"{'recipient': 'johnny', 'amount': '₹2279'}"
pay john doe using xyz@okhdfcbank.,send money,"{'recipient': 'john doe', 'upi_id': 'xyz@okhdfcbank'}"
Send 4500 to Rahul Sharma,bank_transfer,"{'account_holder': 'Rahul Sharma', 'amount': '4500'}"
make a payment of ₹618 to someone@ybl.,send money,"{'amount': '₹618', 'upi_id': 'someone@ybl'}"
make a payment of ₹253 to random@oksbi.,send money,"{'amount': '₹253', 'upi_id': 'random@oksbi'}"
send money to 9123456789.,send money,{'phone_number': '9123456789'}
Send 4500 to Rahul Sharma,bank_transfer,"{'account_holder': 'Rahul Sharma', 'amount': '4500'}"
"Deposit 999 to Mohit Jain, acc 7412589630, IFSC KKBK0004567",bank_transfer,"{'account_holder': 'Mohit Jain', 'account_number': '7412589630', 'ifsc': 'KKBK0004567', 'amount': '999'}"
send money to 98765 43210.,send money,{'phone_number': '98765 43210'}
pay johnny using user@upi.,send money,"{'recipient': 'johnny', 'upi_id': 'user@upi'}"
pay alice using abc@paytm.,send money,"{'recipient': 'alice', 'upi_id': 'abc@paytm'}"
Pay to account 9876543210,bank_transfer,{'account_number': '9876543210'}
transfer ₹802 to abc@paytm.,send money,"{'upi_id': 'abc@paytm', 'amount': '₹802'}"
send ₹3529 to john.,send money,"{'recipient': 'john', 'amount': '₹3529'}"
Deposit to IFSC SBIN0012345,bank_transfer,{'ifsc': 'SBIN0012345'}
Pay to account 9876543210,bank_transfer,{'account_number': '9876543210'}
"Transfer 12000, IFSC ICIC0005678",bank_transfer,"{'amount': '12000', 'ifsc': 'ICIC0005678'}"
Pay to account 9876543210,bank_transfer,{'account_number': '9876543210'}
send ₹4745 to rob.,send money,"{'recipient': 'rob', 'amount': '₹4745'}"
pay rob using user@upi.,send money,"{'recipient': 'rob', 'upi_id': 'user@upi'}"
"Deposit 2500 to account 7890123456, IFSC AXIS0007890, holder Neha Gupta",bank_transfer,"{'account_holder': 'Neha Gupta', 'account_number': '7890123456', 'ifsc': 'AXIS0007890', 'amount': '2500'}"
send ₹245 to john.,send money,"{'recipient': 'john', 'amount': '₹245'}"
pay jon using user@upi.,send money,"{'recipient': 'jon', 'upi_id': 'user@upi'}"
"Transfer to account 1234567890, IFSC HDFC0001234",bank_transfer,"{'account_number': '1234567890', 'ifsc': 'HDFC0001234'}"
send ₹2863 to bob smith.,send money,"{'recipient': 'bob smith', 'amount': '₹2863'}"
"Send money to Priya Patil, acc 3210987654",bank_transfer,"{'account_holder': 'Priya Patil', 'account_number': '3210987654'}"
please pay this amount to my friend.,send money,{'recipient': 'friend'}
pay jon using random@oksbi.,send money,"{'recipient': 'jon', 'upi_id': 'random@oksbi'}"
"Transfer 12000, IFSC ICIC0005678",bank_transfer,"{'amount': '12000', 'ifsc': 'ICIC0005678'}"
make a payment of ₹988 to user@upi.,send money,"{'amount': '₹988', 'upi_id': 'user@upi'}"
"Deposit 2500 to account 7890123456, IFSC AXIS0007890, holder Neha Gupta",bank_transfer,"{'account_holder': 'Neha Gupta', 'account_number': '7890123456', 'ifsc': 'AXIS0007890', 'amount': '2500'}"
transfer ₹2774 to abc@paytm.,send money,"{'upi_id': 'abc@paytm', 'amount': '₹2774'}"
"Deposit 999 to Mohit Jain, acc 7412589630, IFSC KKBK0004567",bank_transfer,"{'account_holder': 'Mohit Jain', 'account_number': '7412589630', 'ifsc': 'KKBK0004567', 'amount': '999'}"
"Deposit 2500 to account 7890123456, IFSC AXIS0007890, holder Neha Gupta",bank_transfer,"{'account_holder': 'Neha Gupta', 'account_number': '7890123456', 'ifsc': 'AXIS0007890', 'amount': '2500'}"
"Deposit 999 to Mohit Jain, acc 7412589630, IFSC KKBK0004567",bank_transfer,"{'account_holder': 'Mohit Jain', 'account_number': '7412589630', 'ifsc': 'KKBK0004567', 'amount': '999'}"
make a payment of ₹4217 to abc@paytm.,send money,"{'amount': '₹4217', 'upi_id': 'abc@paytm'}"
"Deposit 3000, acc no 7412589630",bank_transfer,"{'amount': '3000', 'account_number': '7412589630'}"
how can i transfer $200?,send money,{'amount': '$200'}
make a payment of ₹2376 to someone@ybl.,send money,"{'amount': '₹2376', 'upi_id': 'someone@ybl'}"
send ₹4904 to jon.,send money,"{'recipient': 'jon', 'amount': '₹4904'}"
make a payment of ₹1368 to user@upi.,send money,"{'amount': '₹1368', 'upi_id': 'user@upi'}"
please pay this amount to my friend.,send money,{'recipient': 'friend'}
"Pay 3200 to account 4561237890, IFSC SBIN0012345, holder name Kunal Mehta",bank_transfer,"{'account_holder': 'Kunal Mehta', 'account_number': '4561237890', 'ifsc': 'SBIN0012345', 'amount': '3200'}"
can you send money to my friend?,send money,{'recipient': 'friend'}
make a payment of ₹4610 to random@oksbi.,send money,"{'amount': '₹4610', 'upi_id': 'random@oksbi'}"
send money to 98765 43210.,send money,{'phone_number': '98765 43210'}
send money to 9123456789.,send money,{'phone_number': '9123456789'}
pay johnny using abc@paytm.,send money,"{'recipient': 'johnny', 'upi_id': 'abc@paytm'}"
"Send 15000 to Priya Patil, account 9876543210, IFSC ICIC0005678",bank_transfer,"{'account_holder': 'Priya Patil', 'account_number': '9876543210', 'ifsc': 'ICIC0005678', 'amount': '15000'}"
Send 4500 to Rahul Sharma,bank_transfer,"{'account_holder': 'Rahul Sharma', 'amount': '4500'}"
send ₹415 to bob smith.,send money,"{'recipient': 'bob smith', 'amount': '₹415'}"
Deposit to IFSC SBIN0012345,bank_transfer,{'ifsc': 'SBIN0012345'}
"Send money to Priya Patil, acc 3210987654",bank_transfer,"{'account_holder': 'Priya Patil', 'account_number': '3210987654'}"
make a payment of ₹2203 to abc@paytm.,send money,"{'amount': '₹2203', 'upi_id': 'abc@paytm'}"
transfer ₹2472 to abc@paytm.,send money,"{'upi_id': 'abc@paytm', 'amount': '₹2472'}"
how can i transfer $200?,send money,{'amount': '$200'}
pay johnny using abc@paytm.,send money,"{'recipient': 'johnny', 'upi_id': 'abc@paytm'}"
Send 4500 to Rahul Sharma,bank_transfer,"{'account_holder': 'Rahul Sharma', 'amount': '4500'}"
"Send money to Priya Patil, acc 3210987654",bank_transfer,"{'account_holder': 'Priya Patil', 'account_number': '3210987654'}"
send ₹4865 to rob.,send money,"{'recipient': 'rob', 'amount': '₹4865'}"
transfer ₹3498 to abc@paytm.,send money,"{'upi_id': 'abc@paytm', 'amount': '₹3498'}"
Deposit to IFSC SBIN0012345,bank_transfer,{'ifsc': 'SBIN0012345'}
"Transfer 18000 to Suresh B, acc no 3210987654, IFSC HDFC0006789",bank_transfer,"{'account_holder': 'Suresh B', 'account_number': '3210987654', 'ifsc': 'HDFC0006789', 'amount': '18000'}"
pay john using xyz@okhdfcbank.,send money,"{'recipient': 'john', 'upi_id': 'xyz@okhdfcbank'}"
"Pay to Mohit Jain, IFSC KKBK0004567",bank_transfer,"{'account_holder': 'Mohit Jain', 'ifsc': 'KKBK0004567'}"
"Transfer to account 1234567890, IFSC HDFC0001234",bank_transfer,"{'account_number': '1234567890', 'ifsc': 'HDFC0001234'}"
"Transfer 12000, IFSC ICIC0005678",bank_transfer,"{'amount': '12000', 'ifsc': 'ICIC0005678'}"
"Deposit 2500 to account 7890123456, IFSC AXIS0007890, holder Neha Gupta",bank_transfer,"{'account_holder': 'Neha Gupta', 'account_number': '7890123456', 'ifsc': 'AXIS0007890', 'amount': '2500'}"
"Transfer 12000, IFSC ICIC0005678",bank_transfer,"{'amount': '12000', 'ifsc': 'ICIC0005678'}"
"Deposit 3000, acc no 7412589630",bank_transfer,"{'amount': '3000', 'account_number': '7412589630'}"
make a payment of ₹246 to someone@ybl.,send money,"{'amount': '₹246', 'upi_id': 'someone@ybl'}"
"Send 7500 to Ramesh Kumar, account 6543210987, IFSC PNB0012345",bank_transfer,"{'account_holder': 'Ramesh Kumar', 'account_number': '6543210987', 'ifsc': 'PNB0012345', 'amount': '7500'}"
"Deposit 3000, acc no 7412589630",bank_transfer,"{'amount': '3000', 'account_number': '7412589630'}"
send money to 98765 43210.,send money,{'phone_number': '98765 43210'}
Pay to account 9876543210,bank_transfer,{'account_number': '9876543210'}
"Pay 3200 to account 4561237890, IFSC SBIN0012345, holder name Kunal Mehta",bank_transfer,"{'account_holder': 'Kunal Mehta', 'account_number': '4561237890', 'ifsc': 'SBIN0012345', 'amount': '3200'}"
"Pay 5600 to account 9638527410, IFSC SBIN0023456, holder Rajesh Verma",bank_transfer,"{'account_holder': 'Rajesh Verma', 'account_number': '9638527410', 'ifsc': 'SBIN0023456', 'amount': '5600'}"
"Pay to Mohit Jain, IFSC KKBK0004567",bank_transfer,"{'account_holder': 'Mohit Jain', 'ifsc': 'KKBK0004567'}"
pay alice using user@upi.,send money,"{'recipient': 'alice', 'upi_id': 'user@upi'}"
"Pay 5600 to account 9638527410, IFSC SBIN0023456, holder Rajesh Verma",bank_transfer,"{'account_holder': 'Rajesh Verma', 'account_number': '9638527410', 'ifsc': 'SBIN0023456', 'amount': '5600'}"
"Send money to Priya Patil, acc 3210987654",bank_transfer,"{'account_holder': 'Priya Patil', 'account_number': '3210987654'}"
"Pay to Mohit Jain, IFSC KKBK0004567",bank_transfer,"{'account_holder': 'Mohit Jain', 'ifsc': 'KKBK0004567'}"
"Deposit 2500 to account 7890123456, IFSC AXIS0007890, holder Neha Gupta",bank_transfer,"{'account_holder': 'Neha Gupta', 'account_number': '7890123456', 'ifsc': 'AXIS0007890', 'amount': '2500'}"
"Transfer 18000 to Suresh B, acc no 3210987654, IFSC HDFC0006789",bank_transfer,"{'account_holder': 'Suresh B', 'account_number': '3210987654', 'ifsc': 'HDFC0006789', 'amount': '18000'}"
"Transfer to account 1234567890, IFSC HDFC0001234",bank_transfer,"{'account_number': '1234567890', 'ifsc': 'HDFC0001234'}"
send ₹1626 to alice.,send money,"{'recipient': 'alice', 'amount': '₹1626'}"
transfer ₹3284 to abc@paytm.,send money,"{'upi_id': 'abc@paytm', 'amount': '₹3284'}"
"Send 15000 to Priya Patil, account 9876543210, IFSC ICIC0005678",bank_transfer,"{'account_holder': 'Priya Patil', 'account_number': '9876543210', 'ifsc': 'ICIC0005678', 'amount': '15000'}"
Deposit to IFSC SBIN0012345,bank_transfer,{'ifsc': 'SBIN0012345'}
send ₹2913 to rob.,send money,"{'recipient': 'rob', 'amount': '₹2913'}"
send $50 to john.,send money,"{'amount': '$50', 'recipient': 'john'}"
transfer ₹537 to someone@ybl.,send money,"{'upi_id': 'someone@ybl', 'amount': '₹537'}"
Deposit to IFSC SBIN0012345,bank_transfer,{'ifsc': 'SBIN0012345'}
Deposit to IFSC SBIN0012345,bank_transfer,{'ifsc': 'SBIN0012345'}
"Deposit 3000, acc no 7412589630",bank_transfer,"{'amount': '3000', 'account_number': '7412589630'}"
"Transfer 18000 to Suresh B, acc no 3210987654, IFSC HDFC0006789",bank_transfer,"{'account_holder': 'Suresh B', 'account_number': '3210987654', 'ifsc': 'HDFC0006789', 'amount': '18000'}"
make a payment of ₹3104 to random@oksbi.,send money,"{'amount': '₹3104', 'upi_id': 'random@oksbi'}"
pay robert using xyz@okhdfcbank.,send money,"{'recipient': 'robert', 'upi_id': 'xyz@okhdfcbank'}"
pay john doe using xyz@okhdfcbank.,send money,"{'recipient': 'john doe', 'upi_id': 'xyz@okhdfcbank'}"
Deposit to IFSC SBIN0012345,bank_transfer,{'ifsc': 'SBIN0012345'}
pay alice using someone@ybl.,send money,"{'recipient': 'alice', 'upi_id': 'someone@ybl'}"
"Deposit 999 to Mohit Jain, acc 7412589630, IFSC KKBK0004567",bank_transfer,"{'account_holder': 'Mohit Jain', 'account_number': '7412589630', 'ifsc': 'KKBK0004567', 'amount': '999'}"
pay rob using someone@ybl.,send money,"{'recipient': 'rob', 'upi_id': 'someone@ybl'}"
send ₹4948 to bob smith.,send money,"{'recipient': 'bob smith', 'amount': '₹4948'}"
transfer funds to my friend.,send money,{'recipient': 'friend'}
"Deposit 3000, acc no 7412589630",bank_transfer,"{'amount': '3000', 'account_number': '7412589630'}"
send ₹1350 to jon.,send money,"{'recipient': 'jon', 'amount': '₹1350'}"
"Pay to Mohit Jain, IFSC KKBK0004567",bank_transfer,"{'account_holder': 'Mohit Jain', 'ifsc': 'KKBK0004567'}"
send money to +91-7890123456.,send money,{'phone_number': '+91-7890123456'}
"Deposit 999 to Mohit Jain, acc 7412589630, IFSC KKBK0004567",bank_transfer,"{'account_holder': 'Mohit Jain', 'account_number': '7412589630', 'ifsc': 'KKBK0004567', 'amount': '999'}"
"Send money to Priya Patil, acc 3210987654",bank_transfer,"{'account_holder': 'Priya Patil', 'account_number': '3210987654'}"
make a payment of ₹4540 to xyz@okhdfcbank.,send money,"{'amount': '₹4540', 'upi_id': 'xyz@okhdfcbank'}"
pay johnny using user@upi.,send money,"{'recipient': 'johnny', 'upi_id': 'user@upi'}"
Pay to account 9876543210,bank_transfer,{'account_number': '9876543210'}
pay alice using user@upi.,send money,"{'recipient': 'alice', 'upi_id': 'user@upi'}"
"Pay to Mohit Jain, IFSC KKBK0004567",bank_transfer,"{'account_holder': 'Mohit Jain', 'ifsc': 'KKBK0004567'}"
send ₹2869 to robert.,send money,"{'recipient': 'robert', 'amount': '₹2869'}"
send money to 9123456789.,send money,{'phone_number': '9123456789'}
send money to +91-7890123456.,send money,{'phone_number': '+91-7890123456'}
send money to +91-7890123456.,send money,{'phone_number': '+91-7890123456'}
"Deposit 3000, acc no 7412589630",bank_transfer,"{'amount': '3000', 'account_number': '7412589630'}"
send ₹1043 to alice.,send money,"{'recipient': 'alice', 'amount': '₹1043'}"
pay robert using xyz@okhdfcbank.,send money,"{'recipient': 'robert', 'upi_id': 'xyz@okhdfcbank'}"
"Transfer to account 1234567890, IFSC HDFC0001234",bank_transfer,"{'account_number': '1234567890', 'ifsc': 'HDFC0001234'}"
"Pay to Mohit Jain, IFSC KKBK0004567",bank_transfer,"{'account_holder': 'Mohit Jain', 'ifsc': 'KKBK0004567'}"
"Send money to Priya Patil, acc 3210987654",bank_transfer,"{'account_holder': 'Priya Patil', 'account_number': '3210987654'}"
"Pay to Mohit Jain, IFSC KKBK0004567",bank_transfer,"{'account_holder': 'Mohit Jain', 'ifsc': 'KKBK0004567'}"
send ₹3911 to robert.,send money,"{'recipient': 'robert', 'amount': '₹3911'}"
"Deposit 3000, acc no 7412589630",bank_transfer,"{'amount': '3000', 'account_number': '7412589630'}"
Pay to account 9876543210,bank_transfer,{'account_number': '9876543210'}
"Send money to Priya Patil, acc 3210987654",bank_transfer,"{'account_holder': 'Priya Patil', 'account_number': '3210987654'}"
send money to 98765 43210.,send money,{'phone_number': '98765 43210'}
pay johnny using xyz@okhdfcbank.,send money,"{'recipient': 'johnny', 'upi_id': 'xyz@okhdfcbank'}"
send ₹107 to alice.,send money,"{'recipient': 'alice', 'amount': '₹107'}"
send ₹4472 to robert.,send money,"{'recipient': 'robert', 'amount': '₹4472'}"
transfer funds to my friend.,send money,{'recipient': 'friend'}
"Pay 5600 to account 9638527410, IFSC SBIN0023456, holder Rajesh Verma",bank_transfer,"{'account_holder': 'Rajesh Verma', 'account_number': '9638527410', 'ifsc': 'SBIN0023456', 'amount': '5600'}"
"Pay 5600 to account 9638527410, IFSC SBIN0023456, holder Rajesh Verma",bank_transfer,"{'account_holder': 'Rajesh Verma', 'account_number': '9638527410', 'ifsc': 'SBIN0023456', 'amount': '5600'}"
"Deposit 3000, acc no 7412589630",bank_transfer,"{'amount': '3000', 'account_number': '7412589630'}"
"Transfer to account 1234567890, IFSC HDFC0001234",bank_transfer,"{'account_number': '1234567890', 'ifsc': 'HDFC0001234'}"
"Deposit 3000, acc no 7412589630",bank_transfer,"{'amount': '3000', 'account_number': '7412589630'}"
"Send 15000 to Priya Patil, account 9876543210, IFSC ICIC0005678",bank_transfer,"{'account_holder': 'Priya Patil', 'account_number': '9876543210', 'ifsc': 'ICIC0005678', 'amount': '15000'}"
send ₹3263 to john.,send money,"{'recipient': 'john', 'amount': '₹3263'}"
send ₹1992 to robert.,send money,"{'recipient': 'robert', 'amount': '₹1992'}"
"Pay 3200 to account 4561237890, IFSC SBIN0012345, holder name Kunal Mehta",bank_transfer,"{'account_holder': 'Kunal Mehta', 'account_number': '4561237890', 'ifsc': 'SBIN0012345', 'amount': '3200'}"
"Send 7500 to Ramesh Kumar, account 6543210987, IFSC PNB0012345",bank_transfer,"{'account_holder': 'Ramesh Kumar', 'account_number': '6543210987', 'ifsc': 'PNB0012345', 'amount': '7500'}"
"Pay to Mohit Jain, IFSC KKBK0004567",bank_transfer,"{'account_holder': 'Mohit Jain', 'ifsc': 'KKBK0004567'}"
make a payment of ₹2596 to user@upi.,send money,"{'amount': '₹2596', 'upi_id': 'user@upi'}"
"Deposit 3000, acc no 7412589630",bank_transfer,"{'amount': '3000', 'account_number': '7412589630'}"
pay johnny using abc@paytm.,send money,"{'recipient': 'johnny', 'upi_id': 'abc@paytm'}"
"Pay 3200 to account 4561237890, IFSC SBIN0012345, holder name Kunal Mehta",bank_transfer,"{'account_holder': 'Kunal Mehta', 'account_number': '4561237890', 'ifsc': 'SBIN0012345', 'amount': '3200'}"
"Transfer 5000 to Rahul Sharma, account 1234567890, IFSC HDFC0001234",bank_transfer,"{'account_holder': 'Rahul Sharma', 'account_number': '1234567890', 'ifsc': 'HDFC0001234', 'amount': '5000'}"
transfer ₹3099 to user@upi.,send money,"{'upi_id': 'user@upi', 'amount': '₹3099'}"
"Pay 3200 to account 4561237890, IFSC SBIN0012345, holder name Kunal Mehta",bank_transfer,"{'account_holder': 'Kunal Mehta', 'account_number': '4561237890', 'ifsc': 'SBIN0012345', 'amount': '3200'}"
make a payment of ₹353 to random@oksbi.,send money,"{'amount': '₹353', 'upi_id': 'random@oksbi'}"
"Deposit 3000, acc no 7412589630",bank_transfer,"{'amount': '3000', 'account_number': '7412589630'}"
make a payment of ₹4239 to abc@paytm.,send money,"{'amount': '₹4239', 'upi_id': 'abc@paytm'}"
send ₹4497 to bob smith.,send money,"{'recipient': 'bob smith', 'amount': '₹4497'}"
"Send money to Priya Patil, acc 3210987654",bank_transfer,"{'account_holder': 'Priya Patil', 'account_number': '3210987654'}"
send ₹4987 to john.,send money,"{'recipient': 'john', 'amount': '₹4987'}"
"Send 7500 to Ramesh Kumar, account 6543210987, IFSC PNB0012345",bank_transfer,"{'account_holder': 'Ramesh Kumar', 'account_number': '6543210987', 'ifsc': 'PNB0012345', 'amount': '7500'}"
"Send 15000 to Priya Patil, account 9876543210, IFSC ICIC0005678",bank_transfer,"{'account_holder': 'Priya Patil', 'account_number': '9876543210', 'ifsc': 'ICIC0005678', 'amount': '15000'}"
make a payment of ₹1842 to someone@ybl.,send money,"{'amount': '₹1842', 'upi_id': 'someone@ybl'}"
move $100 to my brother’s wallet.,send money,"{'amount': '$100', 'recipient': 'brother'}"
"Transfer to account 1234567890, IFSC HDFC0001234",bank_transfer,"{'account_number': '1234567890', 'ifsc': 'HDFC0001234'}"
"Pay 3200 to account 4561237890, IFSC SBIN0012345, holder name Kunal Mehta",bank_transfer,"{'account_holder': 'Kunal Mehta', 'account_number': '4561237890', 'ifsc': 'SBIN0012345', 'amount': '3200'}"
"Send 7500 to Ramesh Kumar, account 6543210987, IFSC PNB0012345",bank_transfer,"{'account_holder': 'Ramesh Kumar', 'account_number': '6543210987', 'ifsc': 'PNB0012345', 'amount': '7500'}"
"Pay to Mohit Jain, IFSC KKBK0004567",bank_transfer,"{'account_holder': 'Mohit Jain', 'ifsc': 'KKBK0004567'}"
make a payment of ₹4991 to abc@paytm.,send money,"{'amount': '₹4991', 'upi_id': 'abc@paytm'}"
send money to +91-7890123456.,send money,{'phone_number': '+91-7890123456'}
can you send money to my friend?,send money,{'recipient': 'friend'}
"Send 15000 to Priya Patil, account 9876543210, IFSC ICIC0005678",bank_transfer,"{'account_holder': 'Priya Patil', 'account_number': '9876543210', 'ifsc': 'ICIC0005678', 'amount': '15000'}"
send ₹3144 to johnny.,send money,"{'recipient': 'johnny', 'amount': '₹3144'}"
pay robert using someone@ybl.,send money,"{'recipient': 'robert', 'upi_id': 'someone@ybl'}"
transfer ₹802 to abc@paytm.,send money,"{'upi_id': 'abc@paytm', 'amount': '₹802'}"
send ₹2598 to john doe.,send money,"{'recipient': 'john doe', 'amount': '₹2598'}"
"Pay 5600 to account 9638527410, IFSC SBIN0023456, holder Rajesh Verma",bank_transfer,"{'account_holder': 'Rajesh Verma', 'account_number': '9638527410', 'ifsc': 'SBIN0023456', 'amount': '5600'}"
Pay to account 9876543210,bank_transfer,{'account_number': '9876543210'}
Deposit to IFSC SBIN0012345,bank_transfer,{'ifsc': 'SBIN0012345'}
"Transfer to account 1234567890, IFSC HDFC0001234",bank_transfer,"{'account_number': '1234567890', 'ifsc': 'HDFC0001234'}"
pay john doe using random@oksbi.,send money,"{'recipient': 'john doe', 'upi_id': 'random@oksbi'}"
"Send 15000 to Priya Patil, account 9876543210, IFSC ICIC0005678",bank_transfer,"{'account_holder': 'Priya Patil', 'account_number': '9876543210', 'ifsc': 'ICIC0005678', 'amount': '15000'}"
pay john doe using xyz@okhdfcbank.,send money,"{'recipient': 'john doe', 'upi_id': 'xyz@okhdfcbank'}"
transfer ₹346 to random@oksbi.,send money,"{'upi_id': 'random@oksbi', 'amount': '₹346'}"
"Deposit 3000, acc no 7412589630",bank_transfer,"{'amount': '3000', 'account_number': '7412589630'}"
Deposit to IFSC SBIN0012345,bank_transfer,{'ifsc': 'SBIN0012345'}
"Transfer 12000, IFSC ICIC0005678",bank_transfer,"{'amount': '12000', 'ifsc': 'ICIC0005678'}"
"Transfer 18000 to Suresh B, acc no 3210987654, IFSC HDFC0006789",bank_transfer,"{'account_holder': 'Suresh B', 'account_number': '3210987654', 'ifsc': 'HDFC0006789', 'amount': '18000'}"
transfer ₹1266 to user@upi.,send money,"{'upi_id': 'user@upi', 'amount': '₹1266'}"
transfer ₹1858 to abc@paytm.,send money,"{'upi_id': 'abc@paytm', 'amount': '₹1858'}"
make a payment of ₹3360 to abc@paytm.,send money,"{'amount': '₹3360', 'upi_id': 'abc@paytm'}"
"Transfer 12000, IFSC ICIC0005678",bank_transfer,"{'amount': '12000', 'ifsc': 'ICIC0005678'}"
send ₹1418 to john.,send money,"{'recipient': 'john', 'amount': '₹1418'}"
"Pay to Mohit Jain, IFSC KKBK0004567",bank_transfer,"{'account_holder': 'Mohit Jain', 'ifsc': 'KKBK0004567'}"
transfer ₹4424 to xyz@okhdfcbank.,send money,"{'upi_id': 'xyz@okhdfcbank', 'amount': '₹4424'}"
i need to pay my sister.,send money,{'recipient': 'sister'}
"Pay 5600 to account 9638527410, IFSC SBIN0023456, holder Rajesh Verma",bank_transfer,"{'account_holder': 'Rajesh Verma', 'account_number': '9638527410', 'ifsc': 'SBIN0023456', 'amount': '5600'}"
transfer ₹568 to user@upi.,send money,"{'upi_id': 'user@upi', 'amount': '₹568'}"
"Transfer 18000 to Suresh B, acc no 3210987654, IFSC HDFC0006789",bank_transfer,"{'account_holder': 'Suresh B', 'account_number': '3210987654', 'ifsc': 'HDFC0006789', 'amount': '18000'}"
can you send this amount to john?,send money,{'recipient': 'john'}
pay johnny using someone@ybl.,send money,"{'recipient': 'johnny', 'upi_id': 'someone@ybl'}"
Pay to account 9876543210,bank_transfer,{'account_number': '9876543210'}
send ₹1507 to jon.,send money,"{'recipient': 'jon', 'amount': '₹1507'}"
"Deposit 999 to Mohit Jain, acc 7412589630, IFSC KKBK0004567",bank_transfer,"{'account_holder': 'Mohit Jain', 'account_number': '7412589630', 'ifsc': 'KKBK0004567', 'amount': '999'}"
"Transfer to account 1234567890, IFSC HDFC0001234",bank_transfer,"{'account_number': '1234567890', 'ifsc': 'HDFC0001234'}"
can you send this amount to john?,send money,{'recipient': 'john'}
"Transfer 5000 to Rahul Sharma, account 1234567890, IFSC HDFC0001234",bank_transfer,"{'account_holder': 'Rahul Sharma', 'account_number': '1234567890', 'ifsc': 'HDFC0001234', 'amount': '5000'}"
send ₹903 to john.,send money,"{'recipient': 'john', 'amount': '₹903'}"
pay john using random@oksbi.,send money,"{'recipient': 'john', 'upi_id': 'random@oksbi'}"
Deposit to IFSC SBIN0012345,bank_transfer,{'ifsc': 'SBIN0012345'}
transfer ₹1266 to user@upi.,send money,"{'upi_id': 'user@upi', 'amount': '₹1266'}"
send money to 9123456789.,send money,{'phone_number': '9123456789'}
"Deposit 3000, acc no 7412589630",bank_transfer,"{'amount': '3000', 'account_number': '7412589630'}"
send money to +91 9876543210.,send money,{'phone_number': '+91 9876543210'}
"Deposit 2500 to account 7890123456, IFSC AXIS0007890, holder Neha Gupta",bank_transfer,"{'account_holder': 'Neha Gupta', 'account_number': '7890123456', 'ifsc': 'AXIS0007890', 'amount': '2500'}"
pay rob using xyz@okhdfcbank.,send money,"{'recipient': 'rob', 'upi_id': 'xyz@okhdfcbank'}"
transfer funds to my friend.,send money,{'recipient': 'friend'}
"Send money to Priya Patil, acc 3210987654",bank_transfer,"{'account_holder': 'Priya Patil', 'account_number': '3210987654'}"
"Deposit 3000, acc no 7412589630",bank_transfer,"{'amount': '3000', 'account_number': '7412589630'}"
"Deposit 999 to Mohit Jain, acc 7412589630, IFSC KKBK0004567",bank_transfer,"{'account_holder': 'Mohit Jain', 'account_number': '7412589630', 'ifsc': 'KKBK0004567', 'amount': '999'}"
"Transfer to account 1234567890, IFSC HDFC0001234",bank_transfer,"{'account_number': '1234567890', 'ifsc': 'HDFC0001234'}"
make a payment of ₹4885 to user@upi.,send money,"{'amount': '₹4885', 'upi_id': 'user@upi'}"
send ₹1450 to john doe.,send money,"{'recipient': 'john doe', 'amount': '₹1450'}"
Pay to account 9876543210,bank_transfer,{'account_number': '9876543210'}
send $50 to john.,send money,"{'amount': '$50', 'recipient': 'john'}"
transfer ₹862 to someone@ybl.,send money,"{'upi_id': 'someone@ybl', 'amount': '₹862'}"
"Transfer to account 1234567890, IFSC HDFC0001234",bank_transfer,"{'account_number': '1234567890', 'ifsc': 'HDFC0001234'}"
transfer ₹3856 to xyz@okhdfcbank.,send money,"{'upi_id': 'xyz@okhdfcbank', 'amount': '₹3856'}"
"Transfer 18000 to Suresh B, acc no 3210987654, IFSC HDFC0006789",bank_transfer,"{'account_holder': 'Suresh B', 'account_number': '3210987654', 'ifsc': 'HDFC0006789', 'amount': '18000'}"
pay john using user@upi.,send money,"{'recipient': 'john', 'upi_id': 'user@upi'}"
"Transfer 5000 to Rahul Sharma, account 1234567890, IFSC HDFC0001234",bank_transfer,"{'account_holder': 'Rahul Sharma', 'account_number': '1234567890', 'ifsc': 'HDFC0001234', 'amount': '5000'}"
transfer ₹2148 to abc@paytm.,send money,"{'upi_id': 'abc@paytm', 'amount': '₹2148'}"
Deposit to IFSC SBIN0012345,bank_transfer,{'ifsc': 'SBIN0012345'}
can you send this amount to john?,send money,{'recipient': 'john'}
make a payment of ₹4739 to random@oksbi.,send money,"{'amount': '₹4739', 'upi_id': 'random@oksbi'}"
"Deposit 3000, acc no 7412589630",bank_transfer,"{'amount': '3000', 'account_number': '7412589630'}"
"Transfer to account 1234567890, IFSC HDFC0001234",bank_transfer,"{'account_number': '1234567890', 'ifsc': 'HDFC0001234'}"
"Transfer 18000 to Suresh B, acc no 3210987654, IFSC HDFC0006789",bank_transfer,"{'account_holder': 'Suresh B', 'account_number': '3210987654', 'ifsc': 'HDFC0006789', 'amount': '18000'}"
"Deposit 3000, acc no 7412589630",bank_transfer,"{'amount': '3000', 'account_number': '7412589630'}"
transfer ₹3378 to user@upi.,send money,"{'upi_id': 'user@upi', 'amount': '₹3378'}"
"Transfer 5000 to Rahul Sharma, account 1234567890, IFSC HDFC0001234",bank_transfer,"{'account_holder': 'Rahul Sharma', 'account_number': '1234567890', 'ifsc': 'HDFC0001234', 'amount': '5000'}"
make a payment of ₹4952 to xyz@okhdfcbank.,send money,"{'amount': '₹4952', 'upi_id': 'xyz@okhdfcbank'}"
transfer ₹1267 to someone@ybl.,send money,"{'upi_id': 'someone@ybl', 'amount': '₹1267'}"
pay johnny using abc@paytm.,send money,"{'recipient': 'johnny', 'upi_id': 'abc@paytm'}"
send money to 9123456789.,send money,{'phone_number': '9123456789'}
send money to 98765 43210.,send money,{'phone_number': '98765 43210'}
send ₹362 to bob smith.,send money,"{'recipient': 'bob smith', 'amount': '₹362'}"
"Transfer 18000 to Suresh B, acc no 3210987654, IFSC HDFC0006789",bank_transfer,"{'account_holder': 'Suresh B', 'account_number': '3210987654', 'ifsc': 'HDFC0006789', 'amount': '18000'}"
"Deposit 3000, acc no 7412589630",bank_transfer,"{'amount': '3000', 'account_number': '7412589630'}"
"Deposit 999 to Mohit Jain, acc 7412589630, IFSC KKBK0004567",bank_transfer,"{'account_holder': 'Mohit Jain', 'account_number': '7412589630', 'ifsc': 'KKBK0004567', 'amount': '999'}"
"Transfer 18000 to Suresh B, acc no 3210987654, IFSC HDFC0006789",bank_transfer,"{'account_holder': 'Suresh B', 'account_number': '3210987654', 'ifsc': 'HDFC0006789', 'amount': '18000'}"
"Transfer to account 1234567890, IFSC HDFC0001234",bank_transfer,"{'account_number': '1234567890', 'ifsc': 'HDFC0001234'}"
pay rob using someone@ybl.,send money,"{'recipient': 'rob', 'upi_id': 'someone@ybl'}"
"Transfer 12000, IFSC ICIC0005678",bank_transfer,"{'amount': '12000', 'ifsc': 'ICIC0005678'}"
pay john doe using abc@paytm.,send money,"{'recipient': 'john doe', 'upi_id': 'abc@paytm'}"
make a payment of ₹2940 to someone@ybl.,send money,"{'amount': '₹2940', 'upi_id': 'someone@ybl'}"
make a payment of ₹1737 to random@oksbi.,send money,"{'amount': '₹1737', 'upi_id': 'random@oksbi'}"
Pay to account 9876543210,bank_transfer,{'account_number': '9876543210'}
"Pay to Mohit Jain, IFSC KKBK0004567",bank_transfer,"{'account_holder': 'Mohit Jain', 'ifsc': 'KKBK0004567'}"
"Send money to Priya Patil, acc 3210987654",bank_transfer,"{'account_holder': 'Priya Patil', 'account_number': '3210987654'}"
pay john using abc@paytm.,send money,"{'recipient': 'john', 'upi_id': 'abc@paytm'}"
"Transfer 18000 to Suresh B, acc no 3210987654, IFSC HDFC0006789",bank_transfer,"{'account_holder': 'Suresh B', 'account_number': '3210987654', 'ifsc': 'HDFC0006789', 'amount': '18000'}"
transfer ₹2379 to xyz@okhdfcbank.,send money,"{'upi_id': 'xyz@okhdfcbank', 'amount': '₹2379'}"
make a payment of ₹2722 to someone@ybl.,send money,"{'amount': '₹2722', 'upi_id': 'someone@ybl'}"
Deposit to IFSC SBIN0012345,bank_transfer,{'ifsc': 'SBIN0012345'}
"Deposit 3000, acc no 7412589630",bank_transfer,"{'amount': '3000', 'account_number': '7412589630'}"
"Deposit 2500 to account 7890123456, IFSC AXIS0007890, holder Neha Gupta",bank_transfer,"{'account_holder': 'Neha Gupta', 'account_number': '7890123456', 'ifsc': 'AXIS0007890', 'amount': '2500'}"
"Pay to Mohit Jain, IFSC KKBK0004567",bank_transfer,"{'account_holder': 'Mohit Jain', 'ifsc': 'KKBK0004567'}"
"Pay to Mohit Jain, IFSC KKBK0004567",bank_transfer,"{'account_holder': 'Mohit Jain', 'ifsc': 'KKBK0004567'}"
"Send money to Priya Patil, acc 3210987654",bank_transfer,"{'account_holder': 'Priya Patil', 'account_number': '3210987654'}"
"Pay 3200 to account 4561237890, IFSC SBIN0012345, holder name Kunal Mehta",bank_transfer,"{'account_holder': 'Kunal Mehta', 'account_number': '4561237890', 'ifsc': 'SBIN0012345', 'amount': '3200'}"
"Transfer 12000, IFSC ICIC0005678",bank_transfer,"{'amount': '12000', 'ifsc': 'ICIC0005678'}"
transfer ₹1628 to xyz@okhdfcbank.,send money,"{'upi_id': 'xyz@okhdfcbank', 'amount': '₹1628'}"
make a payment of ₹3258 to random@oksbi.,send money,"{'amount': '₹3258', 'upi_id': 'random@oksbi'}"
Pay to account 9876543210,bank_transfer,{'account_number': '9876543210'}
please pay this amount to my friend.,send money,{'recipient': 'friend'}
make a payment of ₹3349 to someone@ybl.,send money,"{'amount': '₹3349', 'upi_id': 'someone@ybl'}"
pay john using user@upi.,send money,"{'recipient': 'john', 'upi_id': 'user@upi'}"
please pay this amount to my friend.,send money,{'recipient': 'friend'}
"Pay to Mohit Jain, IFSC KKBK0004567",bank_transfer,"{'account_holder': 'Mohit Jain', 'ifsc': 'KKBK0004567'}"
"Send 7500 to Ramesh Kumar, account 6543210987, IFSC PNB0012345",bank_transfer,"{'account_holder': 'Ramesh Kumar', 'account_number': '6543210987', 'ifsc': 'PNB0012345', 'amount': '7500'}"
"Transfer 12000, IFSC ICIC0005678",bank_transfer,"{'amount': '12000', 'ifsc': 'ICIC0005678'}"
Pay to account 9876543210,bank_transfer,{'account_number': '9876543210'}
send ₹3671 to john.,send money,"{'recipient': 'john', 'amount': '₹3671'}"
can you send this amount to john?,send money,{'recipient': 'john'}
"Pay to Mohit Jain, IFSC KKBK0004567",bank_transfer,"{'account_holder': 'Mohit Jain', 'ifsc': 'KKBK0004567'}"
"Transfer 5000 to Rahul Sharma, account 1234567890, IFSC HDFC0001234",bank_transfer,"{'account_holder': 'Rahul Sharma', 'account_number': '1234567890', 'ifsc': 'HDFC0001234', 'amount': '5000'}"
"Send 15000 to Priya Patil, account 9876543210, IFSC ICIC0005678",bank_transfer,"{'account_holder': 'Priya Patil', 'account_number': '9876543210', 'ifsc': 'ICIC0005678', 'amount': '15000'}"
Deposit to IFSC SBIN0012345,bank_transfer,{'ifsc': 'SBIN0012345'}
i need to pay my sister.,send money,{'recipient': 'sister'}
"Send 7500 to Ramesh Kumar, account 6543210987, IFSC PNB0012345",bank_transfer,"{'account_holder': 'Ramesh Kumar', 'account_number': '6543210987', 'ifsc': 'PNB0012345', 'amount': '7500'}"
"Pay 5600 to account 9638527410, IFSC SBIN0023456, holder Rajesh Verma",bank_transfer,"{'account_holder': 'Rajesh Verma', 'account_number': '9638527410', 'ifsc': 'SBIN0023456', 'amount': '5600'}"
Send 4500 to Rahul Sharma,bank_transfer,"{'account_holder': 'Rahul Sharma', 'amount': '4500'}"
"Transfer 12000, IFSC ICIC0005678",bank_transfer,"{'amount': '12000', 'ifsc': 'ICIC0005678'}"
pay jon using someone@ybl.,send money,"{'recipient': 'jon', 'upi_id': 'someone@ybl'}"
send ₹1235 to rob.,send money,"{'recipient': 'rob', 'amount': '₹1235'}"
send money to +91 9876543210.,send money,{'phone_number': '+91 9876543210'}
transfer ₹2508 to xyz@okhdfcbank.,send money,"{'upi_id': 'xyz@okhdfcbank', 'amount': '₹2508'}"
send ₹3486 to johnny.,send money,"{'recipient': 'johnny', 'amount': '₹3486'}"
send ₹1419 to jon.,send money,"{'recipient': 'jon', 'amount': '₹1419'}"
make a payment of ₹4239 to abc@paytm.,send money,"{'amount': '₹4239', 'upi_id': 'abc@paytm'}"
send money to +91-7890123456.,send money,{'phone_number': '+91-7890123456'}
make a payment of ₹1317 to random@oksbi.,send money,"{'amount': '₹1317', 'upi_id': 'random@oksbi'}"
move $100 to my brother’s wallet.,send money,"{'amount': '$100', 'recipient': 'brother'}"
send cash to my dad.,send money,{'recipient': 'dad'}
pay john using random@oksbi.,send money,"{'recipient': 'john', 'upi_id': 'random@oksbi'}"
make a payment of ₹3571 to xyz@okhdfcbank.,send money,"{'amount': '₹3571', 'upi_id': 'xyz@okhdfcbank'}"
transfer ₹1787 to xyz@okhdfcbank.,send money,"{'upi_id': 'xyz@okhdfcbank', 'amount': '₹1787'}"
send ₹2869 to robert.,send money,"{'recipient': 'robert', 'amount': '₹2869'}"
send money to 9123456789.,send money,{'phone_number': '9123456789'}
send money to +91-7890123456.,send money,{'phone_number': '+91-7890123456'}
transfer ₹1953 to xyz@okhdfcbank.,send money,"{'upi_id': 'xyz@okhdfcbank', 'amount': '₹1953'}"
send ₹1595 to john.,send money,"{'recipient': 'john', 'amount': '₹1595'}"
make a payment of ₹3485 to xyz@okhdfcbank.,send money,"{'amount': '₹3485', 'upi_id': 'xyz@okhdfcbank'}"
"Send money to Priya Patil, acc 3210987654",bank_transfer,"{'account_holder': 'Priya Patil', 'account_number': '3210987654'}"
"Pay 3200 to account 4561237890, IFSC SBIN0012345, holder name Kunal Mehta",bank_transfer,"{'account_holder': 'Kunal Mehta', 'account_number': '4561237890', 'ifsc': 'SBIN0012345', 'amount': '3200'}"
"Transfer 5000 to Rahul Sharma, account 1234567890, IFSC HDFC0001234",bank_transfer,"{'account_holder': 'Rahul Sharma', 'account_number': '1234567890', 'ifsc': 'HDFC0001234', 'amount': '5000'}"
"Transfer to account 1234567890, IFSC HDFC0001234",bank_transfer,"{'account_number': '1234567890', 'ifsc': 'HDFC0001234'}"
pay alice using xyz@okhdfcbank.,send money,"{'recipient': 'alice', 'upi_id': 'xyz@okhdfcbank'}"
"Pay to Mohit Jain, IFSC KKBK0004567",bank_transfer,"{'account_holder': 'Mohit Jain', 'ifsc': 'KKBK0004567'}"
pay jon using random@oksbi.,send money,"{'recipient': 'jon', 'upi_id': 'random@oksbi'}"
please pay this amount to my friend.,send money,{'recipient': 'friend'}
"Send 7500 to Ramesh Kumar, account 6543210987, IFSC PNB0012345",bank_transfer,"{'account_holder': 'Ramesh Kumar', 'account_number': '6543210987', 'ifsc': 'PNB0012345', 'amount': '7500'}"
"Deposit 2500 to account 7890123456, IFSC AXIS0007890, holder Neha Gupta",bank_transfer,"{'account_holder': 'Neha Gupta', 'account_number': '7890123456', 'ifsc': 'AXIS0007890', 'amount': '2500'}"
"Deposit 999 to Mohit Jain, acc 7412589630, IFSC KKBK0004567",bank_transfer,"{'account_holder': 'Mohit Jain', 'account_number': '7412589630', 'ifsc': 'KKBK0004567', 'amount': '999'}"
"Send 7500 to Ramesh Kumar, account 6543210987, IFSC PNB0012345",bank_transfer,"{'account_holder': 'Ramesh Kumar', 'account_number': '6543210987', 'ifsc': 'PNB0012345', 'amount': '7500'}"
"Send 15000 to Priya Patil, account 9876543210, IFSC ICIC0005678",bank_transfer,"{'account_holder': 'Priya Patil', 'account_number': '9876543210', 'ifsc': 'ICIC0005678', 'amount': '15000'}"
"Transfer to account 1234567890, IFSC HDFC0001234",bank_transfer,"{'account_number': '1234567890', 'ifsc': 'HDFC0001234'}"
send money to 9123456789.,send money,{'phone_number': '9123456789'}
can you send money to my friend?,send money,{'recipient': 'friend'}
send money to 9123456789.,send money,{'phone_number': '9123456789'}
send ₹1160 to john.,send money,"{'recipient': 'john', 'amount': '₹1160'}"
"Send 7500 to Ramesh Kumar, account 6543210987, IFSC PNB0012345",bank_transfer,"{'account_holder': 'Ramesh Kumar', 'account_number': '6543210987', 'ifsc': 'PNB0012345', 'amount': '7500'}"
transfer ₹1502 to abc@paytm.,send money,"{'upi_id': 'abc@paytm', 'amount': '₹1502'}"
"Send 15000 to Priya Patil, account 9876543210, IFSC ICIC0005678",bank_transfer,"{'account_holder': 'Priya Patil', 'account_number': '9876543210', 'ifsc': 'ICIC0005678', 'amount': '15000'}"
"Transfer 18000 to Suresh B, acc no 3210987654, IFSC HDFC0006789",bank_transfer,"{'account_holder': 'Suresh B', 'account_number': '3210987654', 'ifsc': 'HDFC0006789', 'amount': '18000'}"
"Pay to Mohit Jain, IFSC KKBK0004567",bank_transfer,"{'account_holder': 'Mohit Jain', 'ifsc': 'KKBK0004567'}"
send cash to my dad.,send money,{'recipient': 'dad'}
"Send 7500 to Ramesh Kumar, account 6543210987, IFSC PNB0012345",bank_transfer,"{'account_holder': 'Ramesh Kumar', 'account_number': '6543210987', 'ifsc': 'PNB0012345', 'amount': '7500'}"
Send 4500 to Rahul Sharma,bank_transfer,"{'account_holder': 'Rahul Sharma', 'amount': '4500'}"
make a payment of ₹2911 to xyz@okhdfcbank.,send money,"{'amount': '₹2911', 'upi_id': 'xyz@okhdfcbank'}"
"Transfer 5000 to Rahul Sharma, account 1234567890, IFSC HDFC0001234",bank_transfer,"{'account_holder': 'Rahul Sharma', 'account_number': '1234567890', 'ifsc': 'HDFC0001234', 'amount': '5000'}"
pay john using someone@ybl.,send money,"{'recipient': 'john', 'upi_id': 'someone@ybl'}"
send ₹870 to john doe.,send money,"{'recipient': 'john doe', 'amount': '₹870'}"
transfer funds to my friend.,send money,{'recipient': 'friend'}
transfer ₹3925 to abc@paytm.,send money,"{'upi_id': 'abc@paytm', 'amount': '₹3925'}"
make a payment of ₹4109 to abc@paytm.,send money,"{'amount': '₹4109', 'upi_id': 'abc@paytm'}"
"Deposit 3000, acc no 7412589630",bank_transfer,"{'amount': '3000', 'account_number': '7412589630'}"
"Transfer to account 1234567890, IFSC HDFC0001234",bank_transfer,"{'account_number': '1234567890', 'ifsc': 'HDFC0001234'}"
transfer ₹802 to abc@paytm.,send money,"{'upi_id': 'abc@paytm', 'amount': '₹802'}"
"Send 15000 to Priya Patil, account 9876543210, IFSC ICIC0005678",bank_transfer,"{'account_holder': 'Priya Patil', 'account_number': '9876543210', 'ifsc': 'ICIC0005678', 'amount': '15000'}"
"Send 7500 to Ramesh Kumar, account 6543210987, IFSC PNB0012345",bank_transfer,"{'account_holder': 'Ramesh Kumar', 'account_number': '6543210987', 'ifsc': 'PNB0012345', 'amount': '7500'}"
send $50 to john.,send money,"{'amount': '$50', 'recipient': 'john'}"
"Pay to Mohit Jain, IFSC KKBK0004567",bank_transfer,"{'account_holder': 'Mohit Jain', 'ifsc': 'KKBK0004567'}"
Deposit to IFSC SBIN0012345,bank_transfer,{'ifsc': 'SBIN0012345'}
Pay to account 9876543210,bank_transfer,{'account_number': '9876543210'}
send money to 9123456789.,send money,{'phone_number': '9123456789'}
Send 4500 to Rahul Sharma,bank_transfer,"{'account_holder': 'Rahul Sharma', 'amount': '4500'}"
transfer ₹4140 to xyz@okhdfcbank.,send money,"{'upi_id': 'xyz@okhdfcbank', 'amount': '₹4140'}"
send money to +91 9876543210.,send money,{'phone_number': '+91 9876543210'}
pay robert using user@upi.,send money,"{'recipient': 'robert', 'upi_id': 'user@upi'}"
"Pay 5600 to account 9638527410, IFSC SBIN0023456, holder Rajesh Verma",bank_transfer,"{'account_holder': 'Rajesh Verma', 'account_number': '9638527410', 'ifsc': 'SBIN0023456', 'amount': '5600'}"
"Transfer 5000 to Rahul Sharma, account 1234567890, IFSC HDFC0001234",bank_transfer,"{'account_holder': 'Rahul Sharma', 'account_number': '1234567890', 'ifsc': 'HDFC0001234', 'amount': '5000'}"
send money to 9123456789.,send money,{'phone_number': '9123456789'}
pay johnny using user@upi.,send money,"{'recipient': 'johnny', 'upi_id': 'user@upi'}"
send ₹2812 to bob smith.,send money,"{'recipient': 'bob smith', 'amount': '₹2812'}"
"Deposit 999 to Mohit Jain, acc 7412589630, IFSC KKBK0004567",bank_transfer,"{'account_holder': 'Mohit Jain', 'account_number': '7412589630', 'ifsc': 'KKBK0004567', 'amount': '999'}"
make a payment of ₹545 to someone@ybl.,send money,"{'amount': '₹545', 'upi_id': 'someone@ybl'}"
"Pay 5600 to account 9638527410, IFSC SBIN0023456, holder Rajesh Verma",bank_transfer,"{'account_holder': 'Rajesh Verma', 'account_number': '9638527410', 'ifsc': 'SBIN0023456', 'amount': '5600'}"
send money to +91 9876543210.,send money,{'phone_number': '+91 9876543210'}
transfer ₹2832 to user@upi.,send money,"{'upi_id': 'user@upi', 'amount': '₹2832'}"
send money to 9123456789.,send money,{'phone_number': '9123456789'}
send money to 9123456789.,send money,{'phone_number': '9123456789'}
"Transfer 5000 to Rahul Sharma, account 1234567890, IFSC HDFC0001234",bank_transfer,"{'account_holder': 'Rahul Sharma', 'account_number': '1234567890', 'ifsc': 'HDFC0001234', 'amount': '5000'}"
send money to 98765 43210.,send money,{'phone_number': '98765 43210'}
"Send 7500 to Ramesh Kumar, account 6543210987, IFSC PNB0012345",bank_transfer,"{'account_holder': 'Ramesh Kumar', 'account_number': '6543210987', 'ifsc': 'PNB0012345', 'amount': '7500'}"
"Send 7500 to Ramesh Kumar, account 6543210987, IFSC PNB0012345",bank_transfer,"{'account_holder': 'Ramesh Kumar', 'account_number': '6543210987', 'ifsc': 'PNB0012345', 'amount': '7500'}"
transfer ₹2032 to random@oksbi.,send money,"{'upi_id': 'random@oksbi', 'amount': '₹2032'}"
transfer ₹1662 to random@oksbi.,send money,"{'upi_id': 'random@oksbi', 'amount': '₹1662'}"
pay john doe using someone@ybl.,send money,"{'recipient': 'john doe', 'upi_id': 'someone@ybl'}"
"Deposit 3000, acc no 7412589630",bank_transfer,"{'amount': '3000', 'account_number': '7412589630'}"
"Send 7500 to Ramesh Kumar, account 6543210987, IFSC PNB0012345",bank_transfer,"{'account_holder': 'Ramesh Kumar', 'account_number': '6543210987', 'ifsc': 'PNB0012345', 'amount': '7500'}"
send ₹3332 to robert.,send money,"{'recipient': 'robert', 'amount': '₹3332'}"
"Pay to Mohit Jain, IFSC KKBK0004567",bank_transfer,"{'account_holder': 'Mohit Jain', 'ifsc': 'KKBK0004567'}"
pay john doe using someone@ybl.,send money,"{'recipient': 'john doe', 'upi_id': 'someone@ybl'}"
send $50 to john.,send money,"{'amount': '$50', 'recipient': 'john'}"
"Deposit 999 to Mohit Jain, acc 7412589630, IFSC KKBK0004567",bank_transfer,"{'account_holder': 'Mohit Jain', 'account_number': '7412589630', 'ifsc': 'KKBK0004567', 'amount': '999'}"
pay rob using someone@ybl.,send money,"{'recipient': 'rob', 'upi_id': 'someone@ybl'}"
send money to +91 9876543210.,send money,{'phone_number': '+91 9876543210'}
make a payment of ₹393 to xyz@okhdfcbank.,send money,"{'amount': '₹393', 'upi_id': 'xyz@okhdfcbank'}"
"Transfer 18000 to Suresh B, acc no 3210987654, IFSC HDFC0006789",bank_transfer,"{'account_holder': 'Suresh B', 'account_number': '3210987654', 'ifsc': 'HDFC0006789', 'amount': '18000'}"
"Transfer 5000 to Rahul Sharma, account 1234567890, IFSC HDFC0001234",bank_transfer,"{'account_holder': 'Rahul Sharma', 'account_number': '1234567890', 'ifsc': 'HDFC0001234', 'amount': '5000'}"
"Pay to Mohit Jain, IFSC KKBK0004567",bank_transfer,"{'account_holder': 'Mohit Jain', 'ifsc': 'KKBK0004567'}"
"Send 15000 to Priya Patil, account 9876543210, IFSC ICIC0005678",bank_transfer,"{'account_holder': 'Priya Patil', 'account_number': '9876543210', 'ifsc': 'ICIC0005678', 'amount': '15000'}"
"Send money to Priya Patil, acc 3210987654",bank_transfer,"{'account_holder': 'Priya Patil', 'account_number': '3210987654'}"
"Send 15000 to Priya Patil, account 9876543210, IFSC ICIC0005678",bank_transfer,"{'account_holder': 'Priya Patil', 'account_number': '9876543210', 'ifsc': 'ICIC0005678', 'amount': '15000'}"
Deposit to IFSC SBIN0012345,bank_transfer,{'ifsc': 'SBIN0012345'}
"Send money to Priya Patil, acc 3210987654",bank_transfer,"{'account_holder': 'Priya Patil', 'account_number': '3210987654'}"
"Transfer 12000, IFSC ICIC0005678",bank_transfer,"{'amount': '12000', 'ifsc': 'ICIC0005678'}"
"Transfer 18000 to Suresh B, acc no 3210987654, IFSC HDFC0006789",bank_transfer,"{'account_holder': 'Suresh B', 'account_number': '3210987654', 'ifsc': 'HDFC0006789', 'amount': '18000'}"
send cash to my dad.,send money,{'recipient': 'dad'}
"Send 7500 to Ramesh Kumar, account 6543210987, IFSC PNB0012345",bank_transfer,"{'account_holder': 'Ramesh Kumar', 'account_number': '6543210987', 'ifsc': 'PNB0012345', 'amount': '7500'}"
"Transfer 18000 to Suresh B, acc no 3210987654, IFSC HDFC0006789",bank_transfer,"{'account_holder': 'Suresh B', 'account_number': '3210987654', 'ifsc': 'HDFC0006789', 'amount': '18000'}"
send cash to my dad.,send money,{'recipient': 'dad'}
send $50 to john.,send money,"{'amount': '$50', 'recipient': 'john'}"
send money to 98765 43210.,send money,{'phone_number': '98765 43210'}
"Send 7500 to Ramesh Kumar, account 6543210987, IFSC PNB0012345",bank_transfer,"{'account_holder': 'Ramesh Kumar', 'account_number': '6543210987', 'ifsc': 'PNB0012345', 'amount': '7500'}"
make a payment of ₹3054 to someone@ybl.,send money,"{'amount': '₹3054', 'upi_id': 'someone@ybl'}"
"Transfer to account 1234567890, IFSC HDFC0001234",bank_transfer,"{'account_number': '1234567890', 'ifsc': 'HDFC0001234'}"
send money to +91 9876543210.,send money,{'phone_number': '+91 9876543210'}
Pay to account 9876543210,bank_transfer,{'account_number': '9876543210'}
"Deposit 2500 to account 7890123456, IFSC AXIS0007890, holder Neha Gupta",bank_transfer,"{'account_holder': 'Neha Gupta', 'account_number': '7890123456', 'ifsc': 'AXIS0007890', 'amount': '2500'}"
"Send money to Priya Patil, acc 3210987654",bank_transfer,"{'account_holder': 'Priya Patil', 'account_number': '3210987654'}"
Pay to account 9876543210,bank_transfer,{'account_number': '9876543210'}
"Deposit 999 to Mohit Jain, acc 7412589630, IFSC KKBK0004567",bank_transfer,"{'account_holder': 'Mohit Jain', 'account_number': '7412589630', 'ifsc': 'KKBK0004567', 'amount': '999'}"
send money to +91 9876543210.,send money,{'phone_number': '+91 9876543210'}
send money to 9123456789.,send money,{'phone_number': '9123456789'}
pay bob smith using random@oksbi.,send money,"{'recipient': 'bob smith', 'upi_id': 'random@oksbi'}"
"Deposit 999 to Mohit Jain, acc 7412589630, IFSC KKBK0004567",bank_transfer,"{'account_holder': 'Mohit Jain', 'account_number': '7412589630', 'ifsc': 'KKBK0004567', 'amount': '999'}"
"Transfer 18000 to Suresh B, acc no 3210987654, IFSC HDFC0006789",bank_transfer,"{'account_holder': 'Suresh B', 'account_number': '3210987654', 'ifsc': 'HDFC0006789', 'amount': '18000'}"
Send 4500 to Rahul Sharma,bank_transfer,"{'account_holder': 'Rahul Sharma', 'amount': '4500'}"
make a payment of ₹393 to xyz@okhdfcbank.,send money,"{'amount': '₹393', 'upi_id': 'xyz@okhdfcbank'}"
make a payment of ₹4887 to abc@paytm.,send money,"{'amount': '₹4887', 'upi_id': 'abc@paytm'}"
send cash to my dad.,send money,{'recipient': 'dad'}
"Send money to Priya Patil, acc 3210987654",bank_transfer,"{'account_holder': 'Priya Patil', 'account_number': '3210987654'}"
"Deposit 2500 to account 7890123456, IFSC AXIS0007890, holder Neha Gupta",bank_transfer,"{'account_holder': 'Neha Gupta', 'account_number': '7890123456', 'ifsc': 'AXIS0007890', 'amount': '2500'}"
send ₹3671 to john.,send money,"{'recipient': 'john', 'amount': '₹3671'}"
pay john using someone@ybl.,send money,"{'recipient': 'john', 'upi_id': 'someone@ybl'}"
"Pay to Mohit Jain, IFSC KKBK0004567",bank_transfer,"{'account_holder': 'Mohit Jain', 'ifsc': 'KKBK0004567'}"
send money to 9123456789.,send money,{'phone_number': '9123456789'}
pay bob smith using someone@ybl.,send money,"{'recipient': 'bob smith', 'upi_id': 'someone@ybl'}"
Send 4500 to Rahul Sharma,bank_transfer,"{'account_holder': 'Rahul Sharma', 'amount': '4500'}"
"Deposit 3000, acc no 7412589630",bank_transfer,"{'amount': '3000', 'account_number': '7412589630'}"
pay robert using random@oksbi.,send money,"{'recipient': 'robert', 'upi_id': 'random@oksbi'}"
"Deposit 2500 to account 7890123456, IFSC AXIS0007890, holder Neha Gupta",bank_transfer,"{'account_holder': 'Neha Gupta', 'account_number': '7890123456', 'ifsc': 'AXIS0007890', 'amount': '2500'}"
"Send 7500 to Ramesh Kumar, account 6543210987, IFSC PNB0012345",bank_transfer,"{'account_holder': 'Ramesh Kumar', 'account_number': '6543210987', 'ifsc': 'PNB0012345', 'amount': '7500'}"
Pay to account 9876543210,bank_transfer,{'account_number': '9876543210'}
transfer ₹3633 to abc@paytm.,send money,"{'upi_id': 'abc@paytm', 'amount': '₹3633'}"
Pay to account 9876543210,bank_transfer,{'account_number': '9876543210'}
"Transfer 5000 to Rahul Sharma, account 1234567890, IFSC HDFC0001234",bank_transfer,"{'account_holder': 'Rahul Sharma', 'account_number': '1234567890', 'ifsc': 'HDFC0001234', 'amount': '5000'}"
pay alice using abc@paytm.,send money,"{'recipient': 'alice', 'upi_id': 'abc@paytm'}"
"Deposit 3000, acc no 7412589630",bank_transfer,"{'amount': '3000', 'account_number': '7412589630'}"
"Send 7500 to Ramesh Kumar, account 6543210987, IFSC PNB0012345",bank_transfer,"{'account_holder': 'Ramesh Kumar', 'account_number': '6543210987', 'ifsc': 'PNB0012345', 'amount': '7500'}"
transfer ₹2420 to random@oksbi.,send money,"{'upi_id': 'random@oksbi', 'amount': '₹2420'}"
pay alice using someone@ybl.,send money,"{'recipient': 'alice', 'upi_id': 'someone@ybl'}"
transfer ₹4340 to random@oksbi.,send money,"{'upi_id': 'random@oksbi', 'amount': '₹4340'}"
send $50 to john.,send money,"{'amount': '$50', 'recipient': 'john'}"
"Deposit 2500 to account 7890123456, IFSC AXIS0007890, holder Neha Gupta",bank_transfer,"{'account_holder': 'Neha Gupta', 'account_number': '7890123456', 'ifsc': 'AXIS0007890', 'amount': '2500'}"
"Transfer 5000 to Rahul Sharma, account 1234567890, IFSC HDFC0001234",bank_transfer,"{'account_holder': 'Rahul Sharma', 'account_number': '1234567890', 'ifsc': 'HDFC0001234', 'amount': '5000'}"
how can i transfer $200?,send money,{'amount': '$200'}
transfer ₹3713 to abc@paytm.,send money,"{'upi_id': 'abc@paytm', 'amount': '₹3713'}"
"Transfer 18000 to Suresh B, acc no 3210987654, IFSC HDFC0006789",bank_transfer,"{'account_holder': 'Suresh B', 'account_number': '3210987654', 'ifsc': 'HDFC0006789', 'amount': '18000'}"
"Deposit 3000, acc no 7412589630",bank_transfer,"{'amount': '3000', 'account_number': '7412589630'}"
"Deposit 3000, acc no 7412589630",bank_transfer,"{'amount': '3000', 'account_number': '7412589630'}"
"Send 15000 to Priya Patil, account 9876543210, IFSC ICIC0005678",bank_transfer,"{'account_holder': 'Priya Patil', 'account_number': '9876543210', 'ifsc': 'ICIC0005678', 'amount': '15000'}"
make a payment of ₹4392 to random@oksbi.,send money,"{'amount': '₹4392', 'upi_id': 'random@oksbi'}"
transfer ₹406 to user@upi.,send money,"{'upi_id': 'user@upi', 'amount': '₹406'}"
send money to +91 9876543210.,send money,{'phone_number': '+91 9876543210'}
transfer ₹4174 to xyz@okhdfcbank.,send money,"{'upi_id': 'xyz@okhdfcbank', 'amount': '₹4174'}"
"Transfer 12000, IFSC ICIC0005678",bank_transfer,"{'amount': '12000', 'ifsc': 'ICIC0005678'}"
can you send money to my friend?,send money,{'recipient': 'friend'}
send ₹427 to johnny.,send money,"{'recipient': 'johnny', 'amount': '₹427'}"
"Send 7500 to Ramesh Kumar, account 6543210987, IFSC PNB0012345",bank_transfer,"{'account_holder': 'Ramesh Kumar', 'account_number': '6543210987', 'ifsc': 'PNB0012345', 'amount': '7500'}"
send ₹3555 to rob.,send money,"{'recipient': 'rob', 'amount': '₹3555'}"
send ₹903 to john.,send money,"{'recipient': 'john', 'amount': '₹903'}"
transfer ₹3358 to someone@ybl.,send money,"{'upi_id': 'someone@ybl', 'amount': '₹3358'}"
"Transfer 12000, IFSC ICIC0005678",bank_transfer,"{'amount': '12000', 'ifsc': 'ICIC0005678'}"
send ₹1770 to rob.,send money,"{'recipient': 'rob', 'amount': '₹1770'}"
"Pay 3200 to account 4561237890, IFSC SBIN0012345, holder name Kunal Mehta",bank_transfer,"{'account_holder': 'Kunal Mehta', 'account_number': '4561237890', 'ifsc': 'SBIN0012345', 'amount': '3200'}"
send money to +91 9876543210.,send money,{'phone_number': '+91 9876543210'}
"Send 15000 to Priya Patil, account 9876543210, IFSC ICIC0005678",bank_transfer,"{'account_holder': 'Priya Patil', 'account_number': '9876543210', 'ifsc': 'ICIC0005678', 'amount': '15000'}"
"Transfer 18000 to Suresh B, acc no 3210987654, IFSC HDFC0006789",bank_transfer,"{'account_holder': 'Suresh B', 'account_number': '3210987654', 'ifsc': 'HDFC0006789', 'amount': '18000'}"
"Transfer 18000 to Suresh B, acc no 3210987654, IFSC HDFC0006789",bank_transfer,"{'account_holder': 'Suresh B', 'account_number': '3210987654', 'ifsc': 'HDFC0006789', 'amount': '18000'}"
"Transfer to account 1234567890, IFSC HDFC0001234",bank_transfer,"{'account_number': '1234567890', 'ifsc': 'HDFC0001234'}"
transfer ₹1858 to abc@paytm.,send money,"{'upi_id': 'abc@paytm', 'amount': '₹1858'}"
transfer ₹3378 to user@upi.,send money,"{'upi_id': 'user@upi', 'amount': '₹3378'}"
"Transfer 5000 to Rahul Sharma, account 1234567890, IFSC HDFC0001234",bank_transfer,"{'account_holder': 'Rahul Sharma', 'account_number': '1234567890', 'ifsc': 'HDFC0001234', 'amount': '5000'}"
"Send money to Priya Patil, acc 3210987654",bank_transfer,"{'account_holder': 'Priya Patil', 'account_number': '3210987654'}"
transfer ₹4523 to user@upi.,send money,"{'upi_id': 'user@upi', 'amount': '₹4523'}"
send ₹1854 to alice.,send money,"{'recipient': 'alice', 'amount': '₹1854'}"
"Send 15000 to Priya Patil, account 9876543210, IFSC ICIC0005678",bank_transfer,"{'account_holder': 'Priya Patil', 'account_number': '9876543210', 'ifsc': 'ICIC0005678', 'amount': '15000'}"
how can i transfer $200?,send money,{'amount': '$200'}
send money to 9123456789.,send money,{'phone_number': '9123456789'}
"Send 15000 to Priya Patil, account 9876543210, IFSC ICIC0005678",bank_transfer,"{'account_holder': 'Priya Patil', 'account_number': '9876543210', 'ifsc': 'ICIC0005678', 'amount': '15000'}"
"Deposit 3000, acc no 7412589630",bank_transfer,"{'amount': '3000', 'account_number': '7412589630'}"
send money to 9123456789.,send money,{'phone_number': '9123456789'}
send money to 98765 43210.,send money,{'phone_number': '98765 43210'}
send money to 98765 43210.,send money,{'phone_number': '98765 43210'}
"Pay 3200 to account 4561237890, IFSC SBIN0012345, holder name Kunal Mehta",bank_transfer,"{'account_holder': 'Kunal Mehta', 'account_number': '4561237890', 'ifsc': 'SBIN0012345', 'amount': '3200'}"
send money to +91 9876543210.,send money,{'phone_number': '+91 9876543210'}
transfer ₹1980 to user@upi.,send money,"{'upi_id': 'user@upi', 'amount': '₹1980'}"
"Transfer 12000, IFSC ICIC0005678",bank_transfer,"{'amount': '12000', 'ifsc': 'ICIC0005678'}"
"Deposit 3000, acc no 7412589630",bank_transfer,"{'amount': '3000', 'account_number': '7412589630'}"
"Deposit 2500 to account 7890123456, IFSC AXIS0007890, holder Neha Gupta",bank_transfer,"{'account_holder': 'Neha Gupta', 'account_number': '7890123456', 'ifsc': 'AXIS0007890', 'amount': '2500'}"
send money to 98765 43210.,send money,{'phone_number': '98765 43210'}
make a payment of ₹443 to user@upi.,send money,"{'amount': '₹443', 'upi_id': 'user@upi'}"
Pay to account 9876543210,bank_transfer,{'account_number': '9876543210'}
"Transfer 18000 to Suresh B, acc no 3210987654, IFSC HDFC0006789",bank_transfer,"{'account_holder': 'Suresh B', 'account_number': '3210987654', 'ifsc': 'HDFC0006789', 'amount': '18000'}"
send money to 9123456789.,send money,{'phone_number': '9123456789'}
Send 4500 to Rahul Sharma,bank_transfer,"{'account_holder': 'Rahul Sharma', 'amount': '4500'}"
"Transfer 12000, IFSC ICIC0005678",bank_transfer,"{'amount': '12000', 'ifsc': 'ICIC0005678'}"
"Send 15000 to Priya Patil, account 9876543210, IFSC ICIC0005678",bank_transfer,"{'account_holder': 'Priya Patil', 'account_number': '9876543210', 'ifsc': 'ICIC0005678', 'amount': '15000'}"
can you send this amount to john?,send money,{'recipient': 'john'}
"Deposit 2500 to account 7890123456, IFSC AXIS0007890, holder Neha Gupta",bank_transfer,"{'account_holder': 'Neha Gupta', 'account_number': '7890123456', 'ifsc': 'AXIS0007890', 'amount': '2500'}"
"Transfer 12000, IFSC ICIC0005678",bank_transfer,"{'amount': '12000', 'ifsc': 'ICIC0005678'}"
send ₹2373 to jon.,send money,"{'recipient': 'jon', 'amount': '₹2373'}"
pay john doe using abc@paytm.,send money,"{'recipient': 'john doe', 'upi_id': 'abc@paytm'}"
send money to +91-7890123456.,send money,{'phone_number': '+91-7890123456'}
make a payment of ₹4766 to user@upi.,send money,"{'amount': '₹4766', 'upi_id': 'user@upi'}"
"Deposit 2500 to account 7890123456, IFSC AXIS0007890, holder Neha Gupta",bank_transfer,"{'account_holder': 'Neha Gupta', 'account_number': '7890123456', 'ifsc': 'AXIS0007890', 'amount': '2500'}"
"Pay 3200 to account 4561237890, IFSC SBIN0012345, holder name Kunal Mehta",bank_transfer,"{'account_holder': 'Kunal Mehta', 'account_number': '4561237890', 'ifsc': 'SBIN0012345', 'amount': '3200'}"
"Transfer 5000 to Rahul Sharma, account 1234567890, IFSC HDFC0001234",bank_transfer,"{'account_holder': 'Rahul Sharma', 'account_number': '1234567890', 'ifsc': 'HDFC0001234', 'amount': '5000'}"
send money to +91 9876543210.,send money,{'phone_number': '+91 9876543210'}
"Send 15000 to Priya Patil, account 9876543210, IFSC ICIC0005678",bank_transfer,"{'account_holder': 'Priya Patil', 'account_number': '9876543210', 'ifsc': 'ICIC0005678', 'amount': '15000'}"
pay rob using abc@paytm.,send money,"{'recipient': 'rob', 'upi_id': 'abc@paytm'}"
"Transfer 5000 to Rahul Sharma, account 1234567890, IFSC HDFC0001234",bank_transfer,"{'account_holder': 'Rahul Sharma', 'account_number': '1234567890', 'ifsc': 'HDFC0001234', 'amount': '5000'}"
make a payment of ₹1324 to xyz@okhdfcbank.,send money,"{'amount': '₹1324', 'upi_id': 'xyz@okhdfcbank'}"
pay johnny using abc@paytm.,send money,"{'recipient': 'johnny', 'upi_id': 'abc@paytm'}"
make a payment of ₹2884 to someone@ybl.,send money,"{'amount': '₹2884', 'upi_id': 'someone@ybl'}"
transfer ₹2067 to random@oksbi.,send money,"{'upi_id': 'random@oksbi', 'amount': '₹2067'}"
make a payment of ₹1842 to someone@ybl.,send money,"{'amount': '₹1842', 'upi_id': 'someone@ybl'}"
transfer funds to my friend.,send money,{'recipient': 'friend'}
"Send money to Priya Patil, acc 3210987654",bank_transfer,"{'account_holder': 'Priya Patil', 'account_number': '3210987654'}"
pay john using someone@ybl.,send money,"{'recipient': 'john', 'upi_id': 'someone@ybl'}"
pay jon using someone@ybl.,send money,"{'recipient': 'jon', 'upi_id': 'someone@ybl'}"
send money to +91-7890123456.,send money,{'phone_number': '+91-7890123456'}
send ₹3486 to johnny.,send money,"{'recipient': 'johnny', 'amount': '₹3486'}"
make a payment of ₹4885 to user@upi.,send money,"{'amount': '₹4885', 'upi_id': 'user@upi'}"
Deposit to IFSC SBIN0012345,bank_transfer,{'ifsc': 'SBIN0012345'}
send ₹2011 to john.,send money,"{'recipient': 'john', 'amount': '₹2011'}"
transfer ₹322 to user@upi.,send money,"{'upi_id': 'user@upi', 'amount': '₹322'}"
"Send money to Priya Patil, acc 3210987654",bank_transfer,"{'account_holder': 'Priya Patil', 'account_number': '3210987654'}"
send ₹4096 to robert.,send money,"{'recipient': 'robert', 'amount': '₹4096'}"
"Send money to Priya Patil, acc 3210987654",bank_transfer,"{'account_holder': 'Priya Patil', 'account_number': '3210987654'}"
"Pay 5600 to account 9638527410, IFSC SBIN0023456, holder Rajesh Verma",bank_transfer,"{'account_holder': 'Rajesh Verma', 'account_number': '9638527410', 'ifsc': 'SBIN0023456', 'amount': '5600'}"
"Pay to Mohit Jain, IFSC KKBK0004567",bank_transfer,"{'account_holder': 'Mohit Jain', 'ifsc': 'KKBK0004567'}"
"Send 7500 to Ramesh Kumar, account 6543210987, IFSC PNB0012345",bank_transfer,"{'account_holder': 'Ramesh Kumar', 'account_number': '6543210987', 'ifsc': 'PNB0012345', 'amount': '7500'}"
make a payment of ₹2130 to abc@paytm.,send money,"{'amount': '₹2130', 'upi_id': 'abc@paytm'}"
Pay to account 9876543210,bank_transfer,{'account_number': '9876543210'}
transfer ₹696 to xyz@okhdfcbank.,send money,"{'upi_id': 'xyz@okhdfcbank', 'amount': '₹696'}"
"Transfer to account 1234567890, IFSC HDFC0001234",bank_transfer,"{'account_number': '1234567890', 'ifsc': 'HDFC0001234'}"
"Pay to Mohit Jain, IFSC KKBK0004567",bank_transfer,"{'account_holder': 'Mohit Jain', 'ifsc': 'KKBK0004567'}"
make a payment of ₹2481 to abc@paytm.,send money,"{'amount': '₹2481', 'upi_id': 'abc@paytm'}"
"Transfer to account 1234567890, IFSC HDFC0001234",bank_transfer,"{'account_number': '1234567890', 'ifsc': 'HDFC0001234'}"
"Deposit 2500 to account 7890123456, IFSC AXIS0007890, holder Neha Gupta",bank_transfer,"{'account_holder': 'Neha Gupta', 'account_number': '7890123456', 'ifsc': 'AXIS0007890', 'amount': '2500'}"
transfer ₹303 to random@oksbi.,send money,"{'upi_id': 'random@oksbi', 'amount': '₹303'}"
"Send money to Priya Patil, acc 3210987654",bank_transfer,"{'account_holder': 'Priya Patil', 'account_number': '3210987654'}"
make a payment of ₹3782 to user@upi.,send money,"{'amount': '₹3782', 'upi_id': 'user@upi'}"
"Send 15000 to Priya Patil, account 9876543210, IFSC ICIC0005678",bank_transfer,"{'account_holder': 'Priya Patil', 'account_number': '9876543210', 'ifsc': 'ICIC0005678', 'amount': '15000'}"
send ₹3114 to rob.,send money,"{'recipient': 'rob', 'amount': '₹3114'}"
transfer ₹3920 to user@upi.,send money,"{'upi_id': 'user@upi', 'amount': '₹3920'}"
send ₹4745 to rob.,send money,"{'recipient': 'rob', 'amount': '₹4745'}"
"Send 7500 to Ramesh Kumar, account 6543210987, IFSC PNB0012345",bank_transfer,"{'account_holder': 'Ramesh Kumar', 'account_number': '6543210987', 'ifsc': 'PNB0012345', 'amount': '7500'}"
"Send money to Priya Patil, acc 3210987654",bank_transfer,"{'account_holder': 'Priya Patil', 'account_number': '3210987654'}"
pay john using user@upi.,send money,"{'recipient': 'john', 'upi_id': 'user@upi'}"
send money to +91-7890123456.,send money,{'phone_number': '+91-7890123456'}
Pay to account 9876543210,bank_transfer,{'account_number': '9876543210'}
send ₹4542 to rob.,send money,"{'recipient': 'rob', 'amount': '₹4542'}"
"Send 15000 to Priya Patil, account 9876543210, IFSC ICIC0005678",bank_transfer,"{'account_holder': 'Priya Patil', 'account_number': '9876543210', 'ifsc': 'ICIC0005678', 'amount': '15000'}"
"Pay to Mohit Jain, IFSC KKBK0004567",bank_transfer,"{'account_holder': 'Mohit Jain', 'ifsc': 'KKBK0004567'}"
send ₹2869 to robert.,send money,"{'recipient': 'robert', 'amount': '₹2869'}"
transfer ₹4742 to abc@paytm.,send money,"{'upi_id': 'abc@paytm', 'amount': '₹4742'}"
send money to 98765 43210.,send money,{'phone_number': '98765 43210'}
make a payment of ₹4601 to random@oksbi.,send money,"{'amount': '₹4601', 'upi_id': 'random@oksbi'}"
"Pay to Mohit Jain, IFSC KKBK0004567",bank_transfer,"{'account_holder': 'Mohit Jain', 'ifsc': 'KKBK0004567'}"
"Send money to Priya Patil, acc 3210987654",bank_transfer,"{'account_holder': 'Priya Patil', 'account_number': '3210987654'}"
"Send 7500 to Ramesh Kumar, account 6543210987, IFSC PNB0012345",bank_transfer,"{'account_holder': 'Ramesh Kumar', 'account_number': '6543210987', 'ifsc': 'PNB0012345', 'amount': '7500'}"
"Pay to Mohit Jain, IFSC KKBK0004567",bank_transfer,"{'account_holder': 'Mohit Jain', 'ifsc': 'KKBK0004567'}"
Pay to account 9876543210,bank_transfer,{'account_number': '9876543210'}
"Send 7500 to Ramesh Kumar, account 6543210987, IFSC PNB0012345",bank_transfer,"{'account_holder': 'Ramesh Kumar', 'account_number': '6543210987', 'ifsc': 'PNB0012345', 'amount': '7500'}"
pay john doe using random@oksbi.,send money,"{'recipient': 'john doe', 'upi_id': 'random@oksbi'}"
transfer funds to my friend.,send money,{'recipient': 'friend'}
Pay to account 9876543210,bank_transfer,{'account_number': '9876543210'}
"Pay to Mohit Jain, IFSC KKBK0004567",bank_transfer,"{'account_holder': 'Mohit Jain', 'ifsc': 'KKBK0004567'}"
make a payment of ₹330 to someone@ybl.,send money,"{'amount': '₹330', 'upi_id': 'someone@ybl'}"
"Pay to Mohit Jain, IFSC KKBK0004567",bank_transfer,"{'account_holder': 'Mohit Jain', 'ifsc': 'KKBK0004567'}"
"Deposit 2500 to account 7890123456, IFSC AXIS0007890, holder Neha Gupta",bank_transfer,"{'account_holder': 'Neha Gupta', 'account_number': '7890123456', 'ifsc': 'AXIS0007890', 'amount': '2500'}"
"Transfer to account 1234567890, IFSC HDFC0001234",bank_transfer,"{'account_number': '1234567890', 'ifsc': 'HDFC0001234'}"
"Pay 5600 to account 9638527410, IFSC SBIN0023456, holder Rajesh Verma",bank_transfer,"{'account_holder': 'Rajesh Verma', 'account_number': '9638527410', 'ifsc': 'SBIN0023456', 'amount': '5600'}"
make a payment of ₹2666 to user@upi.,send money,"{'amount': '₹2666', 'upi_id': 'user@upi'}"
send money to 98765 43210.,send money,{'phone_number': '98765 43210'}
send ₹3912 to jon.,send money,"{'recipient': 'jon', 'amount': '₹3912'}"
"Send 15000 to Priya Patil, account 9876543210, IFSC ICIC0005678",bank_transfer,"{'account_holder': 'Priya Patil', 'account_number': '9876543210', 'ifsc': 'ICIC0005678', 'amount': '15000'}"
"Transfer to account 1234567890, IFSC HDFC0001234",bank_transfer,"{'account_number': '1234567890', 'ifsc': 'HDFC0001234'}"
"Pay to Mohit Jain, IFSC KKBK0004567",bank_transfer,"{'account_holder': 'Mohit Jain', 'ifsc': 'KKBK0004567'}"
transfer funds to my friend.,send money,{'recipient': 'friend'}
make a payment of ₹3347 to user@upi.,send money,"{'amount': '₹3347', 'upi_id': 'user@upi'}"
"Send 7500 to Ramesh Kumar, account 6543210987, IFSC PNB0012345",bank_transfer,"{'account_holder': 'Ramesh Kumar', 'account_number': '6543210987', 'ifsc': 'PNB0012345', 'amount': '7500'}"
"Pay 5600 to account 9638527410, IFSC SBIN0023456, holder Rajesh Verma",bank_transfer,"{'account_holder': 'Rajesh Verma', 'account_number': '9638527410', 'ifsc': 'SBIN0023456', 'amount': '5600'}"
send money to +91 9876543210.,send money,{'phone_number': '+91 9876543210'}
"Pay to Mohit Jain, IFSC KKBK0004567",bank_transfer,"{'account_holder': 'Mohit Jain', 'ifsc': 'KKBK0004567'}"
make a payment of ₹4298 to random@oksbi.,send money,"{'amount': '₹4298', 'upi_id': 'random@oksbi'}"
"Deposit 3000, acc no 7412589630",bank_transfer,"{'amount': '3000', 'account_number': '7412589630'}"
"Pay 5600 to account 9638527410, IFSC SBIN0023456, holder Rajesh Verma",bank_transfer,"{'account_holder': 'Rajesh Verma', 'account_number': '9638527410', 'ifsc': 'SBIN0023456', 'amount': '5600'}"
pay jon using abc@paytm.,send money,"{'recipient': 'jon', 'upi_id': 'abc@paytm'}"
"Pay 3200 to account 4561237890, IFSC SBIN0012345, holder name Kunal Mehta",bank_transfer,"{'account_holder': 'Kunal Mehta', 'account_number': '4561237890', 'ifsc': 'SBIN0012345', 'amount': '3200'}"
send ₹2618 to john.,send money,"{'recipient': 'john', 'amount': '₹2618'}"
send money to 98765 43210.,send money,{'phone_number': '98765 43210'}
make a payment of ₹3360 to abc@paytm.,send money,"{'amount': '₹3360', 'upi_id': 'abc@paytm'}"
Send 4500 to Rahul Sharma,bank_transfer,"{'account_holder': 'Rahul Sharma', 'amount': '4500'}"
transfer ₹2695 to someone@ybl.,send money,"{'upi_id': 'someone@ybl', 'amount': '₹2695'}"
send ₹2202 to robert.,send money,"{'recipient': 'robert', 'amount': '₹2202'}"
"Deposit 2500 to account 7890123456, IFSC AXIS0007890, holder Neha Gupta",bank_transfer,"{'account_holder': 'Neha Gupta', 'account_number': '7890123456', 'ifsc': 'AXIS0007890', 'amount': '2500'}"
how can i transfer $200?,send money,{'amount': '$200'}
"Pay 5600 to account 9638527410, IFSC SBIN0023456, holder Rajesh Verma",bank_transfer,"{'account_holder': 'Rajesh Verma', 'account_number': '9638527410', 'ifsc': 'SBIN0023456', 'amount': '5600'}"
"Transfer 5000 to Rahul Sharma, account 1234567890, IFSC HDFC0001234",bank_transfer,"{'account_holder': 'Rahul Sharma', 'account_number': '1234567890', 'ifsc': 'HDFC0001234', 'amount': '5000'}"
"Deposit 2500 to account 7890123456, IFSC AXIS0007890, holder Neha Gupta",bank_transfer,"{'account_holder': 'Neha Gupta', 'account_number': '7890123456', 'ifsc': 'AXIS0007890', 'amount': '2500'}"
"Pay to Mohit Jain, IFSC KKBK0004567",bank_transfer,"{'account_holder': 'Mohit Jain', 'ifsc': 'KKBK0004567'}"
"Deposit 2500 to account 7890123456, IFSC AXIS0007890, holder Neha Gupta",bank_transfer,"{'account_holder': 'Neha Gupta', 'account_number': '7890123456', 'ifsc': 'AXIS0007890', 'amount': '2500'}"
pay rob using random@oksbi.,send money,"{'recipient': 'rob', 'upi_id': 'random@oksbi'}"
transfer ₹1787 to xyz@okhdfcbank.,send money,"{'upi_id': 'xyz@okhdfcbank', 'amount': '₹1787'}"
Pay to account 9876543210,bank_transfer,{'account_number': '9876543210'}
make a payment of ₹4887 to abc@paytm.,send money,"{'amount': '₹4887', 'upi_id': 'abc@paytm'}"
"Deposit 2500 to account 7890123456, IFSC AXIS0007890, holder Neha Gupta",bank_transfer,"{'account_holder': 'Neha Gupta', 'account_number': '7890123456', 'ifsc': 'AXIS0007890', 'amount': '2500'}"
make a payment of ₹3485 to xyz@okhdfcbank.,send money,"{'amount': '₹3485', 'upi_id': 'xyz@okhdfcbank'}"
"Pay to Mohit Jain, IFSC KKBK0004567",bank_transfer,"{'account_holder': 'Mohit Jain', 'ifsc': 'KKBK0004567'}"
"Transfer 18000 to Suresh B, acc no 3210987654, IFSC HDFC0006789",bank_transfer,"{'account_holder': 'Suresh B', 'account_number': '3210987654', 'ifsc': 'HDFC0006789', 'amount': '18000'}"
move $100 to my brother’s wallet.,send money,"{'amount': '$100', 'recipient': 'brother'}"
transfer ₹2638 to user@upi.,send money,"{'upi_id': 'user@upi', 'amount': '₹2638'}"
"Transfer 5000 to Rahul Sharma, account 1234567890, IFSC HDFC0001234",bank_transfer,"{'account_holder': 'Rahul Sharma', 'account_number': '1234567890', 'ifsc': 'HDFC0001234', 'amount': '5000'}"
make a payment of ₹3360 to abc@paytm.,send money,"{'amount': '₹3360', 'upi_id': 'abc@paytm'}"
"Transfer to account 1234567890, IFSC HDFC0001234",bank_transfer,"{'account_number': '1234567890', 'ifsc': 'HDFC0001234'}"
"Deposit 3000, acc no 7412589630",bank_transfer,"{'amount': '3000', 'account_number': '7412589630'}"
"Send money to Priya Patil, acc 3210987654",bank_transfer,"{'account_holder': 'Priya Patil', 'account_number': '3210987654'}"
make a payment of ₹1949 to xyz@okhdfcbank.,send money,"{'amount': '₹1949', 'upi_id': 'xyz@okhdfcbank'}"
send ₹3543 to john.,send money,"{'recipient': 'john', 'amount': '₹3543'}"
send ₹1328 to johnny.,send money,"{'recipient': 'johnny', 'amount': '₹1328'}"
"Send 15000 to Priya Patil, account 9876543210, IFSC ICIC0005678",bank_transfer,"{'account_holder': 'Priya Patil', 'account_number': '9876543210', 'ifsc': 'ICIC0005678', 'amount': '15000'}"
"Pay 5600 to account 9638527410, IFSC SBIN0023456, holder Rajesh Verma",bank_transfer,"{'account_holder': 'Rajesh Verma', 'account_number': '9638527410', 'ifsc': 'SBIN0023456', 'amount': '5600'}"
"Transfer 12000, IFSC ICIC0005678",bank_transfer,"{'amount': '12000', 'ifsc': 'ICIC0005678'}"
Send 4500 to Rahul Sharma,bank_transfer,"{'account_holder': 'Rahul Sharma', 'amount': '4500'}"
"Deposit 999 to Mohit Jain, acc 7412589630, IFSC KKBK0004567",bank_transfer,"{'account_holder': 'Mohit Jain', 'account_number': '7412589630', 'ifsc': 'KKBK0004567', 'amount': '999'}"
"Deposit 3000, acc no 7412589630",bank_transfer,"{'amount': '3000', 'account_number': '7412589630'}"
"Send 15000 to Priya Patil, account 9876543210, IFSC ICIC0005678",bank_transfer,"{'account_holder': 'Priya Patil', 'account_number': '9876543210', 'ifsc': 'ICIC0005678', 'amount': '15000'}"
pay john doe using abc@paytm.,send money,"{'recipient': 'john doe', 'upi_id': 'abc@paytm'}"
"Pay 5600 to account 9638527410, IFSC SBIN0023456, holder Rajesh Verma",bank_transfer,"{'account_holder': 'Rajesh Verma', 'account_number': '9638527410', 'ifsc': 'SBIN0023456', 'amount': '5600'}"
Pay to account 9876543210,bank_transfer,{'account_number': '9876543210'}
send money to +91 9876543210.,send money,{'phone_number': '+91 9876543210'}
"Deposit 999 to Mohit Jain, acc 7412589630, IFSC KKBK0004567",bank_transfer,"{'account_holder': 'Mohit Jain', 'account_number': '7412589630', 'ifsc': 'KKBK0004567', 'amount': '999'}"
"Deposit 2500 to account 7890123456, IFSC AXIS0007890, holder Neha Gupta",bank_transfer,"{'account_holder': 'Neha Gupta', 'account_number': '7890123456', 'ifsc': 'AXIS0007890', 'amount': '2500'}"
Send 4500 to Rahul Sharma,bank_transfer,"{'account_holder': 'Rahul Sharma', 'amount': '4500'}"
please pay this amount to my friend.,send money,{'recipient': 'friend'}
Send 4500 to Rahul Sharma,bank_transfer,"{'account_holder': 'Rahul Sharma', 'amount': '4500'}"
"Send 7500 to Ramesh Kumar, account 6543210987, IFSC PNB0012345",bank_transfer,"{'account_holder': 'Ramesh Kumar', 'account_number': '6543210987', 'ifsc': 'PNB0012345', 'amount': '7500'}"
"Send money to Priya Patil, acc 3210987654",bank_transfer,"{'account_holder': 'Priya Patil', 'account_number': '3210987654'}"
"Deposit 2500 to account 7890123456, IFSC AXIS0007890, holder Neha Gupta",bank_transfer,"{'account_holder': 'Neha Gupta', 'account_number': '7890123456', 'ifsc': 'AXIS0007890', 'amount': '2500'}"
send ₹4108 to johnny.,send money,"{'recipient': 'johnny', 'amount': '₹4108'}"
send money to 9123456789.,send money,{'phone_number': '9123456789'}
"Send 7500 to Ramesh Kumar, account 6543210987, IFSC PNB0012345",bank_transfer,"{'account_holder': 'Ramesh Kumar', 'account_number': '6543210987', 'ifsc': 'PNB0012345', 'amount': '7500'}"
"Pay to Mohit Jain, IFSC KKBK0004567",bank_transfer,"{'account_holder': 'Mohit Jain', 'ifsc': 'KKBK0004567'}"
"Send 7500 to Ramesh Kumar, account 6543210987, IFSC PNB0012345",bank_transfer,"{'account_holder': 'Ramesh Kumar', 'account_number': '6543210987', 'ifsc': 'PNB0012345', 'amount': '7500'}"
send ₹1929 to alice.,send money,"{'recipient': 'alice', 'amount': '₹1929'}"
"Transfer to account 1234567890, IFSC HDFC0001234",bank_transfer,"{'account_number': '1234567890', 'ifsc': 'HDFC0001234'}"
"Transfer to account 1234567890, IFSC HDFC0001234",bank_transfer,"{'account_number': '1234567890', 'ifsc': 'HDFC0001234'}"
"Send money to Priya Patil, acc 3210987654",bank_transfer,"{'account_holder': 'Priya Patil', 'account_number': '3210987654'}"
"Deposit 3000, acc no 7412589630",bank_transfer,"{'amount': '3000', 'account_number': '7412589630'}"
"Transfer to account 1234567890, IFSC HDFC0001234",bank_transfer,"{'account_number': '1234567890', 'ifsc': 'HDFC0001234'}"
send ₹2987 to rob.,send money,"{'recipient': 'rob', 'amount': '₹2987'}"
"Deposit 2500 to account 7890123456, IFSC AXIS0007890, holder Neha Gupta",bank_transfer,"{'account_holder': 'Neha Gupta', 'account_number': '7890123456', 'ifsc': 'AXIS0007890', 'amount': '2500'}"
"Send 7500 to Ramesh Kumar, account 6543210987, IFSC PNB0012345",bank_transfer,"{'account_holder': 'Ramesh Kumar', 'account_number': '6543210987', 'ifsc': 'PNB0012345', 'amount': '7500'}"
transfer ₹814 to user@upi.,send money,"{'upi_id': 'user@upi', 'amount': '₹814'}"
pay robert using random@oksbi.,send money,"{'recipient': 'robert', 'upi_id': 'random@oksbi'}"
"Transfer to account 1234567890, IFSC HDFC0001234",bank_transfer,"{'account_number': '1234567890', 'ifsc': 'HDFC0001234'}"
send ₹4542 to rob.,send money,"{'recipient': 'rob', 'amount': '₹4542'}"
make a payment of ₹4151 to abc@paytm.,send money,"{'amount': '₹4151', 'upi_id': 'abc@paytm'}"
"Transfer 18000 to Suresh B, acc no 3210987654, IFSC HDFC0006789",bank_transfer,"{'account_holder': 'Suresh B', 'account_number': '3210987654', 'ifsc': 'HDFC0006789', 'amount': '18000'}"
"Transfer 5000 to Rahul Sharma, account 1234567890, IFSC HDFC0001234",bank_transfer,"{'account_holder': 'Rahul Sharma', 'account_number': '1234567890', 'ifsc': 'HDFC0001234', 'amount': '5000'}"
send money to +91-7890123456.,send money,{'phone_number': '+91-7890123456'}
Send 4500 to Rahul Sharma,bank_transfer,"{'account_holder': 'Rahul Sharma', 'amount': '4500'}"
send $50 to john.,send money,"{'amount': '$50', 'recipient': 'john'}"
Send 4500 to Rahul Sharma,bank_transfer,"{'account_holder': 'Rahul Sharma', 'amount': '4500'}"
send ₹4542 to rob.,send money,"{'recipient': 'rob', 'amount': '₹4542'}"
move $100 to my brother’s wallet.,send money,"{'amount': '$100', 'recipient': 'brother'}"
"Pay 5600 to account 9638527410, IFSC SBIN0023456, holder Rajesh Verma",bank_transfer,"{'account_holder': 'Rajesh Verma', 'account_number': '9638527410', 'ifsc': 'SBIN0023456', 'amount': '5600'}"
pay alice using someone@ybl.,send money,"{'recipient': 'alice', 'upi_id': 'someone@ybl'}"
pay john using abc@paytm.,send money,"{'recipient': 'john', 'upi_id': 'abc@paytm'}"
send ₹2893 to alice.,send money,"{'recipient': 'alice', 'amount': '₹2893'}"
"Send 15000 to Priya Patil, account 9876543210, IFSC ICIC0005678",bank_transfer,"{'account_holder': 'Priya Patil', 'account_number': '9876543210', 'ifsc': 'ICIC0005678', 'amount': '15000'}"
send ₹4521 to alice.,send money,"{'recipient': 'alice', 'amount': '₹4521'}"
send ₹3912 to jon.,send money,"{'recipient': 'jon', 'amount': '₹3912'}"
"Transfer 12000, IFSC ICIC0005678",bank_transfer,"{'amount': '12000', 'ifsc': 'ICIC0005678'}"
"Transfer 12000, IFSC ICIC0005678",bank_transfer,"{'amount': '12000', 'ifsc': 'ICIC0005678'}"
"Pay to Mohit Jain, IFSC KKBK0004567",bank_transfer,"{'account_holder': 'Mohit Jain', 'ifsc': 'KKBK0004567'}"
"Pay to Mohit Jain, IFSC KKBK0004567",bank_transfer,"{'account_holder': 'Mohit Jain', 'ifsc': 'KKBK0004567'}"
"Transfer 5000 to Rahul Sharma, account 1234567890, IFSC HDFC0001234",bank_transfer,"{'account_holder': 'Rahul Sharma', 'account_number': '1234567890', 'ifsc': 'HDFC0001234', 'amount': '5000'}"
"Pay to Mohit Jain, IFSC KKBK0004567",bank_transfer,"{'account_holder': 'Mohit Jain', 'ifsc': 'KKBK0004567'}"
"Send 15000 to Priya Patil, account 9876543210, IFSC ICIC0005678",bank_transfer,"{'account_holder': 'Priya Patil', 'account_number': '9876543210', 'ifsc': 'ICIC0005678', 'amount': '15000'}"
"Pay 3200 to account 4561237890, IFSC SBIN0012345, holder name Kunal Mehta",bank_transfer,"{'account_holder': 'Kunal Mehta', 'account_number': '4561237890', 'ifsc': 'SBIN0012345', 'amount': '3200'}"
"Transfer 18000 to Suresh B, acc no 3210987654, IFSC HDFC0006789",bank_transfer,"{'account_holder': 'Suresh B', 'account_number': '3210987654', 'ifsc': 'HDFC0006789', 'amount': '18000'}"
send money to +91-7890123456.,send money,{'phone_number': '+91-7890123456'}
"Transfer to account 1234567890, IFSC HDFC0001234",bank_transfer,"{'account_number': '1234567890', 'ifsc': 'HDFC0001234'}"
send money to +91 9876543210.,send money,{'phone_number': '+91 9876543210'}
Pay to account 9876543210,bank_transfer,{'account_number': '9876543210'}
send money to +91 9876543210.,send money,{'phone_number': '+91 9876543210'}
Pay to account 9876543210,bank_transfer,{'account_number': '9876543210'}
Send 4500 to Rahul Sharma,bank_transfer,"{'account_holder': 'Rahul Sharma', 'amount': '4500'}"
send money to +91 9876543210.,send money,{'phone_number': '+91 9876543210'}
transfer ₹1787 to xyz@okhdfcbank.,send money,"{'upi_id': 'xyz@okhdfcbank', 'amount': '₹1787'}"
pay rob using random@oksbi.,send money,"{'recipient': 'rob', 'upi_id': 'random@oksbi'}"
Pay to account 9876543210,bank_transfer,{'account_number': '9876543210'}
"Transfer 12000, IFSC ICIC0005678",bank_transfer,"{'amount': '12000', 'ifsc': 'ICIC0005678'}"
"Transfer to account 1234567890, IFSC HDFC0001234",bank_transfer,"{'account_number': '1234567890', 'ifsc': 'HDFC0001234'}"
make a payment of ₹4525 to abc@paytm.,send money,"{'amount': '₹4525', 'upi_id': 'abc@paytm'}"
make a payment of ₹618 to someone@ybl.,send money,"{'amount': '₹618', 'upi_id': 'someone@ybl'}"
transfer ₹2720 to xyz@okhdfcbank.,send money,"{'upi_id': 'xyz@okhdfcbank', 'amount': '₹2720'}"
pay robert using user@upi.,send money,"{'recipient': 'robert', 'upi_id': 'user@upi'}"
i need to pay my sister.,send money,{'recipient': 'sister'}
Pay to account 9876543210,bank_transfer,{'account_number': '9876543210'}
"Send 7500 to Ramesh Kumar, account 6543210987, IFSC PNB0012345",bank_transfer,"{'account_holder': 'Ramesh Kumar', 'account_number': '6543210987', 'ifsc': 'PNB0012345', 'amount': '7500'}"
"Transfer 12000, IFSC ICIC0005678",bank_transfer,"{'amount': '12000', 'ifsc': 'ICIC0005678'}"
send ₹1853 to john.,send money,"{'recipient': 'john', 'amount': '₹1853'}"
"Transfer 5000 to Rahul Sharma, account 1234567890, IFSC HDFC0001234",bank_transfer,"{'account_holder': 'Rahul Sharma', 'account_number': '1234567890', 'ifsc': 'HDFC0001234', 'amount': '5000'}"
transfer ₹3781 to xyz@okhdfcbank.,send money,"{'upi_id': 'xyz@okhdfcbank', 'amount': '₹3781'}"
please pay this amount to my friend.,send money,{'recipient': 'friend'}
"Pay 3200 to account 4561237890, IFSC SBIN0012345, holder name Kunal Mehta",bank_transfer,"{'account_holder': 'Kunal Mehta', 'account_number': '4561237890', 'ifsc': 'SBIN0012345', 'amount': '3200'}"
transfer ₹2530 to abc@paytm.,send money,"{'upi_id': 'abc@paytm', 'amount': '₹2530'}"
send money to +91 9876543210.,send money,{'phone_number': '+91 9876543210'}
send money to +91-7890123456.,send money,{'phone_number': '+91-7890123456'}
transfer ₹1989 to abc@paytm.,send money,"{'upi_id': 'abc@paytm', 'amount': '₹1989'}"
send ₹3120 to johnny.,send money,"{'recipient': 'johnny', 'amount': '₹3120'}"
send ₹2759 to rob.,send money,"{'recipient': 'rob', 'amount': '₹2759'}"
make a payment of ₹2884 to someone@ybl.,send money,"{'amount': '₹2884', 'upi_id': 'someone@ybl'}"
Pay to account 9876543210,bank_transfer,{'account_number': '9876543210'}
move $100 to my brother’s wallet.,send money,"{'amount': '$100', 'recipient': 'brother'}"
"Send 15000 to Priya Patil, account 9876543210, IFSC ICIC0005678",bank_transfer,"{'account_holder': 'Priya Patil', 'account_number': '9876543210', 'ifsc': 'ICIC0005678', 'amount': '15000'}"
send ₹1328 to johnny.,send money,"{'recipient': 'johnny', 'amount': '₹1328'}"
"Transfer 18000 to Suresh B, acc no 3210987654, IFSC HDFC0006789",bank_transfer,"{'account_holder': 'Suresh B', 'account_number': '3210987654', 'ifsc': 'HDFC0006789', 'amount': '18000'}"
pay johnny using user@upi.,send money,"{'recipient': 'johnny', 'upi_id': 'user@upi'}"
send ₹2618 to john.,send money,"{'recipient': 'john', 'amount': '₹2618'}"
Deposit to IFSC SBIN0012345,bank_transfer,{'ifsc': 'SBIN0012345'}
pay jon using abc@paytm.,send money,"{'recipient': 'jon', 'upi_id': 'abc@paytm'}"
"Deposit 3000, acc no 7412589630",bank_transfer,"{'amount': '3000', 'account_number': '7412589630'}"
"Deposit 2500 to account 7890123456, IFSC AXIS0007890, holder Neha Gupta",bank_transfer,"{'account_holder': 'Neha Gupta', 'account_number': '7890123456', 'ifsc': 'AXIS0007890', 'amount': '2500'}"
send ₹4948 to bob smith.,send money,"{'recipient': 'bob smith', 'amount': '₹4948'}"
can you send money to my friend?,send money,{'recipient': 'friend'}
pay bob smith using someone@ybl.,send money,"{'recipient': 'bob smith', 'upi_id': 'someone@ybl'}"
"Deposit 2500 to account 7890123456, IFSC AXIS0007890, holder Neha Gupta",bank_transfer,"{'account_holder': 'Neha Gupta', 'account_number': '7890123456', 'ifsc': 'AXIS0007890', 'amount': '2500'}"
"Send money to Priya Patil, acc 3210987654",bank_transfer,"{'account_holder': 'Priya Patil', 'account_number': '3210987654'}"
send $50 to john.,send money,"{'amount': '$50', 'recipient': 'john'}"
send ₹362 to bob smith.,send money,"{'recipient': 'bob smith', 'amount': '₹362'}"
"Transfer 12000, IFSC ICIC0005678",bank_transfer,"{'amount': '12000', 'ifsc': 'ICIC0005678'}"
"Pay to Mohit Jain, IFSC KKBK0004567",bank_transfer,"{'account_holder': 'Mohit Jain', 'ifsc': 'KKBK0004567'}"
transfer funds to my friend.,send money,{'recipient': 'friend'}
send money to +91-7890123456.,send money,{'phone_number': '+91-7890123456'}
make a payment of ₹3360 to abc@paytm.,send money,"{'amount': '₹3360', 'upi_id': 'abc@paytm'}"
"Transfer 12000, IFSC ICIC0005678",bank_transfer,"{'amount': '12000', 'ifsc': 'ICIC0005678'}"
send money to 9123456789.,send money,{'phone_number': '9123456789'}
send ₹1168 to rob.,send money,"{'recipient': 'rob', 'amount': '₹1168'}"
Pay to account 9876543210,bank_transfer,{'account_number': '9876543210'}
send money to +91 9876543210.,send money,{'phone_number': '+91 9876543210'}
"Send 7500 to Ramesh Kumar, account 6543210987, IFSC PNB0012345",bank_transfer,"{'account_holder': 'Ramesh Kumar', 'account_number': '6543210987', 'ifsc': 'PNB0012345', 'amount': '7500'}"
pay johnny using user@upi.,send money,"{'recipient': 'johnny', 'upi_id': 'user@upi'}"
make a payment of ₹1993 to random@oksbi.,send money,"{'amount': '₹1993', 'upi_id': 'random@oksbi'}"
Deposit to IFSC SBIN0012345,bank_transfer,{'ifsc': 'SBIN0012345'}
can you send money to my friend?,send money,{'recipient': 'friend'}
pay johnny using user@upi.,send money,"{'recipient': 'johnny', 'upi_id': 'user@upi'}"
transfer ₹2924 to user@upi.,send money,"{'upi_id': 'user@upi', 'amount': '₹2924'}"
send ₹3546 to john doe.,send money,"{'recipient': 'john doe', 'amount': '₹3546'}"
how can i transfer $200?,send money,{'amount': '$200'}
"Transfer 12000, IFSC ICIC0005678",bank_transfer,"{'amount': '12000', 'ifsc': 'ICIC0005678'}"
transfer ₹1063 to xyz@okhdfcbank.,send money,"{'upi_id': 'xyz@okhdfcbank', 'amount': '₹1063'}"
send money to 9123456789.,send money,{'phone_number': '9123456789'}
"Transfer 5000 to Rahul Sharma, account 1234567890, IFSC HDFC0001234",bank_transfer,"{'account_holder': 'Rahul Sharma', 'account_number': '1234567890', 'ifsc': 'HDFC0001234', 'amount': '5000'}"
send money to 98765 43210.,send money,{'phone_number': '98765 43210'}
send ₹4948 to bob smith.,send money,"{'recipient': 'bob smith', 'amount': '₹4948'}"
"Transfer to account 1234567890, IFSC HDFC0001234",bank_transfer,"{'account_number': '1234567890', 'ifsc': 'HDFC0001234'}"
transfer ₹3099 to user@upi.,send money,"{'upi_id': 'user@upi', 'amount': '₹3099'}"
pay alice using someone@ybl.,send money,"{'recipient': 'alice', 'upi_id': 'someone@ybl'}"
send money to 9123456789.,send money,{'phone_number': '9123456789'}
please pay this amount to my friend.,send money,{'recipient': 'friend'}
Deposit to IFSC SBIN0012345,bank_transfer,{'ifsc': 'SBIN0012345'}
send ₹3027 to alice.,send money,"{'recipient': 'alice', 'amount': '₹3027'}"
"Transfer 18000 to Suresh B, acc no 3210987654, IFSC HDFC0006789",bank_transfer,"{'account_holder': 'Suresh B', 'account_number': '3210987654', 'ifsc': 'HDFC0006789', 'amount': '18000'}"
"Send 15000 to Priya Patil, account 9876543210, IFSC ICIC0005678",bank_transfer,"{'account_holder': 'Priya Patil', 'account_number': '9876543210', 'ifsc': 'ICIC0005678', 'amount': '15000'}"
"Transfer 12000, IFSC ICIC0005678",bank_transfer,"{'amount': '12000', 'ifsc': 'ICIC0005678'}"
send ₹3912 to jon.,send money,"{'recipient': 'jon', 'amount': '₹3912'}"
send ₹2315 to rob.,send money,"{'recipient': 'rob', 'amount': '₹2315'}"
"Transfer 12000, IFSC ICIC0005678",bank_transfer,"{'amount': '12000', 'ifsc': 'ICIC0005678'}"
"Send 7500 to Ramesh Kumar, account 6543210987, IFSC PNB0012345",bank_transfer,"{'account_holder': 'Ramesh Kumar', 'account_number': '6543210987', 'ifsc': 'PNB0012345', 'amount': '7500'}"
"Pay 3200 to account 4561237890, IFSC SBIN0012345, holder name Kunal Mehta",bank_transfer,"{'account_holder': 'Kunal Mehta', 'account_number': '4561237890', 'ifsc': 'SBIN0012345', 'amount': '3200'}"
"Transfer 5000 to Rahul Sharma, account 1234567890, IFSC HDFC0001234",bank_transfer,"{'account_holder': 'Rahul Sharma', 'account_number': '1234567890', 'ifsc': 'HDFC0001234', 'amount': '5000'}"
"Send 15000 to Priya Patil, account 9876543210, IFSC ICIC0005678",bank_transfer,"{'account_holder': 'Priya Patil', 'account_number': '9876543210', 'ifsc': 'ICIC0005678', 'amount': '15000'}"
"Deposit 2500 to account 7890123456, IFSC AXIS0007890, holder Neha Gupta",bank_transfer,"{'account_holder': 'Neha Gupta', 'account_number': '7890123456', 'ifsc': 'AXIS0007890', 'amount': '2500'}"
"Pay 5600 to account 9638527410, IFSC SBIN0023456, holder Rajesh Verma",bank_transfer,"{'account_holder': 'Rajesh Verma', 'account_number': '9638527410', 'ifsc': 'SBIN0023456', 'amount': '5600'}"
send money to +91-7890123456.,send money,{'phone_number': '+91-7890123456'}
transfer ₹330 to xyz@okhdfcbank.,send money,"{'upi_id': 'xyz@okhdfcbank', 'amount': '₹330'}"
send money to +91 9876543210.,send money,{'phone_number': '+91 9876543210'}
make a payment of ₹424 to random@oksbi.,send money,"{'amount': '₹424', 'upi_id': 'random@oksbi'}"
pay jon using random@oksbi.,send money,"{'recipient': 'jon', 'upi_id': 'random@oksbi'}"
"Send money to Priya Patil, acc 3210987654",bank_transfer,"{'account_holder': 'Priya Patil', 'account_number': '3210987654'}"
send money to +91 9876543210.,send money,{'phone_number': '+91 9876543210'}
send ₹1595 to john.,send money,"{'recipient': 'john', 'amount': '₹1595'}"
"Send 15000 to Priya Patil, account 9876543210, IFSC ICIC0005678",bank_transfer,"{'account_holder': 'Priya Patil', 'account_number': '9876543210', 'ifsc': 'ICIC0005678', 'amount': '15000'}"
send ₹4854 to rob.,send money,"{'recipient': 'rob', 'amount': '₹4854'}"
"Transfer 18000 to Suresh B, acc no 3210987654, IFSC HDFC0006789",bank_transfer,"{'account_holder': 'Suresh B', 'account_number': '3210987654', 'ifsc': 'HDFC0006789', 'amount': '18000'}"
"Transfer to account 1234567890, IFSC HDFC0001234",bank_transfer,"{'account_number': '1234567890', 'ifsc': 'HDFC0001234'}"
pay rob using xyz@okhdfcbank.,send money,"{'recipient': 'rob', 'upi_id': 'xyz@okhdfcbank'}"
Deposit to IFSC SBIN0012345,bank_transfer,{'ifsc': 'SBIN0012345'}
send cash to my dad.,send money,{'recipient': 'dad'}
pay bob smith using user@upi.,send money,"{'recipient': 'bob smith', 'upi_id': 'user@upi'}"
transfer ₹4936 to random@oksbi.,send money,"{'upi_id': 'random@oksbi', 'amount': '₹4936'}"
move $100 to my brother’s wallet.,send money,"{'amount': '$100', 'recipient': 'brother'}"
send money to 9123456789.,send money,{'phone_number': '9123456789'}
Pay to account 9876543210,bank_transfer,{'account_number': '9876543210'}
make a payment of ₹2214 to random@oksbi.,send money,"{'amount': '₹2214', 'upi_id': 'random@oksbi'}"
send money to 9123456789.,send money,{'phone_number': '9123456789'}
send money to +91 9876543210.,send money,{'phone_number': '+91 9876543210'}
"Transfer 18000 to Suresh B, acc no 3210987654, IFSC HDFC0006789",bank_transfer,"{'account_holder': 'Suresh B', 'account_number': '3210987654', 'ifsc': 'HDFC0006789', 'amount': '18000'}"
"Transfer to account 1234567890, IFSC HDFC0001234",bank_transfer,"{'account_number': '1234567890', 'ifsc': 'HDFC0001234'}"
send ₹156 to robert.,send money,"{'recipient': 'robert', 'amount': '₹156'}"
"Pay 5600 to account 9638527410, IFSC SBIN0023456, holder Rajesh Verma",bank_transfer,"{'account_holder': 'Rajesh Verma', 'account_number': '9638527410', 'ifsc': 'SBIN0023456', 'amount': '5600'}"
"Deposit 999 to Mohit Jain, acc 7412589630, IFSC KKBK0004567",bank_transfer,"{'account_holder': 'Mohit Jain', 'account_number': '7412589630', 'ifsc': 'KKBK0004567', 'amount': '999'}"
make a payment of ₹3070 to random@oksbi.,send money,"{'amount': '₹3070', 'upi_id': 'random@oksbi'}"
please pay this amount to my friend.,send money,{'recipient': 'friend'}
"Transfer 5000 to Rahul Sharma, account 1234567890, IFSC HDFC0001234",bank_transfer,"{'account_holder': 'Rahul Sharma', 'account_number': '1234567890', 'ifsc': 'HDFC0001234', 'amount': '5000'}"
transfer ₹2270 to someone@ybl.,send money,"{'upi_id': 'someone@ybl', 'amount': '₹2270'}"
how can i transfer $200?,send money,{'amount': '$200'}
"Deposit 999 to Mohit Jain, acc 7412589630, IFSC KKBK0004567",bank_transfer,"{'account_holder': 'Mohit Jain', 'account_number': '7412589630', 'ifsc': 'KKBK0004567', 'amount': '999'}"
send money to +91 9876543210.,send money,{'phone_number': '+91 9876543210'}
send ₹1235 to rob.,send money,"{'recipient': 'rob', 'amount': '₹1235'}"
send ₹831 to robert.,send money,"{'recipient': 'robert', 'amount': '₹831'}"
send ₹1288 to jon.,send money,"{'recipient': 'jon', 'amount': '₹1288'}"
send cash to my dad.,send money,{'recipient': 'dad'}
can you send this amount to john?,send money,{'recipient': 'john'}
send money to 98765 43210.,send money,{'phone_number': '98765 43210'}
transfer ₹4026 to abc@paytm.,send money,"{'upi_id': 'abc@paytm', 'amount': '₹4026'}"
move $100 to my brother’s wallet.,send money,"{'amount': '$100', 'recipient': 'brother'}"
transfer ₹4363 to abc@paytm.,send money,"{'upi_id': 'abc@paytm', 'amount': '₹4363'}"
make a payment of ₹968 to random@oksbi.,send money,"{'amount': '₹968', 'upi_id': 'random@oksbi'}"
send money to +91 9876543210.,send money,{'phone_number': '+91 9876543210'}
"Pay 3200 to account 4561237890, IFSC SBIN0012345, holder name Kunal Mehta",bank_transfer,"{'account_holder': 'Kunal Mehta', 'account_number': '4561237890', 'ifsc': 'SBIN0012345', 'amount': '3200'}"
"Transfer 12000, IFSC ICIC0005678",bank_transfer,"{'amount': '12000', 'ifsc': 'ICIC0005678'}"
send money to 9123456789.,send money,{'phone_number': '9123456789'}
make a payment of ₹3058 to abc@paytm.,send money,"{'amount': '₹3058', 'upi_id': 'abc@paytm'}"
send ₹480 to john.,send money,"{'recipient': 'john', 'amount': '₹480'}"
"Send money to Priya Patil, acc 3210987654",bank_transfer,"{'account_holder': 'Priya Patil', 'account_number': '3210987654'}"
"Transfer to account 1234567890, IFSC HDFC0001234",bank_transfer,"{'account_number': '1234567890', 'ifsc': 'HDFC0001234'}"
"Send 7500 to Ramesh Kumar, account 6543210987, IFSC PNB0012345",bank_transfer,"{'account_holder': 'Ramesh Kumar', 'account_number': '6543210987', 'ifsc': 'PNB0012345', 'amount': '7500'}"
can you send this amount to john?,send money,{'recipient': 'john'}
transfer ₹3306 to random@oksbi.,send money,"{'upi_id': 'random@oksbi', 'amount': '₹3306'}"
send money to 9123456789.,send money,{'phone_number': '9123456789'}
make a payment of ₹3316 to xyz@okhdfcbank.,send money,"{'amount': '₹3316', 'upi_id': 'xyz@okhdfcbank'}"
"Transfer 18000 to Suresh B, acc no 3210987654, IFSC HDFC0006789",bank_transfer,"{'account_holder': 'Suresh B', 'account_number': '3210987654', 'ifsc': 'HDFC0006789', 'amount': '18000'}"
"Send 7500 to Ramesh Kumar, account 6543210987, IFSC PNB0012345",bank_transfer,"{'account_holder': 'Ramesh Kumar', 'account_number': '6543210987', 'ifsc': 'PNB0012345', 'amount': '7500'}"
"Pay 3200 to account 4561237890, IFSC SBIN0012345, holder name Kunal Mehta",bank_transfer,"{'account_holder': 'Kunal Mehta', 'account_number': '4561237890', 'ifsc': 'SBIN0012345', 'amount': '3200'}"
"Transfer 18000 to Suresh B, acc no 3210987654, IFSC HDFC0006789",bank_transfer,"{'account_holder': 'Suresh B', 'account_number': '3210987654', 'ifsc': 'HDFC0006789', 'amount': '18000'}"
pay rob using abc@paytm.,send money,"{'recipient': 'rob', 'upi_id': 'abc@paytm'}"
send cash to my dad.,send money,{'recipient': 'dad'}
"Pay 5600 to account 9638527410, IFSC SBIN0023456, holder Rajesh Verma",bank_transfer,"{'account_holder': 'Rajesh Verma', 'account_number': '9638527410', 'ifsc': 'SBIN0023456', 'amount': '5600'}"
"Pay to Mohit Jain, IFSC KKBK0004567",bank_transfer,"{'account_holder': 'Mohit Jain', 'ifsc': 'KKBK0004567'}"
"Transfer 5000 to Rahul Sharma, account 1234567890, IFSC HDFC0001234",bank_transfer,"{'account_holder': 'Rahul Sharma', 'account_number': '1234567890', 'ifsc': 'HDFC0001234', 'amount': '5000'}"
"Transfer to account 1234567890, IFSC HDFC0001234",bank_transfer,"{'account_number': '1234567890', 'ifsc': 'HDFC0001234'}"
Pay to account 9876543210,bank_transfer,{'account_number': '9876543210'}
send ₹1891 to robert.,send money,"{'recipient': 'robert', 'amount': '₹1891'}"
"Transfer to account 1234567890, IFSC HDFC0001234",bank_transfer,"{'account_number': '1234567890', 'ifsc': 'HDFC0001234'}"
send ₹4489 to alice.,send money,"{'recipient': 'alice', 'amount': '₹4489'}"
"Transfer to account 1234567890, IFSC HDFC0001234",bank_transfer,"{'account_number': '1234567890', 'ifsc': 'HDFC0001234'}"
pay alice using xyz@okhdfcbank.,send money,"{'recipient': 'alice', 'upi_id': 'xyz@okhdfcbank'}"
send money to +91 9876543210.,send money,{'phone_number': '+91 9876543210'}
pay bob smith using xyz@okhdfcbank.,send money,"{'recipient': 'bob smith', 'upi_id': 'xyz@okhdfcbank'}"
"Deposit 3000, acc no 7412589630",bank_transfer,"{'amount': '3000', 'account_number': '7412589630'}"
make a payment of ₹4885 to user@upi.,send money,"{'amount': '₹4885', 'upi_id': 'user@upi'}"
"Deposit 2500 to account 7890123456, IFSC AXIS0007890, holder Neha Gupta",bank_transfer,"{'account_holder': 'Neha Gupta', 'account_number': '7890123456', 'ifsc': 'AXIS0007890', 'amount': '2500'}"
"Pay to Mohit Jain, IFSC KKBK0004567",bank_transfer,"{'account_holder': 'Mohit Jain', 'ifsc': 'KKBK0004567'}"
send ₹504 to jon.,send money,"{'recipient': 'jon', 'amount': '₹504'}"
Send 4500 to Rahul Sharma,bank_transfer,"{'account_holder': 'Rahul Sharma', 'amount': '4500'}"
make a payment of ₹3610 to user@upi.,send money,"{'amount': '₹3610', 'upi_id': 'user@upi'}"
pay bob smith using user@upi.,send money,"{'recipient': 'bob smith', 'upi_id': 'user@upi'}"
send money to 9123456789.,send money,{'phone_number': '9123456789'}
send money to 9123456789.,send money,{'phone_number': '9123456789'}
Deposit to IFSC SBIN0012345,bank_transfer,{'ifsc': 'SBIN0012345'}
Send 4500 to Rahul Sharma,bank_transfer,"{'account_holder': 'Rahul Sharma', 'amount': '4500'}"
make a payment of ₹4814 to someone@ybl.,send money,"{'amount': '₹4814', 'upi_id': 'someone@ybl'}"
"Send 7500 to Ramesh Kumar, account 6543210987, IFSC PNB0012345",bank_transfer,"{'account_holder': 'Ramesh Kumar', 'account_number': '6543210987', 'ifsc': 'PNB0012345', 'amount': '7500'}"
transfer ₹4750 to someone@ybl.,send money,"{'upi_id': 'someone@ybl', 'amount': '₹4750'}"
"Deposit 2500 to account 7890123456, IFSC AXIS0007890, holder Neha Gupta",bank_transfer,"{'account_holder': 'Neha Gupta', 'account_number': '7890123456', 'ifsc': 'AXIS0007890', 'amount': '2500'}"
pay john using user@upi.,send money,"{'recipient': 'john', 'upi_id': 'user@upi'}"
pay john using abc@paytm.,send money,"{'recipient': 'john', 'upi_id': 'abc@paytm'}"
"Deposit 999 to Mohit Jain, acc 7412589630, IFSC KKBK0004567",bank_transfer,"{'account_holder': 'Mohit Jain', 'account_number': '7412589630', 'ifsc': 'KKBK0004567', 'amount': '999'}"
transfer ₹3856 to xyz@okhdfcbank.,send money,"{'upi_id': 'xyz@okhdfcbank', 'amount': '₹3856'}"
Pay to account 9876543210,bank_transfer,{'account_number': '9876543210'}
i need to pay my sister.,send money,{'recipient': 'sister'}
"Deposit 999 to Mohit Jain, acc 7412589630, IFSC KKBK0004567",bank_transfer,"{'account_holder': 'Mohit Jain', 'account_number': '7412589630', 'ifsc': 'KKBK0004567', 'amount': '999'}"
"Send 7500 to Ramesh Kumar, account 6543210987, IFSC PNB0012345",bank_transfer,"{'account_holder': 'Ramesh Kumar', 'account_number': '6543210987', 'ifsc': 'PNB0012345', 'amount': '7500'}"
"Transfer 12000, IFSC ICIC0005678",bank_transfer,"{'amount': '12000', 'ifsc': 'ICIC0005678'}"
pay jon using abc@paytm.,send money,"{'recipient': 'jon', 'upi_id': 'abc@paytm'}"
"Deposit 999 to Mohit Jain, acc 7412589630, IFSC KKBK0004567",bank_transfer,"{'account_holder': 'Mohit Jain', 'account_number': '7412589630', 'ifsc': 'KKBK0004567', 'amount': '999'}"
make a payment of ₹2282 to user@upi.,send money,"{'amount': '₹2282', 'upi_id': 'user@upi'}"
"Transfer 5000 to Rahul Sharma, account 1234567890, IFSC HDFC0001234",bank_transfer,"{'account_holder': 'Rahul Sharma', 'account_number': '1234567890', 'ifsc': 'HDFC0001234', 'amount': '5000'}"
"Deposit 3000, acc no 7412589630",bank_transfer,"{'amount': '3000', 'account_number': '7412589630'}"
Send 4500 to Rahul Sharma,bank_transfer,"{'account_holder': 'Rahul Sharma', 'amount': '4500'}"
Pay to account 9876543210,bank_transfer,{'account_number': '9876543210'}
"Deposit 2500 to account 7890123456, IFSC AXIS0007890, holder Neha Gupta",bank_transfer,"{'account_holder': 'Neha Gupta', 'account_number': '7890123456', 'ifsc': 'AXIS0007890', 'amount': '2500'}"
send ₹1319 to bob smith.,send money,"{'recipient': 'bob smith', 'amount': '₹1319'}"
Pay to account 9876543210,bank_transfer,{'account_number': '9876543210'}
"Send 7500 to Ramesh Kumar, account 6543210987, IFSC PNB0012345",bank_transfer,"{'account_holder': 'Ramesh Kumar', 'account_number': '6543210987', 'ifsc': 'PNB0012345', 'amount': '7500'}"
can you send money to my friend?,send money,{'recipient': 'friend'}
"Deposit 3000, acc no 7412589630",bank_transfer,"{'amount': '3000', 'account_number': '7412589630'}"
send money to +91 9876543210.,send money,{'phone_number': '+91 9876543210'}
"Send 15000 to Priya Patil, account 9876543210, IFSC ICIC0005678",bank_transfer,"{'account_holder': 'Priya Patil', 'account_number': '9876543210', 'ifsc': 'ICIC0005678', 'amount': '15000'}"
Send 4500 to Rahul Sharma,bank_transfer,"{'account_holder': 'Rahul Sharma', 'amount': '4500'}"
make a payment of ₹1229 to random@oksbi.,send money,"{'amount': '₹1229', 'upi_id': 'random@oksbi'}"
"Transfer 5000 to Rahul Sharma, account 1234567890, IFSC HDFC0001234",bank_transfer,"{'account_holder': 'Rahul Sharma', 'account_number': '1234567890', 'ifsc': 'HDFC0001234', 'amount': '5000'}"
transfer funds to my friend.,send money,{'recipient': 'friend'}
"Transfer 18000 to Suresh B, acc no 3210987654, IFSC HDFC0006789",bank_transfer,"{'account_holder': 'Suresh B', 'account_number': '3210987654', 'ifsc': 'HDFC0006789', 'amount': '18000'}"
"Deposit 3000, acc no 7412589630",bank_transfer,"{'amount': '3000', 'account_number': '7412589630'}"
send ₹3740 to robert.,send money,"{'recipient': 'robert', 'amount': '₹3740'}"
pay robert using user@upi.,send money,"{'recipient': 'robert', 'upi_id': 'user@upi'}"
make a payment of ₹3927 to abc@paytm.,send money,"{'amount': '₹3927', 'upi_id': 'abc@paytm'}"
"Transfer to account 1234567890, IFSC HDFC0001234",bank_transfer,"{'account_number': '1234567890', 'ifsc': 'HDFC0001234'}"
"Deposit 999 to Mohit Jain, acc 7412589630, IFSC KKBK0004567",bank_transfer,"{'account_holder': 'Mohit Jain', 'account_number': '7412589630', 'ifsc': 'KKBK0004567', 'amount': '999'}"
make a payment of ₹2884 to someone@ybl.,send money,"{'amount': '₹2884', 'upi_id': 'someone@ybl'}"
transfer ₹3609 to user@upi.,send money,"{'upi_id': 'user@upi', 'amount': '₹3609'}"
send money to +91 9876543210.,send money,{'phone_number': '+91 9876543210'}
send money to +91-7890123456.,send money,{'phone_number': '+91-7890123456'}
send money to 9123456789.,send money,{'phone_number': '9123456789'}
"Deposit 2500 to account 7890123456, IFSC AXIS0007890, holder Neha Gupta",bank_transfer,"{'account_holder': 'Neha Gupta', 'account_number': '7890123456', 'ifsc': 'AXIS0007890', 'amount': '2500'}"
send ₹1450 to john doe.,send money,"{'recipient': 'john doe', 'amount': '₹1450'}"
"Pay 5600 to account 9638527410, IFSC SBIN0023456, holder Rajesh Verma",bank_transfer,"{'account_holder': 'Rajesh Verma', 'account_number': '9638527410', 'ifsc': 'SBIN0023456', 'amount': '5600'}"
transfer ₹3481 to user@upi.,send money,"{'upi_id': 'user@upi', 'amount': '₹3481'}"
send ₹4335 to robert.,send money,"{'recipient': 'robert', 'amount': '₹4335'}"
can you send this amount to john?,send money,{'recipient': 'john'}
"Transfer 12000, IFSC ICIC0005678",bank_transfer,"{'amount': '12000', 'ifsc': 'ICIC0005678'}"
make a payment of ₹2722 to someone@ybl.,send money,"{'amount': '₹2722', 'upi_id': 'someone@ybl'}"
transfer ₹1926 to someone@ybl.,send money,"{'upi_id': 'someone@ybl', 'amount': '₹1926'}"
pay john using someone@ybl.,send money,"{'recipient': 'john', 'upi_id': 'someone@ybl'}"
"Transfer 5000 to Rahul Sharma, account 1234567890, IFSC HDFC0001234",bank_transfer,"{'account_holder': 'Rahul Sharma', 'account_number': '1234567890', 'ifsc': 'HDFC0001234', 'amount': '5000'}"
"Pay to Mohit Jain, IFSC KKBK0004567",bank_transfer,"{'account_holder': 'Mohit Jain', 'ifsc': 'KKBK0004567'}"
pay johnny using user@upi.,send money,"{'recipient': 'johnny', 'upi_id': 'user@upi'}"
Pay to account 9876543210,bank_transfer,{'account_number': '9876543210'}
pay rob using xyz@okhdfcbank.,send money,"{'recipient': 'rob', 'upi_id': 'xyz@okhdfcbank'}"
"Deposit 999 to Mohit Jain, acc 7412589630, IFSC KKBK0004567",bank_transfer,"{'account_holder': 'Mohit Jain', 'account_number': '7412589630', 'ifsc': 'KKBK0004567', 'amount': '999'}"
"Transfer 18000 to Suresh B, acc no 3210987654, IFSC HDFC0006789",bank_transfer,"{'account_holder': 'Suresh B', 'account_number': '3210987654', 'ifsc': 'HDFC0006789', 'amount': '18000'}"
"Transfer 5000 to Rahul Sharma, account 1234567890, IFSC HDFC0001234",bank_transfer,"{'account_holder': 'Rahul Sharma', 'account_number': '1234567890', 'ifsc': 'HDFC0001234', 'amount': '5000'}"
how can i transfer $200?,send money,{'amount': '$200'}
"Transfer 12000, IFSC ICIC0005678",bank_transfer,"{'amount': '12000', 'ifsc': 'ICIC0005678'}"
"Send money to Priya Patil, acc 3210987654",bank_transfer,"{'account_holder': 'Priya Patil', 'account_number': '3210987654'}"
"Deposit 2500 to account 7890123456, IFSC AXIS0007890, holder Neha Gupta",bank_transfer,"{'account_holder': 'Neha Gupta', 'account_number': '7890123456', 'ifsc': 'AXIS0007890', 'amount': '2500'}"
send ₹1626 to alice.,send money,"{'recipient': 'alice', 'amount': '₹1626'}"
"Transfer 18000 to Suresh B, acc no 3210987654, IFSC HDFC0006789",bank_transfer,"{'account_holder': 'Suresh B', 'account_number': '3210987654', 'ifsc': 'HDFC0006789', 'amount': '18000'}"
i need to pay my sister.,send money,{'recipient': 'sister'}
send ₹1502 to johnny.,send money,"{'recipient': 'johnny', 'amount': '₹1502'}"
"Transfer to account 1234567890, IFSC HDFC0001234",bank_transfer,"{'account_number': '1234567890', 'ifsc': 'HDFC0001234'}"
can you send money to my friend?,send money,{'recipient': 'friend'}
"Send 15000 to Priya Patil, account 9876543210, IFSC ICIC0005678",bank_transfer,"{'account_holder': 'Priya Patil', 'account_number': '9876543210', 'ifsc': 'ICIC0005678', 'amount': '15000'}"
send ₹3120 to johnny.,send money,"{'recipient': 'johnny', 'amount': '₹3120'}"
pay jon using random@oksbi.,send money,"{'recipient': 'jon', 'upi_id': 'random@oksbi'}"
Deposit to IFSC SBIN0012345,bank_transfer,{'ifsc': 'SBIN0012345'}
pay johnny using abc@paytm.,send money,"{'recipient': 'johnny', 'upi_id': 'abc@paytm'}"
Deposit to IFSC SBIN0012345,bank_transfer,{'ifsc': 'SBIN0012345'}
make a payment of ₹1433 to abc@paytm.,send money,"{'amount': '₹1433', 'upi_id': 'abc@paytm'}"
transfer ₹292 to abc@paytm.,send money,"{'upi_id': 'abc@paytm', 'amount': '₹292'}"
"Transfer 5000 to Rahul Sharma, account 1234567890, IFSC HDFC0001234",bank_transfer,"{'account_holder': 'Rahul Sharma', 'account_number': '1234567890', 'ifsc': 'HDFC0001234', 'amount': '5000'}"
Deposit to IFSC SBIN0012345,bank_transfer,{'ifsc': 'SBIN0012345'}
send ₹3332 to robert.,send money,"{'recipient': 'robert', 'amount': '₹3332'}"
Deposit to IFSC SBIN0012345,bank_transfer,{'ifsc': 'SBIN0012345'}
