Utterance,Intent
Send 2000 to Emma,pay via contacts
Show my QR code for payment,show my QR code
Fund transfer to self ₹200,pay to self
Show my QR code for payment,show my QR code
Pay 750 via bob@ybl,pay via UPI ID
Make a payment using QR,pay via QR code
Deposit ₹2000 into my bank account,pay to self
Can you transfer 500 to 1234567890?,bank transfer
Launch the QR code scanner,open QR code
I need my QR code for transactions,show my QR code
Can you fetch my payment QR code?,show my QR code
Send ₹500 to my savings account,pay to self
Can you fetch my last payments?,transaction history
Launch the QR code scanner,open QR code
Show my transaction history,transaction history
Can you activate the QR scanner?,open QR code
I need to see my past transactions,transaction history
Show my QR code for payment,show my QR code
Transfer 500 to Emma,pay via contacts
Make a payment using QR,pay via QR code
Send 750 to emma@paytm,pay via UPI ID
Wire 1000 to 9876543210,bank transfer
Make a UPI payment of 750 to bob@ybl,pay via UPI ID
I need to scan a QR code,open QR code
Can I transfer ₹5000 to myself?,pay to self
Shift ₹4500 from wallet to bank,pay to self
Make a payment using QR,pay via QR code
Can you process a QR code payment?,pay via QR code
Can you pay 750 to Alice?,pay via contacts
Transfer 750 to Emma,pay via contacts
Launch the QR code scanner,open QR code
Show my transaction history,transaction history
Send 500 to Bob,pay via contacts
Send 750 to bob@ybl,pay via UPI ID
Transfer 250 using emma@paytm,pay via UPI ID
Launch the QR code scanner,open QR code
Move ₹1000 from checking to savings,pay to self
Scan a QR code to pay,pay via QR code
Can you fetch my payment QR code?,show my QR code
Can I transfer ₹5000 to myself?,pay to self
Launch the QR code scanner,open QR code
Make a payment of 2000 to John,pay via contacts
Can you activate the QR scanner?,open QR code
Launch the QR code scanner,open QR code
Move ₹1000 from checking to savings,pay to self
Move some funds to my personal account,pay to self
I need to scan a QR code,open QR code
I need my QR code for transactions,show my QR code
Pay using the scanned QR code,pay via QR code
Show my QR code for payment,show my QR code
Transfer 750 using john@sbi,pay via UPI ID
I need to scan a QR code,open QR code
Display my recent transactions,transaction history
Deposit 1000 into 9876543210,bank transfer
Can you process a QR code payment?,pay via QR code
I need my QR code for transactions,show my QR code
Transfer 250 using emma@paytm,pay via UPI ID
Deposit 2000 into 1122334455,bank transfer
Scan a QR code to pay,pay via QR code
Send ₹3500 from my UPI to my own bank,pay to self
Can you activate the QR scanner?,open QR code
Can you pay 750 to Emma?,pay via contacts
Can you process a QR code payment?,pay via QR code
Scan a QR code to pay,pay via QR code
Bank transfer 1000 to 5566778899,bank transfer
Wire 750 to 5566778899,bank transfer
Wire 2000 to 5566778899,bank transfer
Show my transaction history,transaction history
Can you process a QR code payment?,pay via QR code
Deposit 500 into 5566778899,bank transfer
Transfer 1000 to Alice,pay via contacts
Scan a QR code to pay,pay via QR code
Transfer 750 to John,pay via contacts
Show my QR code for payment,show my QR code
Wire 2000 to 9876543210,bank transfer
Pay 250 via emma@paytm,pay via UPI ID
Launch the QR code scanner,open QR code
Send 250 to bob@ybl,pay via UPI ID
Transfer 250 using emma@paytm,pay via UPI ID
I need to see my past transactions,transaction history
Transfer 750 to Alice,pay via contacts
Transfer 750 using bob@ybl,pay via UPI ID
Transfer 250 to Alice,pay via contacts
Send 1000 to John,pay via contacts
Make a UPI payment of 500 to john@sbi,pay via UPI ID
Self-payment of ₹6000,pay to self
Move ₹5500 within my accounts,pay to self
Can you process a QR code payment?,pay via QR code
Can you pay 2000 to Bob?,pay via contacts
Deposit 750 into 1234567890,bank transfer
Display my recent transactions,transaction history
Transfer 2000 to Emma,pay via contacts
Move ₹1000 from checking to savings,pay to self
Can you transfer 1000 to 1234567890?,bank transfer
Can you transfer 1000 to 1234567890?,bank transfer
Show my QR code for payment,show my QR code
Open the QR code scanner,open QR code
Show my QR code for payment,show my QR code
Open the QR code scanner,open QR code
Can you pay 500 to Emma?,pay via contacts
Display my recent transactions,transaction history
Show my QR code for payment,show my QR code
Display my recent transactions,transaction history
Can you activate the QR scanner?,open QR code
Wire 250 to 5566778899,bank transfer
Pay using the scanned QR code,pay via QR code
Transfer money to my own account,pay to self
Make a payment using QR,pay via QR code
Can you transfer 250 to 9876543210?,bank transfer
I need to see my past transactions,transaction history
Make a payment of 750 to John,pay via contacts
Wire 750 to 5566778899,bank transfer
I need my QR code for transactions,show my QR code
Can you process a QR code payment?,pay via QR code
Pay using the scanned QR code,pay via QR code
Transfer 1000 to Emma,pay via contacts
Show my transaction history,transaction history
Display my QR code,show my QR code
Self-transfer ₹1500,pay to self
Transfer 1000 to Bob,pay via contacts
Bank transfer 750 to 5566778899,bank transfer
Can you fetch my payment QR code?,show my QR code
Can you transfer 1000 to 9876543210?,bank transfer
Launch the QR code scanner,open QR code
Make a payment of 2000 to Alice,pay via contacts
Send 2000 to john@sbi,pay via UPI ID
Pay using the scanned QR code,pay via QR code
Deposit 1000 into 9876543210,bank transfer
Show my transaction history,transaction history
Display my QR code,show my QR code
Make a payment using QR,pay via QR code
Display my recent transactions,transaction history
Launch the QR code scanner,open QR code
Launch the QR code scanner,open QR code
Transfer 1000 to Emma,pay via contacts
Pay 500 via bob@ybl,pay via UPI ID
I need to see my past transactions,transaction history
Make a payment using QR,pay via QR code
Launch the QR code scanner,open QR code
Transfer 1000 to John,pay via contacts
I need to see my past transactions,transaction history
Can you activate the QR scanner?,open QR code
Display my recent transactions,transaction history
Display my recent transactions,transaction history
Make a payment of 250 to John,pay via contacts
Wire 1000 to 5566778899,bank transfer
Can you transfer 250 to 1234567890?,bank transfer
Can you fetch my payment QR code?,show my QR code
Can you fetch my last payments?,transaction history
Wire 1000 to 1234567890,bank transfer
Bank transfer 250 to 5566778899,bank transfer
Send 2000 to John,pay via contacts
Self-transfer ₹1500,pay to self
Open the QR code scanner,open QR code
Send 750 to Alice,pay via contacts
Show my transaction history,transaction history
Send 1000 to bob@ybl,pay via UPI ID
Can you pay 1000 to John?,pay via contacts
Can you transfer 1000 to 1234567890?,bank transfer
Show my QR code for payment,show my QR code
Pay 250 via bob@ybl,pay via UPI ID
Move ₹5500 within my accounts,pay to self
Show my transaction history,transaction history
Scan a QR code to pay,pay via QR code
Deposit 500 into 1122334455,bank transfer
Show my transaction history,transaction history
Can you process a QR code payment?,pay via QR code
Transfer 750 to John,pay via contacts
Send 500 to Bob,pay via contacts
I want to pay myself ₹3000,pay to self
Can you fetch my payment QR code?,show my QR code
Can you fetch my last payments?,transaction history
Make a payment using QR,pay via QR code
Make a UPI payment of 250 to emma@paytm,pay via UPI ID
Can you fetch my last payments?,transaction history
Move some funds to my personal account,pay to self
Scan a QR code to pay,pay via QR code
Display my recent transactions,transaction history
Send ₹500 to my savings account,pay to self
Pay using the scanned QR code,pay via QR code
Can you transfer 1000 to 9876543210?,bank transfer
Pay using the scanned QR code,pay via QR code
Make a payment of 1000 to Alice,pay via contacts
Wire 1000 to 9876543210,bank transfer
Send ₹3500 from my UPI to my own bank,pay to self
Send 1000 to Bob,pay via contacts
Scan a QR code to pay,pay via QR code
Deposit 250 into 1234567890,bank transfer
Can you pay 2000 to John?,pay via contacts
Can I transfer ₹5000 to myself?,pay to self
Make a payment of 500 to Emma,pay via contacts
Make a payment of 250 to Emma,pay via contacts
Can you pay 500 to John?,pay via contacts
Make a UPI payment of 1000 to alice@upi,pay via UPI ID
Make a payment of 750 to Bob,pay via contacts
Pay using the scanned QR code,pay via QR code
Deposit 1000 into 1122334455,bank transfer
Make a UPI payment of 750 to bob@ybl,pay via UPI ID
Can you pay 750 to Alice?,pay via contacts
Send 750 to emma@paytm,pay via UPI ID
Can you fetch my payment QR code?,show my QR code
Show my QR code for payment,show my QR code
Bank transfer 750 to 1234567890,bank transfer
Can you process a QR code payment?,pay via QR code
Scan a QR code to pay,pay via QR code
Bank transfer 2000 to 1122334455,bank transfer
Pay 2000 via john@sbi,pay via UPI ID
Transfer 500 to John,pay via contacts
Send ₹3500 from my UPI to my own bank,pay to self
Bank transfer 500 to 1234567890,bank transfer
Open the QR code scanner,open QR code
Send 1000 to Bob,pay via contacts
Scan a QR code to pay,pay via QR code
Make a payment using QR,pay via QR code
Make a UPI payment of 250 to bob@ybl,pay via UPI ID
Launch the QR code scanner,open QR code
Shift ₹4500 from wallet to bank,pay to self
Can you activate the QR scanner?,open QR code
Show my QR code for payment,show my QR code
Make a payment using QR,pay via QR code
Can you fetch my payment QR code?,show my QR code
Display my recent transactions,transaction history
Pay 500 via bob@ybl,pay via UPI ID
Send 250 to alice@upi,pay via UPI ID
Deposit 500 into 5566778899,bank transfer
Pay using the scanned QR code,pay via QR code
Can you process a QR code payment?,pay via QR code
Pay using the scanned QR code,pay via QR code
Send 750 to emma@paytm,pay via UPI ID
Transfer 2000 to Bob,pay via contacts
Scan a QR code to pay,pay via QR code
Show my transaction history,transaction history
I want to pay myself ₹3000,pay to self
Can you transfer 750 to 1234567890?,bank transfer
Transfer 500 to Emma,pay via contacts
Can you activate the QR scanner?,open QR code
Self-payment of ₹6000,pay to self
Make a UPI payment of 250 to bob@ybl,pay via UPI ID
Transfer money to my own account,pay to self
Can you transfer 1000 to 9876543210?,bank transfer
Can you transfer 750 to 9876543210?,bank transfer
Launch the QR code scanner,open QR code
Transfer 250 to John,pay via contacts
Launch the QR code scanner,open QR code
Show my transaction history,transaction history
I need to see my past transactions,transaction history
Make a UPI payment of 750 to john@sbi,pay via UPI ID
Make a payment of 500 to Alice,pay via contacts
Deposit 500 into 5566778899,bank transfer
Make a payment using QR,pay via QR code
Launch the QR code scanner,open QR code
Launch the QR code scanner,open QR code
Show my QR code for payment,show my QR code
I need to scan a QR code,open QR code
Send 500 to emma@paytm,pay via UPI ID
Display my recent transactions,transaction history
Show my QR code for payment,show my QR code
Scan a QR code to pay,pay via QR code
Can I transfer ₹5000 to myself?,pay to self
Can you pay 2000 to John?,pay via contacts
Show my transaction history,transaction history
Self-payment of ₹6000,pay to self
Pay using the scanned QR code,pay via QR code
Make a payment of 2000 to Emma,pay via contacts
Add ₹10000 to my secondary account,pay to self
Bank transfer 250 to 9876543210,bank transfer
Move ₹1000 from checking to savings,pay to self
I need my QR code for transactions,show my QR code
Make a payment using QR,pay via QR code
Move ₹5500 within my accounts,pay to self
Display my recent transactions,transaction history
Deposit 1000 into 9876543210,bank transfer
Can you transfer 250 to 1234567890?,bank transfer
Transfer 750 to John,pay via contacts
I need to scan a QR code,open QR code
Transfer 2000 to Alice,pay via contacts
Make a payment of 1000 to Bob,pay via contacts
Send 250 to Emma,pay via contacts
Show my transaction history,transaction history
Can you process a QR code payment?,pay via QR code
Bank transfer 500 to 1122334455,bank transfer
Can you transfer 2000 to 1122334455?,bank transfer
Display my recent transactions,transaction history
I need my QR code for transactions,show my QR code
Can you fetch my last payments?,transaction history
Can you fetch my payment QR code?,show my QR code
Pay using the scanned QR code,pay via QR code
Launch the QR code scanner,open QR code
Make a payment of 2000 to Bob,pay via contacts
Can you transfer 2000 to 1122334455?,bank transfer
Open the QR code scanner,open QR code
Display my recent transactions,transaction history
Send 250 to alice@upi,pay via UPI ID
Show my transaction history,transaction history
Show my transaction history,transaction history
Deposit 500 into 1122334455,bank transfer
Show my QR code for payment,show my QR code
Display my recent transactions,transaction history
Make a UPI payment of 750 to bob@ybl,pay via UPI ID
Add ₹100 to my digital wallet,pay to self
Send 500 to Alice,pay via contacts
Scan a QR code to pay,pay via QR code
Transfer 500 using bob@ybl,pay via UPI ID
I need to scan a QR code,open QR code
Can you activate the QR scanner?,open QR code
Wire 1000 to 1122334455,bank transfer
Can you fetch my payment QR code?,show my QR code
Transfer 250 to John,pay via contacts
I need my QR code for transactions,show my QR code
Deposit 1000 into 1122334455,bank transfer
Can you fetch my last payments?,transaction history
I need to move ₹700 to another account of mine,pay to self
Transfer 500 using alice@upi,pay via UPI ID
Make a UPI payment of 750 to bob@ybl,pay via UPI ID
Bank transfer 500 to 1122334455,bank transfer
Show my QR code for payment,show my QR code
Open the QR code scanner,open QR code
Can you transfer 250 to 5566778899?,bank transfer
Send 750 to john@sbi,pay via UPI ID
Send 2000 to alice@upi,pay via UPI ID
Display my recent transactions,transaction history
Can you pay 500 to Emma?,pay via contacts
Show my transaction history,transaction history
Send 250 to bob@ybl,pay via UPI ID
Pay using the scanned QR code,pay via QR code
Pay 250 via bob@ybl,pay via UPI ID
Can you activate the QR scanner?,open QR code
Transfer money to my own account,pay to self
Show my transaction history,transaction history
Can you activate the QR scanner?,open QR code
Can you fetch my last payments?,transaction history
Pay 1000 via emma@paytm,pay via UPI ID
Pay using the scanned QR code,pay via QR code
Deposit 250 into 9876543210,bank transfer
Transfer 500 to Emma,pay via contacts
I need to scan a QR code,open QR code
Wire 250 to 1234567890,bank transfer
Send 2000 to Emma,pay via contacts
Scan a QR code to pay,pay via QR code
Can you activate the QR scanner?,open QR code
Show my transaction history,transaction history
Launch the QR code scanner,open QR code
Can you activate the QR scanner?,open QR code
Make a UPI payment of 1000 to bob@ybl,pay via UPI ID
Can you pay 750 to John?,pay via contacts
Transfer 1000 using alice@upi,pay via UPI ID
Can you fetch my payment QR code?,show my QR code
Can you process a QR code payment?,pay via QR code
Open the QR code scanner,open QR code
Transfer 2000 using john@sbi,pay via UPI ID
Fund transfer to self ₹200,pay to self
Open the QR code scanner,open QR code
Transfer 2000 to Alice,pay via contacts
I need my QR code for transactions,show my QR code
Show my transaction history,transaction history
Pay using the scanned QR code,pay via QR code
Display my recent transactions,transaction history
Open the QR code scanner,open QR code
Wire 250 to 5566778899,bank transfer
Deposit 500 into 5566778899,bank transfer
Show my transaction history,transaction history
Send 500 to Bob,pay via contacts
Display my QR code,show my QR code
Transfer 500 using emma@paytm,pay via UPI ID
Self-transfer ₹1500,pay to self
Display my QR code,show my QR code
Can you pay 2000 to Emma?,pay via contacts
Make a payment using QR,pay via QR code
Shift ₹4500 from wallet to bank,pay to self
Display my QR code,show my QR code
Move ₹5500 within my accounts,pay to self
Make a payment using QR,pay via QR code
Show my transaction history,transaction history
Display my recent transactions,transaction history
Make a payment using QR,pay via QR code
Open the QR code scanner,open QR code
Can you fetch my payment QR code?,show my QR code
Show my QR code for payment,show my QR code
Can I send ₹2500 to my own account?,pay to self
Send 500 to Alice,pay via contacts
Launch the QR code scanner,open QR code
Can I send ₹2500 to my own account?,pay to self
Can you activate the QR scanner?,open QR code
Can you fetch my last payments?,transaction history
Open the QR code scanner,open QR code
Open the QR code scanner,open QR code
Display my recent transactions,transaction history
Move ₹5500 within my accounts,pay to self
Send 250 to john@sbi,pay via UPI ID
Transfer 500 to Alice,pay via contacts
Open the QR code scanner,open QR code
Transfer 250 to John,pay via contacts
Display my QR code,show my QR code
Add ₹10000 to my secondary account,pay to self
Show my QR code for payment,show my QR code
Pay 1000 via alice@upi,pay via UPI ID
Pay using the scanned QR code,pay via QR code
Shift ₹4000 to my savings,pay to self
Can you fetch my payment QR code?,show my QR code
Make a UPI payment of 2000 to alice@upi,pay via UPI ID
I need to scan a QR code,open QR code
Can you fetch my last payments?,transaction history
I need to see my past transactions,transaction history
Wire 750 to 9876543210,bank transfer
Bank transfer 250 to 9876543210,bank transfer
Make a payment using QR,pay via QR code
Pay using the scanned QR code,pay via QR code
I need to move ₹700 to another account of mine,pay to self
Scan a QR code to pay,pay via QR code
Send 750 to John,pay via contacts
Transfer money to my own account,pay to self
Send ₹3500 from my UPI to my own bank,pay to self
Show my QR code for payment,show my QR code
Display my QR code,show my QR code
Transfer 500 using emma@paytm,pay via UPI ID
I need to see my past transactions,transaction history
Open the QR code scanner,open QR code
Pay 500 via bob@ybl,pay via UPI ID
Can you activate the QR scanner?,open QR code
Move some funds to my personal account,pay to self
Display my recent transactions,transaction history
Make a UPI payment of 2000 to emma@paytm,pay via UPI ID
Show my QR code for payment,show my QR code
Open the QR code scanner,open QR code
Launch the QR code scanner,open QR code
Display my recent transactions,transaction history
Launch the QR code scanner,open QR code
Show my QR code for payment,show my QR code
Self-payment of ₹6000,pay to self
Display my recent transactions,transaction history
Move ₹1000 from checking to savings,pay to self
Pay 1000 via alice@upi,pay via UPI ID
I need my QR code for transactions,show my QR code
Transfer 750 to John,pay via contacts
Can you transfer 2000 to 1234567890?,bank transfer
Transfer 250 using emma@paytm,pay via UPI ID
Launch the QR code scanner,open QR code
Open the QR code scanner,open QR code
I need to scan a QR code,open QR code
Make a payment of 750 to Alice,pay via contacts
Make a payment using QR,pay via QR code
Launch the QR code scanner,open QR code
Open the QR code scanner,open QR code
I need to see my past transactions,transaction history
Can you transfer 2000 to 1234567890?,bank transfer
Display my QR code,show my QR code
Can you process a QR code payment?,pay via QR code
Open the QR code scanner,open QR code
Can you fetch my payment QR code?,show my QR code
Transfer 750 to Alice,pay via contacts
Can you fetch my payment QR code?,show my QR code
Display my recent transactions,transaction history
Open the QR code scanner,open QR code
Make a UPI payment of 2000 to emma@paytm,pay via UPI ID
Can you transfer 1000 to 9876543210?,bank transfer
Can you pay 750 to Alice?,pay via contacts
I want to pay myself ₹3000,pay to self
Can I send ₹2500 to my own account?,pay to self
Can you process a QR code payment?,pay via QR code
I need to scan a QR code,open QR code
Transfer 750 using alice@upi,pay via UPI ID
Can you transfer 2000 to 5566778899?,bank transfer
Can you process a QR code payment?,pay via QR code
Send 1000 to bob@ybl,pay via UPI ID
Can you fetch my last payments?,transaction history
Show my transaction history,transaction history
Transfer 250 to Emma,pay via contacts
Can you pay 750 to John?,pay via contacts
Show my QR code for payment,show my QR code
Wire 250 to 5566778899,bank transfer
I need to see my past transactions,transaction history
Make a payment using QR,pay via QR code
Open the QR code scanner,open QR code
Transfer 2000 using emma@paytm,pay via UPI ID
Display my QR code,show my QR code
Transfer 250 using alice@upi,pay via UPI ID
Make a UPI payment of 1000 to bob@ybl,pay via UPI ID
Wire 1000 to 1122334455,bank transfer
Send 2000 to Emma,pay via contacts
Pay using the scanned QR code,pay via QR code
Open the QR code scanner,open QR code
Pay 500 via bob@ybl,pay via UPI ID
Self-payment of ₹6000,pay to self
Can you activate the QR scanner?,open QR code
Bank transfer 750 to 9876543210,bank transfer
Display my QR code,show my QR code
Deposit 2000 into 1122334455,bank transfer
I need my QR code for transactions,show my QR code
Scan a QR code to pay,pay via QR code
I need to see my past transactions,transaction history
Can you transfer 500 to 1122334455?,bank transfer
Can you process a QR code payment?,pay via QR code
Make a UPI payment of 250 to john@sbi,pay via UPI ID
Can you fetch my last payments?,transaction history
Deposit 750 into 5566778899,bank transfer
Show my transaction history,transaction history
Transfer money to my own account,pay to self
Transfer 2000 using bob@ybl,pay via UPI ID
Can you process a QR code payment?,pay via QR code
Bank transfer 500 to 5566778899,bank transfer
Make a UPI payment of 500 to john@sbi,pay via UPI ID
Transfer 500 to John,pay via contacts
Make a UPI payment of 250 to emma@paytm,pay via UPI ID
Can you activate the QR scanner?,open QR code
I need to scan a QR code,open QR code
Send 750 to Bob,pay via contacts
Transfer 1000 to Emma,pay via contacts
Display my recent transactions,transaction history
I need to scan a QR code,open QR code
Launch the QR code scanner,open QR code
Make a UPI payment of 500 to alice@upi,pay via UPI ID
Send ₹500 to my savings account,pay to self
Transfer 500 to Bob,pay via contacts
Make a payment of 250 to Emma,pay via contacts
Transfer 250 using emma@paytm,pay via UPI ID
Make a payment of 750 to John,pay via contacts
Make a payment using QR,pay via QR code
Show my QR code for payment,show my QR code
Can you activate the QR scanner?,open QR code
Display my recent transactions,transaction history
Make a payment using QR,pay via QR code
Can you pay 250 to John?,pay via contacts
Pay 250 via john@sbi,pay via UPI ID
Show my QR code for payment,show my QR code
Can you fetch my payment QR code?,show my QR code
Make a UPI payment of 1000 to john@sbi,pay via UPI ID
Display my QR code,show my QR code
Can you fetch my payment QR code?,show my QR code
Display my recent transactions,transaction history
Make a payment using QR,pay via QR code
Show my QR code for payment,show my QR code
Can you process a QR code payment?,pay via QR code
Can you process a QR code payment?,pay via QR code
Can you process a QR code payment?,pay via QR code
I need to see my past transactions,transaction history
Wire 500 to 5566778899,bank transfer
Deposit ₹900 into my account from UPI,pay to self
Send 750 to John,pay via contacts
Make a payment using QR,pay via QR code
Can you fetch my last payments?,transaction history
Show my QR code for payment,show my QR code
Display my recent transactions,transaction history
Show my QR code for payment,show my QR code
Show my QR code for payment,show my QR code
Can you fetch my payment QR code?,show my QR code
Bank transfer 2000 to 5566778899,bank transfer
Display my recent transactions,transaction history
I need my QR code for transactions,show my QR code
Display my QR code,show my QR code
Transfer 500 using alice@upi,pay via UPI ID
I need to scan a QR code,open QR code
Show my transaction history,transaction history
Pay using the scanned QR code,pay via QR code
Make a UPI payment of 1000 to emma@paytm,pay via UPI ID
Can you process a QR code payment?,pay via QR code
Deposit ₹900 into my account from UPI,pay to self
Bank transfer 1000 to 1122334455,bank transfer
Bank transfer 250 to 9876543210,bank transfer
Wire 1000 to 9876543210,bank transfer
Make a UPI payment of 2000 to john@sbi,pay via UPI ID
Pay 1000 via emma@paytm,pay via UPI ID
Scan a QR code to pay,pay via QR code
Make a payment of 500 to Alice,pay via contacts
Display my recent transactions,transaction history
Self-transfer ₹1500,pay to self
Transfer 1000 using alice@upi,pay via UPI ID
Can you fetch my last payments?,transaction history
Send 750 to john@sbi,pay via UPI ID
Can you activate the QR scanner?,open QR code
Wire 500 to 1122334455,bank transfer
Transfer 1000 using john@sbi,pay via UPI ID
Can you activate the QR scanner?,open QR code
Can you transfer 250 to 9876543210?,bank transfer
Self-payment of ₹6000,pay to self
Can you transfer 250 to 1122334455?,bank transfer
Pay ₹8000 into my own bank,pay to self
Pay ₹8000 into my own bank,pay to self
Show my QR code for payment,show my QR code
Send 750 to Emma,pay via contacts
Wire 500 to 5566778899,bank transfer
Can you activate the QR scanner?,open QR code
Can I send ₹2500 to my own account?,pay to self
Make a payment of 2000 to Bob,pay via contacts
Show my QR code for payment,show my QR code
Make a payment of 500 to Alice,pay via contacts
Pay using the scanned QR code,pay via QR code
Show my QR code for payment,show my QR code
Show my transaction history,transaction history
Display my recent transactions,transaction history
Can you pay 250 to Alice?,pay via contacts
Can you activate the QR scanner?,open QR code
I need to see my past transactions,transaction history
Can you activate the QR scanner?,open QR code
Transfer 750 using emma@paytm,pay via UPI ID
Can I transfer ₹5000 to myself?,pay to self
Can you fetch my payment QR code?,show my QR code
Show my QR code for payment,show my QR code
Show my QR code for payment,show my QR code
Display my recent transactions,transaction history
Pay 500 via john@sbi,pay via UPI ID
Transfer 1000 using bob@ybl,pay via UPI ID
Display my QR code,show my QR code
Can I transfer ₹5000 to myself?,pay to self
Can you activate the QR scanner?,open QR code
Display my QR code,show my QR code
Transfer 750 using john@sbi,pay via UPI ID
Send 500 to alice@upi,pay via UPI ID
Scan a QR code to pay,pay via QR code
Transfer 750 using alice@upi,pay via UPI ID
Send 750 to emma@paytm,pay via UPI ID
Shift ₹4000 to my savings,pay to self
Send 250 to Emma,pay via contacts
I need to see my past transactions,transaction history
Pay using the scanned QR code,pay via QR code
I need my QR code for transactions,show my QR code
Deposit 250 into 1122334455,bank transfer
Make a UPI payment of 1000 to john@sbi,pay via UPI ID
Make a payment using QR,pay via QR code
Pay 750 via john@sbi,pay via UPI ID
Send 250 to john@sbi,pay via UPI ID
Transfer 250 using bob@ybl,pay via UPI ID
Can I send ₹2500 to my own account?,pay to self
Pay 2000 via emma@paytm,pay via UPI ID
Can you fetch my payment QR code?,show my QR code
Send ₹500 to my savings account,pay to self
Send 750 to alice@upi,pay via UPI ID
Pay 500 via emma@paytm,pay via UPI ID
Can I transfer ₹5000 to myself?,pay to self
Can you fetch my payment QR code?,show my QR code
Transfer 1000 to Emma,pay via contacts
I need my QR code for transactions,show my QR code
Display my QR code,show my QR code
I need to scan a QR code,open QR code
Send ₹500 to my savings account,pay to self
Can you transfer 2000 to 5566778899?,bank transfer
Make a payment using QR,pay via QR code
Show my transaction history,transaction history
Pay using the scanned QR code,pay via QR code
Can you activate the QR scanner?,open QR code
Open the QR code scanner,open QR code
I need to see my past transactions,transaction history
Launch the QR code scanner,open QR code
Can you pay 2000 to Bob?,pay via contacts
Launch the QR code scanner,open QR code
Scan a QR code to pay,pay via QR code
I need my QR code for transactions,show my QR code
Transfer 250 using alice@upi,pay via UPI ID
I need to see my past transactions,transaction history
I need to see my past transactions,transaction history
I need to see my past transactions,transaction history
Can you transfer 2000 to 5566778899?,bank transfer
Bank transfer 250 to 5566778899,bank transfer
Scan a QR code to pay,pay via QR code
Launch the QR code scanner,open QR code
I need to see my past transactions,transaction history
Send 2000 to john@sbi,pay via UPI ID
Pay 2000 via john@sbi,pay via UPI ID
Transfer 500 to John,pay via contacts
Make a payment using QR,pay via QR code
Make a payment using QR,pay via QR code
Can you process a QR code payment?,pay via QR code
Can you transfer 500 to 1122334455?,bank transfer
Transfer 500 using emma@paytm,pay via UPI ID
Make a UPI payment of 750 to bob@ybl,pay via UPI ID
Send 2000 to emma@paytm,pay via UPI ID
Can you transfer 2000 to 9876543210?,bank transfer
Can I send ₹2500 to my own account?,pay to self
Can you pay 500 to Alice?,pay via contacts
Can you fetch my last payments?,transaction history
I need my QR code for transactions,show my QR code
Transfer 500 using john@sbi,pay via UPI ID
Can you transfer 2000 to 9876543210?,bank transfer
Can you fetch my payment QR code?,show my QR code
Display my recent transactions,transaction history
Make a payment of 1000 to Emma,pay via contacts
Display my recent transactions,transaction history
Send ₹3500 from my UPI to my own bank,pay to self
Send 2000 to alice@upi,pay via UPI ID
Move ₹1000 from checking to savings,pay to self
Scan a QR code to pay,pay via QR code
Scan a QR code to pay,pay via QR code
I need to move ₹700 to another account of mine,pay to self
Show my QR code for payment,show my QR code
Bank transfer 250 to 1234567890,bank transfer
Send 750 to Alice,pay via contacts
Deposit 1000 into 1122334455,bank transfer
Make a payment using QR,pay via QR code
Pay 500 via john@sbi,pay via UPI ID
Launch the QR code scanner,open QR code
Send ₹3500 from my UPI to my own bank,pay to self
Display my recent transactions,transaction history
Pay using the scanned QR code,pay via QR code
I need to scan a QR code,open QR code
Show my transaction history,transaction history
Show my QR code for payment,show my QR code
Show my QR code for payment,show my QR code
Pay 250 via emma@paytm,pay via UPI ID
Can you fetch my payment QR code?,show my QR code
Can you process a QR code payment?,pay via QR code
Make a UPI payment of 750 to bob@ybl,pay via UPI ID
Make a UPI payment of 250 to alice@upi,pay via UPI ID
Make a payment using QR,pay via QR code
Send 250 to john@sbi,pay via UPI ID
Pay 2000 via emma@paytm,pay via UPI ID
I need to scan a QR code,open QR code
Can you fetch my last payments?,transaction history
Display my recent transactions,transaction history
Can you process a QR code payment?,pay via QR code
Send 750 to Alice,pay via contacts
Transfer 2000 to Alice,pay via contacts
Move ₹1000 from checking to savings,pay to self
I need my QR code for transactions,show my QR code
Send 500 to John,pay via contacts
Transfer 2000 using emma@paytm,pay via UPI ID
Show my QR code for payment,show my QR code
Launch the QR code scanner,open QR code
Scan a QR code to pay,pay via QR code
Send 250 to alice@upi,pay via UPI ID
Bank transfer 1000 to 1234567890,bank transfer
Transfer 750 to Emma,pay via contacts
Self-payment of ₹6000,pay to self
Wire 1000 to 5566778899,bank transfer
Deposit 2000 into 1234567890,bank transfer
Transfer 250 to John,pay via contacts
Can you process a QR code payment?,pay via QR code
I need to scan a QR code,open QR code
Scan a QR code to pay,pay via QR code
Can you pay 750 to John?,pay via contacts
Transfer 1000 to Bob,pay via contacts
Can you process a QR code payment?,pay via QR code
Add ₹100 to my digital wallet,pay to self
Transfer 250 using emma@paytm,pay via UPI ID
Can you pay 500 to John?,pay via contacts
Can you activate the QR scanner?,open QR code
I need my QR code for transactions,show my QR code
Display my QR code,show my QR code
Display my QR code,show my QR code
Pay 250 via alice@upi,pay via UPI ID
Show my transaction history,transaction history
Can you pay 750 to Emma?,pay via contacts
Pay 500 via john@sbi,pay via UPI ID
Show my transaction history,transaction history
Deposit 750 into 5566778899,bank transfer
Bank transfer 2000 to 1122334455,bank transfer
Send 750 to Emma,pay via contacts
Show my transaction history,transaction history
I need to see my past transactions,transaction history
I need to scan a QR code,open QR code
Fund transfer to self ₹200,pay to self
I need to scan a QR code,open QR code
Self-transfer ₹1500,pay to self
Pay 500 via john@sbi,pay via UPI ID
I need my QR code for transactions,show my QR code
Can you pay 1000 to John?,pay via contacts
Can you fetch my payment QR code?,show my QR code
Can you fetch my last payments?,transaction history
Add ₹100 to my digital wallet,pay to self
Show my QR code for payment,show my QR code
Can you fetch my last payments?,transaction history
Shift ₹4500 from wallet to bank,pay to self
I need to move ₹700 to another account of mine,pay to self
Make a payment using QR,pay via QR code
Transfer 250 to Bob,pay via contacts
Pay using the scanned QR code,pay via QR code
Self-payment of ₹6000,pay to self
Deposit 500 into 9876543210,bank transfer
Display my QR code,show my QR code
Can you fetch my last payments?,transaction history
I need to see my past transactions,transaction history
Open the QR code scanner,open QR code
Pay ₹8000 into my own bank,pay to self
Pay ₹8000 into my own bank,pay to self
I need my QR code for transactions,show my QR code
Deposit 750 into 1234567890,bank transfer
Scan a QR code to pay,pay via QR code
Deposit 1000 into 5566778899,bank transfer
Can you fetch my payment QR code?,show my QR code
Transfer 500 using bob@ybl,pay via UPI ID
Transfer 500 using emma@paytm,pay via UPI ID
Can you transfer 500 to 5566778899?,bank transfer
Self-transfer ₹1500,pay to self
Scan a QR code to pay,pay via QR code
Make a UPI payment of 750 to alice@upi,pay via UPI ID
Display my QR code,show my QR code
Can you pay 1000 to Alice?,pay via contacts
Make a UPI payment of 250 to john@sbi,pay via UPI ID
Launch the QR code scanner,open QR code
I need to scan a QR code,open QR code
Can you pay 250 to John?,pay via contacts
Fund transfer to self ₹200,pay to self
Scan a QR code to pay,pay via QR code
Send 2000 to alice@upi,pay via UPI ID
Show my transaction history,transaction history
Open the QR code scanner,open QR code
Make a UPI payment of 250 to emma@paytm,pay via UPI ID
I need to see my past transactions,transaction history
Launch the QR code scanner,open QR code
Can you activate the QR scanner?,open QR code
Transfer money to my own account,pay to self
I need my QR code for transactions,show my QR code
I need to see my past transactions,transaction history
Display my recent transactions,transaction history
Pay 500 via emma@paytm,pay via UPI ID
Launch the QR code scanner,open QR code
Send ₹500 to my savings account,pay to self
Make a UPI payment of 1000 to bob@ybl,pay via UPI ID
I need to scan a QR code,open QR code
Show my transaction history,transaction history
Make a payment using QR,pay via QR code
Launch the QR code scanner,open QR code
Open the QR code scanner,open QR code
Add ₹10000 to my secondary account,pay to self
Deposit 1000 into 1234567890,bank transfer
Send ₹500 to my savings account,pay to self
Scan a QR code to pay,pay via QR code
I need to scan a QR code,open QR code
Launch the QR code scanner,open QR code
Can you fetch my payment QR code?,show my QR code
Deposit 1000 into 1234567890,bank transfer
Send 2000 to bob@ybl,pay via UPI ID
Display my recent transactions,transaction history
Deposit 2000 into 1234567890,bank transfer
Show my transaction history,transaction history
Open the QR code scanner,open QR code
Open the QR code scanner,open QR code
Deposit 1000 into 1122334455,bank transfer
I need my QR code for transactions,show my QR code
Scan a QR code to pay,pay via QR code
Show my transaction history,transaction history
Scan a QR code to pay,pay via QR code
Can you pay 750 to John?,pay via contacts
Show my QR code for payment,show my QR code
Display my QR code,show my QR code
Can you fetch my last payments?,transaction history
Show my transaction history,transaction history
Deposit ₹900 into my account from UPI,pay to self
Can you activate the QR scanner?,open QR code
I need to scan a QR code,open QR code
Add ₹100 to my digital wallet,pay to self
I need to see my past transactions,transaction history
Can you activate the QR scanner?,open QR code
Can you transfer 2000 to 1122334455?,bank transfer
Wire 500 to 5566778899,bank transfer
Send 750 to john@sbi,pay via UPI ID
Pay using the scanned QR code,pay via QR code
Deposit 2000 into 1122334455,bank transfer
Can you activate the QR scanner?,open QR code
Bank transfer 1000 to 9876543210,bank transfer
Can you fetch my payment QR code?,show my QR code
Can you transfer 2000 to 1234567890?,bank transfer
I need to see my past transactions,transaction history
Display my QR code,show my QR code
Can you activate the QR scanner?,open QR code
Show my QR code for payment,show my QR code
I need my QR code for transactions,show my QR code
Make a payment using QR,pay via QR code
Make a payment using QR,pay via QR code
Make a payment of 750 to John,pay via contacts
Make a payment using QR,pay via QR code
Can you fetch my payment QR code?,show my QR code
Make a UPI payment of 250 to alice@upi,pay via UPI ID
Pay using the scanned QR code,pay via QR code
Transfer 1000 to John,pay via contacts
Send 1000 to emma@paytm,pay via UPI ID
Send 1000 to john@sbi,pay via UPI ID
Can you pay 250 to Alice?,pay via contacts
Show my transaction history,transaction history
Pay using the scanned QR code,pay via QR code
Open the QR code scanner,open QR code
Make a payment using QR,pay via QR code
Transfer money to my own account,pay to self
I need my QR code for transactions,show my QR code
Can you fetch my last payments?,transaction history
Wire 750 to 9876543210,bank transfer
Wire 750 to 9876543210,bank transfer
Self-payment of ₹6000,pay to self
Can you activate the QR scanner?,open QR code
Make a payment using QR,pay via QR code
I need my QR code for transactions,show my QR code
Show my transaction history,transaction history
Display my recent transactions,transaction history
Deposit ₹900 into my account from UPI,pay to self
Can you pay 1000 to Emma?,pay via contacts
Can you process a QR code payment?,pay via QR code
Make a payment using QR,pay via QR code
Scan a QR code to pay,pay via QR code
Can you fetch my payment QR code?,show my QR code
Pay 500 via bob@ybl,pay via UPI ID
Show my QR code for payment,show my QR code
Open the QR code scanner,open QR code
Show my QR code for payment,show my QR code
Make a payment using QR,pay via QR code
Make a payment of 250 to John,pay via contacts
Make a payment using QR,pay via QR code
I need to see my past transactions,transaction history
Move ₹1000 from checking to savings,pay to self
Can you fetch my payment QR code?,show my QR code
I need to see my past transactions,transaction history
Pay using the scanned QR code,pay via QR code
Display my QR code,show my QR code
Scan a QR code to pay,pay via QR code
Can I transfer ₹5000 to myself?,pay to self
Can you process a QR code payment?,pay via QR code
Pay using the scanned QR code,pay via QR code
Launch the QR code scanner,open QR code
Can you transfer 750 to 1234567890?,bank transfer
Transfer 750 using alice@upi,pay via UPI ID
Open the QR code scanner,open QR code
Transfer 250 to Emma,pay via contacts
Display my recent transactions,transaction history
Make a UPI payment of 1000 to bob@ybl,pay via UPI ID
Launch the QR code scanner,open QR code
Can you process a QR code payment?,pay via QR code
Send 1000 to Bob,pay via contacts
Transfer 1000 using john@sbi,pay via UPI ID
Can you fetch my payment QR code?,show my QR code
I want to pay myself ₹3000,pay to self
I need my QR code for transactions,show my QR code
Pay using the scanned QR code,pay via QR code
Send 2000 to Alice,pay via contacts
Transfer 250 to Alice,pay via contacts
Open the QR code scanner,open QR code
I need to scan a QR code,open QR code
Open the QR code scanner,open QR code
Show my transaction history,transaction history
Send 750 to emma@paytm,pay via UPI ID
Bank transfer 1000 to 9876543210,bank transfer
Can you process a QR code payment?,pay via QR code
Display my recent transactions,transaction history
Make a payment using QR,pay via QR code
Can you transfer 250 to 5566778899?,bank transfer
Wire 500 to 9876543210,bank transfer
Can you pay 500 to Alice?,pay via contacts
Transfer 750 to Emma,pay via contacts
Send 250 to Bob,pay via contacts
Send 250 to emma@paytm,pay via UPI ID
Send ₹3500 from my UPI to my own bank,pay to self
Can you pay 500 to Bob?,pay via contacts
Wire 500 to 1234567890,bank transfer
Can you pay 750 to Alice?,pay via contacts
Bank transfer 2000 to 1234567890,bank transfer
Send ₹3500 from my UPI to my own bank,pay to self
Can I transfer ₹5000 to myself?,pay to self
Send 250 to Emma,pay via contacts
Display my recent transactions,transaction history
I need to scan a QR code,open QR code
Launch the QR code scanner,open QR code
Deposit ₹900 into my account from UPI,pay to self
Send ₹3500 from my UPI to my own bank,pay to self
Shift ₹4500 from wallet to bank,pay to self
Pay 1000 via bob@ybl,pay via UPI ID
Pay using the scanned QR code,pay via QR code
Display my QR code,show my QR code
Send 750 to Emma,pay via contacts
Make a UPI payment of 250 to emma@paytm,pay via UPI ID
Make a payment of 500 to John,pay via contacts
Can you transfer 1000 to 9876543210?,bank transfer
Transfer 2000 to Emma,pay via contacts
Make a payment using QR,pay via QR code
Make a payment of 2000 to Bob,pay via contacts
Fund transfer to self ₹200,pay to self
I need to move ₹700 to another account of mine,pay to self
Make a payment using QR,pay via QR code
Pay using the scanned QR code,pay via QR code
Show my transaction history,transaction history
Wire 750 to 5566778899,bank transfer
I need to see my past transactions,transaction history
Open the QR code scanner,open QR code
Send 2000 to Alice,pay via contacts
Display my recent transactions,transaction history
Launch the QR code scanner,open QR code
Can you transfer 250 to 9876543210?,bank transfer
Make a UPI payment of 750 to bob@ybl,pay via UPI ID
Can you activate the QR scanner?,open QR code
Add ₹10000 to my secondary account,pay to self
Display my recent transactions,transaction history
Bank transfer 2000 to 1234567890,bank transfer
Send 500 to emma@paytm,pay via UPI ID
Make a UPI payment of 750 to emma@paytm,pay via UPI ID
Display my recent transactions,transaction history
Can you activate the QR scanner?,open QR code
Send 750 to Alice,pay via contacts
Send 2000 to Alice,pay via contacts
Send 750 to bob@ybl,pay via UPI ID
Send 500 to alice@upi,pay via UPI ID
Can you transfer 250 to 1122334455?,bank transfer
Show my QR code for payment,show my QR code
Make a UPI payment of 250 to bob@ybl,pay via UPI ID
Send 500 to Alice,pay via contacts
Can you pay 250 to Bob?,pay via contacts
Display my recent transactions,transaction history
Bank transfer 2000 to 1122334455,bank transfer
Display my recent transactions,transaction history
Show my QR code for payment,show my QR code
Move ₹1000 from checking to savings,pay to self
Self-payment of ₹6000,pay to self
Transfer 2000 using emma@paytm,pay via UPI ID
Launch the QR code scanner,open QR code
Show my transaction history,transaction history
I need my QR code for transactions,show my QR code
Can you fetch my payment QR code?,show my QR code
Send 2000 to emma@paytm,pay via UPI ID
I need my QR code for transactions,show my QR code
Can I transfer ₹5000 to myself?,pay to self
Move ₹1000 from checking to savings,pay to self
Open the QR code scanner,open QR code
Add ₹10000 to my secondary account,pay to self
Wire 500 to 9876543210,bank transfer
Show my QR code for payment,show my QR code
Make a payment using QR,pay via QR code
Bank transfer 2000 to 9876543210,bank transfer
Fund transfer to self ₹200,pay to self
Bank transfer 750 to 9876543210,bank transfer
Display my QR code,show my QR code
Transfer 1000 using john@sbi,pay via UPI ID
Can you transfer 2000 to 1234567890?,bank transfer
Can you transfer 2000 to 1234567890?,bank transfer
Can you pay 750 to Emma?,pay via contacts
Wire 500 to 9876543210,bank transfer
Transfer 750 to Alice,pay via contacts
I need to scan a QR code,open QR code
Open the QR code scanner,open QR code
Move ₹5500 within my accounts,pay to self
Wire 750 to 5566778899,bank transfer
Can you fetch my last payments?,transaction history
I need to see my past transactions,transaction history
Can you pay 750 to John?,pay via contacts
Show my QR code for payment,show my QR code
Make a UPI payment of 750 to john@sbi,pay via UPI ID
Launch the QR code scanner,open QR code
Transfer 1000 to Alice,pay via contacts
Display my recent transactions,transaction history
I need my QR code for transactions,show my QR code
Can you fetch my payment QR code?,show my QR code
Scan a QR code to pay,pay via QR code
Send 1000 to Bob,pay via contacts
Send 1000 to Emma,pay via contacts
Make a payment using QR,pay via QR code
Display my recent transactions,transaction history
Can you fetch my last payments?,transaction history
Can you fetch my payment QR code?,show my QR code
Send 1000 to Emma,pay via contacts
I need to see my past transactions,transaction history
Display my recent transactions,transaction history
Wire 1000 to 5566778899,bank transfer
Send 500 to John,pay via contacts
Bank transfer 750 to 1234567890,bank transfer
I need to see my past transactions,transaction history
Wire 2000 to 5566778899,bank transfer
Show my transaction history,transaction history
Display my QR code,show my QR code
Send 250 to alice@upi,pay via UPI ID
Send 750 to alice@upi,pay via UPI ID
Show my QR code for payment,show my QR code
Send 2000 to emma@paytm,pay via UPI ID
Send 500 to Alice,pay via contacts
Pay 750 via alice@upi,pay via UPI ID
Transfer 750 to John,pay via contacts
Deposit ₹900 into my account from UPI,pay to self
Pay ₹8000 into my own bank,pay to self
Can you activate the QR scanner?,open QR code
Can you fetch my last payments?,transaction history
Can you process a QR code payment?,pay via QR code
Make a payment using QR,pay via QR code
Transfer 2000 to John,pay via contacts
Can you fetch my payment QR code?,show my QR code
Make a payment of 250 to Bob,pay via contacts
Send ₹500 to my savings account,pay to self
Can you activate the QR scanner?,open QR code
Pay 2000 via bob@ybl,pay via UPI ID
Send ₹3500 from my UPI to my own bank,pay to self
Move ₹1000 from checking to savings,pay to self
Wire 250 to 1122334455,bank transfer
I need to move ₹700 to another account of mine,pay to self
I need to scan a QR code,open QR code
Can you process a QR code payment?,pay via QR code
Send 750 to Emma,pay via contacts
I need my QR code for transactions,show my QR code
Transfer 750 using emma@paytm,pay via UPI ID
I need to scan a QR code,open QR code
Can you activate the QR scanner?,open QR code
Make a UPI payment of 750 to john@sbi,pay via UPI ID
Pay 500 via john@sbi,pay via UPI ID
Send 250 to John,pay via contacts
Can you process a QR code payment?,pay via QR code
I need to see my past transactions,transaction history
Can you pay 500 to Emma?,pay via contacts
I need to see my past transactions,transaction history
Display my QR code,show my QR code
Display my QR code,show my QR code
Bank transfer 750 to 5566778899,bank transfer
Can you pay 250 to John?,pay via contacts
I need my QR code for transactions,show my QR code
Wire 500 to 1234567890,bank transfer
Can you process a QR code payment?,pay via QR code
Open the QR code scanner,open QR code
Show my transaction history,transaction history
Pay 1000 via bob@ybl,pay via UPI ID
Open the QR code scanner,open QR code
Deposit 2000 into 9876543210,bank transfer
I need to see my past transactions,transaction history
Can you fetch my last payments?,transaction history
Make a UPI payment of 500 to alice@upi,pay via UPI ID
Make a payment of 500 to Emma,pay via contacts
Send 1000 to John,pay via contacts
Pay 2000 via emma@paytm,pay via UPI ID
I need my QR code for transactions,show my QR code
I need to move ₹700 to another account of mine,pay to self
Scan a QR code to pay,pay via QR code
Open the QR code scanner,open QR code
Can you process a QR code payment?,pay via QR code
Send 750 to emma@paytm,pay via UPI ID
I need to move ₹700 to another account of mine,pay to self
Transfer 1000 to Bob,pay via contacts
Wire 250 to 9876543210,bank transfer
Pay using the scanned QR code,pay via QR code
Launch the QR code scanner,open QR code
Send 750 to alice@upi,pay via UPI ID
Can you process a QR code payment?,pay via QR code
Transfer 750 using bob@ybl,pay via UPI ID
Display my QR code,show my QR code
Make a payment of 500 to John,pay via contacts
Make a UPI payment of 750 to bob@ybl,pay via UPI ID
Wire 1000 to 1234567890,bank transfer
Pay ₹8000 into my own bank,pay to self
Transfer 250 using john@sbi,pay via UPI ID
Pay 250 via emma@paytm,pay via UPI ID
Display my recent transactions,transaction history
Add ₹100 to my digital wallet,pay to self
Shift ₹4000 to my savings,pay to self
Send 500 to emma@paytm,pay via UPI ID
Can you activate the QR scanner?,open QR code
Pay 1000 via john@sbi,pay via UPI ID
Make a payment using QR,pay via QR code
Deposit 500 into 5566778899,bank transfer
Make a payment of 2000 to Alice,pay via contacts
Display my QR code,show my QR code
Display my recent transactions,transaction history
Send 1000 to emma@paytm,pay via UPI ID
I need my QR code for transactions,show my QR code
Move ₹5500 within my accounts,pay to self
Transfer 500 to Emma,pay via contacts
Make a UPI payment of 500 to john@sbi,pay via UPI ID
Can you pay 2000 to John?,pay via contacts
Can you pay 250 to Emma?,pay via contacts
Send 2000 to emma@paytm,pay via UPI ID
Pay 1000 via emma@paytm,pay via UPI ID
Deposit ₹900 into my account from UPI,pay to self
Can you process a QR code payment?,pay via QR code
Can you process a QR code payment?,pay via QR code
Transfer 1000 to Alice,pay via contacts
Can you process a QR code payment?,pay via QR code
Can you process a QR code payment?,pay via QR code
Can you process a QR code payment?,pay via QR code
I need to see my past transactions,transaction history
Open the QR code scanner,open QR code
Display my QR code,show my QR code
Show my transaction history,transaction history
Fund transfer to self ₹200,pay to self
Self-payment of ₹6000,pay to self
Open the QR code scanner,open QR code
Pay ₹8000 into my own bank,pay to self
Launch the QR code scanner,open QR code
Make a payment of 2000 to Alice,pay via contacts
Open the QR code scanner,open QR code
Bank transfer 750 to 9876543210,bank transfer
Send ₹500 to my savings account,pay to self
Display my recent transactions,transaction history
Send 750 to Alice,pay via contacts
Can you transfer 1000 to 1234567890?,bank transfer
Can you fetch my last payments?,transaction history
Send 250 to Bob,pay via contacts
Show my QR code for payment,show my QR code
Send 500 to Emma,pay via contacts
Transfer 500 to Alice,pay via contacts
Wire 250 to 1234567890,bank transfer
Self-transfer ₹1500,pay to self
Can you fetch my payment QR code?,show my QR code
I need my QR code for transactions,show my QR code
Show my transaction history,transaction history
Make a payment of 2000 to Alice,pay via contacts
Can you process a QR code payment?,pay via QR code
Can you pay 1000 to Bob?,pay via contacts
Wire 250 to 5566778899,bank transfer
Can you process a QR code payment?,pay via QR code
Can you process a QR code payment?,pay via QR code
Send 250 to bob@ybl,pay via UPI ID
Can you fetch my last payments?,transaction history
Can you transfer 250 to 9876543210?,bank transfer
Wire 500 to 9876543210,bank transfer
I need to scan a QR code,open QR code
Deposit 2000 into 1122334455,bank transfer
I need my QR code for transactions,show my QR code
Send 1000 to john@sbi,pay via UPI ID
Can you pay 1000 to John?,pay via contacts
I need my QR code for transactions,show my QR code
Can you pay 250 to John?,pay via contacts
Launch the QR code scanner,open QR code
Show my QR code for payment,show my QR code
Scan a QR code to pay,pay via QR code
Display my recent transactions,transaction history
Deposit 1000 into 9876543210,bank transfer
I need to see my past transactions,transaction history
Deposit 750 into 1234567890,bank transfer
Make a payment using QR,pay via QR code
Deposit 500 into 1122334455,bank transfer
Can you transfer 500 to 5566778899?,bank transfer
Display my QR code,show my QR code
Can you pay 750 to Bob?,pay via contacts
Show my QR code for payment,show my QR code
Can I transfer ₹5000 to myself?,pay to self
Send 250 to bob@ybl,pay via UPI ID
Transfer money to my own account,pay to self
Display my recent transactions,transaction history
Wire 250 to 5566778899,bank transfer
Transfer 250 to Alice,pay via contacts
Deposit 500 into 1234567890,bank transfer
Can you fetch my payment QR code?,show my QR code
Open the QR code scanner,open QR code
Can you transfer 2000 to 9876543210?,bank transfer
Bank transfer 750 to 1234567890,bank transfer
I need to see my past transactions,transaction history
Send 250 to john@sbi,pay via UPI ID
Bank transfer 250 to 1234567890,bank transfer
Transfer 500 using emma@paytm,pay via UPI ID
Deposit 250 into 9876543210,bank transfer
Wire 250 to 1234567890,bank transfer
Wire 500 to 9876543210,bank transfer
Show my QR code for payment,show my QR code
Can you process a QR code payment?,pay via QR code
Pay using the scanned QR code,pay via QR code
I need my QR code for transactions,show my QR code
Can you fetch my payment QR code?,show my QR code
Transfer 250 using alice@upi,pay via UPI ID
Display my recent transactions,transaction history
Make a payment using QR,pay via QR code
Can you pay 2000 to Emma?,pay via contacts
I need to see my past transactions,transaction history
Display my QR code,show my QR code
Make a UPI payment of 1000 to alice@upi,pay via UPI ID
Wire 500 to 5566778899,bank transfer
Deposit 1000 into 5566778899,bank transfer
Shift ₹4000 to my savings,pay to self
I need my QR code for transactions,show my QR code
Wire 1000 to 1234567890,bank transfer
Transfer 2000 to Alice,pay via contacts
Make a payment of 2000 to Bob,pay via contacts
Can you activate the QR scanner?,open QR code
Shift ₹4000 to my savings,pay to self
I need to see my past transactions,transaction history
I need to see my past transactions,transaction history
Send 250 to Bob,pay via contacts
Pay using the scanned QR code,pay via QR code
Fund transfer to self ₹200,pay to self
Display my QR code,show my QR code
Display my QR code,show my QR code
Can you pay 1000 to Emma?,pay via contacts
Transfer 750 to John,pay via contacts
I need to see my past transactions,transaction history
Can you pay 1000 to John?,pay via contacts
Make a payment of 500 to Bob,pay via contacts
I need to scan a QR code,open QR code
Display my recent transactions,transaction history
Make a UPI payment of 2000 to emma@paytm,pay via UPI ID
Pay using the scanned QR code,pay via QR code
Can you activate the QR scanner?,open QR code
Can you fetch my payment QR code?,show my QR code
Shift ₹4000 to my savings,pay to self
Launch the QR code scanner,open QR code
Make a payment using QR,pay via QR code
Deposit 1000 into 5566778899,bank transfer
Launch the QR code scanner,open QR code
Launch the QR code scanner,open QR code
I need my QR code for transactions,show my QR code
Make a payment using QR,pay via QR code
Can you fetch my payment QR code?,show my QR code
Deposit 500 into 9876543210,bank transfer
Can you pay 500 to Emma?,pay via contacts
Can you fetch my last payments?,transaction history
Send 500 to john@sbi,pay via UPI ID
Make a payment using QR,pay via QR code
Show my transaction history,transaction history
Deposit 2000 into 1122334455,bank transfer
I need to scan a QR code,open QR code
Show my transaction history,transaction history
Deposit ₹900 into my account from UPI,pay to self
I need to scan a QR code,open QR code
Can you fetch my last payments?,transaction history
Move some funds to my personal account,pay to self
Wire 250 to 9876543210,bank transfer
Can you fetch my last payments?,transaction history
Pay using the scanned QR code,pay via QR code
I need to scan a QR code,open QR code
Add ₹10000 to my secondary account,pay to self
Send 750 to Bob,pay via contacts
Display my QR code,show my QR code
Make a payment of 500 to Alice,pay via contacts
Pay using the scanned QR code,pay via QR code
Send 750 to John,pay via contacts
I want to pay myself ₹3000,pay to self
Show my QR code for payment,show my QR code
Can you process a QR code payment?,pay via QR code
Pay 2000 via bob@ybl,pay via UPI ID
Scan a QR code to pay,pay via QR code
Send 500 to John,pay via contacts
Make a payment of 250 to Alice,pay via contacts
Transfer 250 using bob@ybl,pay via UPI ID
Transfer 2000 to Emma,pay via contacts
Fund transfer to self ₹200,pay to self
Display my QR code,show my QR code
Can you process a QR code payment?,pay via QR code
Can you fetch my last payments?,transaction history
Transfer 250 to Bob,pay via contacts
Can you process a QR code payment?,pay via QR code
Pay ₹8000 into my own bank,pay to self
Open the QR code scanner,open QR code
Can you activate the QR scanner?,open QR code
Move ₹1000 from checking to savings,pay to self
Add ₹100 to my digital wallet,pay to self
Display my recent transactions,transaction history
I need to scan a QR code,open QR code
Pay using the scanned QR code,pay via QR code
Self-transfer ₹1500,pay to self
Move some funds to my personal account,pay to self
I need to scan a QR code,open QR code
Display my recent transactions,transaction history
Pay 1000 via emma@paytm,pay via UPI ID
Launch the QR code scanner,open QR code
Transfer 2000 to John,pay via contacts
Deposit 750 into 9876543210,bank transfer
Can you fetch my last payments?,transaction history
Pay 2000 via john@sbi,pay via UPI ID
Wire 1000 to 1234567890,bank transfer
Transfer 250 using bob@ybl,pay via UPI ID
Display my QR code,show my QR code
Pay using the scanned QR code,pay via QR code
Make a UPI payment of 2000 to bob@ybl,pay via UPI ID
Can you process a QR code payment?,pay via QR code
Pay using the scanned QR code,pay via QR code
Display my recent transactions,transaction history
Pay using the scanned QR code,pay via QR code
Show my QR code for payment,show my QR code
Deposit ₹2000 into my bank account,pay to self
Bank transfer 250 to 1122334455,bank transfer
Can you activate the QR scanner?,open QR code
Pay using the scanned QR code,pay via QR code
Fund transfer to self ₹200,pay to self
Display my recent transactions,transaction history
Scan a QR code to pay,pay via QR code
Deposit ₹2000 into my bank account,pay to self
I need my QR code for transactions,show my QR code
Can you fetch my payment QR code?,show my QR code
Open the QR code scanner,open QR code
Show my transaction history,transaction history
Can you transfer 2000 to 1122334455?,bank transfer
Move ₹5500 within my accounts,pay to self
Deposit 750 into 5566778899,bank transfer
Pay using the scanned QR code,pay via QR code
Pay 750 via emma@paytm,pay via UPI ID
I need my QR code for transactions,show my QR code
Transfer 750 using bob@ybl,pay via UPI ID
Transfer 500 using alice@upi,pay via UPI ID
I need to move ₹700 to another account of mine,pay to self
Display my recent transactions,transaction history
Can you fetch my payment QR code?,show my QR code
Display my QR code,show my QR code
Pay ₹8000 into my own bank,pay to self
Launch the QR code scanner,open QR code
Can you process a QR code payment?,pay via QR code
Wire 250 to 1122334455,bank transfer
I need my QR code for transactions,show my QR code
I want to pay myself ₹3000,pay to self
I need to see my past transactions,transaction history
Can you pay 750 to Bob?,pay via contacts
Can you pay 500 to Alice?,pay via contacts
Send 2000 to alice@upi,pay via UPI ID
I need to scan a QR code,open QR code
Transfer 1000 to Emma,pay via contacts
Pay 250 via emma@paytm,pay via UPI ID
Can you fetch my last payments?,transaction history
Send 750 to john@sbi,pay via UPI ID
Make a UPI payment of 500 to john@sbi,pay via UPI ID
Transfer 2000 to Emma,pay via contacts
Can you fetch my payment QR code?,show my QR code
Show my QR code for payment,show my QR code
Send 2000 to alice@upi,pay via UPI ID
Pay using the scanned QR code,pay via QR code
Wire 1000 to 9876543210,bank transfer
Can you activate the QR scanner?,open QR code
Can you transfer 500 to 5566778899?,bank transfer
Scan a QR code to pay,pay via QR code
Launch the QR code scanner,open QR code
Show my transaction history,transaction history
Bank transfer 1000 to 1234567890,bank transfer
Transfer 1000 to Alice,pay via contacts
I need my QR code for transactions,show my QR code
Open the QR code scanner,open QR code
Move ₹1000 from checking to savings,pay to self
Add ₹10000 to my secondary account,pay to self
Open the QR code scanner,open QR code
Transfer 500 using bob@ybl,pay via UPI ID
Transfer 2000 using emma@paytm,pay via UPI ID
Can I transfer ₹5000 to myself?,pay to self
Can you activate the QR scanner?,open QR code
Make a UPI payment of 250 to alice@upi,pay via UPI ID
I want to pay myself ₹3000,pay to self
Transfer money to my own account,pay to self
Can you activate the QR scanner?,open QR code
I need to see my past transactions,transaction history
Shift ₹4500 from wallet to bank,pay to self
Display my QR code,show my QR code
Transfer 1000 to Bob,pay via contacts
Show my QR code for payment,show my QR code
Transfer 1000 to John,pay via contacts
Bank transfer 2000 to 9876543210,bank transfer
Can you fetch my payment QR code?,show my QR code
Can you pay 250 to John?,pay via contacts
Launch the QR code scanner,open QR code
I need to scan a QR code,open QR code
Bank transfer 2000 to 5566778899,bank transfer
Display my recent transactions,transaction history
Launch the QR code scanner,open QR code
Transfer money to my own account,pay to self
I need to scan a QR code,open QR code
Show my QR code for payment,show my QR code
I need to scan a QR code,open QR code
Can you fetch my last payments?,transaction history
Launch the QR code scanner,open QR code
Show my transaction history,transaction history
Wire 2000 to 9876543210,bank transfer
Scan a QR code to pay,pay via QR code
Make a payment of 2000 to Alice,pay via contacts
Display my recent transactions,transaction history
Move ₹1000 from checking to savings,pay to self
Deposit 500 into 9876543210,bank transfer
Bank transfer 500 to 1234567890,bank transfer
Make a payment using QR,pay via QR code
Launch the QR code scanner,open QR code
Pay 1000 via emma@paytm,pay via UPI ID
Scan a QR code to pay,pay via QR code
Launch the QR code scanner,open QR code
I need my QR code for transactions,show my QR code
Make a payment using QR,pay via QR code
Deposit 2000 into 9876543210,bank transfer
Can you transfer 500 to 5566778899?,bank transfer
Can you transfer 500 to 5566778899?,bank transfer
Fund transfer to self ₹200,pay to self
Deposit 750 into 1122334455,bank transfer
I need to scan a QR code,open QR code
Show my transaction history,transaction history
Make a payment using QR,pay via QR code
Send 1000 to Bob,pay via contacts
Can you transfer 250 to 9876543210?,bank transfer
Bank transfer 1000 to 5566778899,bank transfer
Wire 500 to 5566778899,bank transfer
Can you fetch my last payments?,transaction history
Pay using the scanned QR code,pay via QR code
Show my transaction history,transaction history
Can I send ₹2500 to my own account?,pay to self
Make a UPI payment of 750 to emma@paytm,pay via UPI ID
Wire 2000 to 1122334455,bank transfer
Pay using the scanned QR code,pay via QR code
Deposit ₹2000 into my bank account,pay to self
Show my QR code for payment,show my QR code
Deposit 250 into 9876543210,bank transfer
Make a payment of 500 to Bob,pay via contacts
Can you fetch my last payments?,transaction history
Make a payment of 1000 to Bob,pay via contacts
Self-payment of ₹6000,pay to self
Make a payment using QR,pay via QR code
Display my QR code,show my QR code
Display my recent transactions,transaction history
Can you fetch my payment QR code?,show my QR code
Make a payment using QR,pay via QR code
Show my QR code for payment,show my QR code
Show my QR code for payment,show my QR code
Make a UPI payment of 750 to bob@ybl,pay via UPI ID
Pay using the scanned QR code,pay via QR code
Send ₹3500 from my UPI to my own bank,pay to self
Transfer 2000 using john@sbi,pay via UPI ID
I need to scan a QR code,open QR code
Transfer 500 using emma@paytm,pay via UPI ID
Deposit 250 into 5566778899,bank transfer
Display my recent transactions,transaction history
I need to see my past transactions,transaction history
Move ₹5500 within my accounts,pay to self
Transfer 500 to Emma,pay via contacts
Send 250 to emma@paytm,pay via UPI ID
Send ₹3500 from my UPI to my own bank,pay to self
Bank transfer 250 to 1122334455,bank transfer
Show my transaction history,transaction history
Can you activate the QR scanner?,open QR code
Show my QR code for payment,show my QR code
Can you fetch my payment QR code?,show my QR code
Transfer money to my own account,pay to self
Shift ₹4500 from wallet to bank,pay to self
Can you process a QR code payment?,pay via QR code
Display my QR code,show my QR code
Move ₹5500 within my accounts,pay to self
I need to see my past transactions,transaction history
Make a payment of 750 to Emma,pay via contacts
Make a UPI payment of 2000 to bob@ybl,pay via UPI ID
Bank transfer 2000 to 1122334455,bank transfer
Make a payment of 500 to Bob,pay via contacts
Deposit 1000 into 1122334455,bank transfer
Send ₹3500 from my UPI to my own bank,pay to self
Make a UPI payment of 1000 to john@sbi,pay via UPI ID
Transfer 750 using john@sbi,pay via UPI ID
Make a UPI payment of 1000 to bob@ybl,pay via UPI ID
Display my QR code,show my QR code
Wire 500 to 1122334455,bank transfer
Open the QR code scanner,open QR code
Scan a QR code to pay,pay via QR code
Open the QR code scanner,open QR code
Can you process a QR code payment?,pay via QR code
Can you activate the QR scanner?,open QR code
Make a payment of 750 to Emma,pay via contacts
Transfer 750 to Alice,pay via contacts
Transfer 1000 using alice@upi,pay via UPI ID
Scan a QR code to pay,pay via QR code
Launch the QR code scanner,open QR code
Wire 250 to 5566778899,bank transfer
Show my transaction history,transaction history
Deposit 2000 into 1234567890,bank transfer
Show my transaction history,transaction history
Deposit ₹900 into my account from UPI,pay to self
I need to see my past transactions,transaction history
Send 250 to John,pay via contacts
Shift ₹4000 to my savings,pay to self
Display my QR code,show my QR code
I need to scan a QR code,open QR code
Can you transfer 500 to 9876543210?,bank transfer
Transfer money to my own account,pay to self
Display my QR code,show my QR code
Open the QR code scanner,open QR code
Scan a QR code to pay,pay via QR code
Send 750 to Alice,pay via contacts
Add ₹100 to my digital wallet,pay to self
Transfer 1000 to Bob,pay via contacts
I need my QR code for transactions,show my QR code
Can you fetch my payment QR code?,show my QR code
Display my QR code,show my QR code
Launch the QR code scanner,open QR code
Bank transfer 2000 to 5566778899,bank transfer
Transfer money to my own account,pay to self
Bank transfer 750 to 1234567890,bank transfer
Send 500 to Alice,pay via contacts
Can you pay 750 to Alice?,pay via contacts
Can you transfer 250 to 5566778899?,bank transfer
Deposit 1000 into 9876543210,bank transfer
Self-payment of ₹6000,pay to self
Pay 1000 via john@sbi,pay via UPI ID
Can you pay 750 to Bob?,pay via contacts
Display my recent transactions,transaction history
Pay using the scanned QR code,pay via QR code
Can you fetch my payment QR code?,show my QR code
Open the QR code scanner,open QR code
Make a payment of 750 to Alice,pay via contacts
Pay 750 via emma@paytm,pay via UPI ID
Bank transfer 250 to 9876543210,bank transfer
Shift ₹4500 from wallet to bank,pay to self
I need to see my past transactions,transaction history
I need to scan a QR code,open QR code
Can you transfer 2000 to 1234567890?,bank transfer
Open the QR code scanner,open QR code
Can you transfer 250 to 1234567890?,bank transfer
Transfer 2000 to John,pay via contacts
Can you fetch my last payments?,transaction history
Bank transfer 750 to 1234567890,bank transfer
Pay 500 via john@sbi,pay via UPI ID
Pay using the scanned QR code,pay via QR code
Can you process a QR code payment?,pay via QR code
Pay 500 via emma@paytm,pay via UPI ID
Wire 750 to 5566778899,bank transfer
Can you activate the QR scanner?,open QR code
Can you transfer 500 to 9876543210?,bank transfer
Transfer 2000 to Bob,pay via contacts
Send 750 to Emma,pay via contacts
Can I send ₹2500 to my own account?,pay to self
Bank transfer 2000 to 9876543210,bank transfer
Can you pay 500 to Bob?,pay via contacts
Display my recent transactions,transaction history
Can you process a QR code payment?,pay via QR code
Open the QR code scanner,open QR code
Pay 1000 via emma@paytm,pay via UPI ID
Show my transaction history,transaction history
Bank transfer 750 to 9876543210,bank transfer
Show my QR code for payment,show my QR code
Wire 500 to 1234567890,bank transfer
Send 250 to Bob,pay via contacts
Can you process a QR code payment?,pay via QR code
Show my QR code for payment,show my QR code
Can you process a QR code payment?,pay via QR code
Can you fetch my last payments?,transaction history
Scan a QR code to pay,pay via QR code
I need to scan a QR code,open QR code
Transfer 2000 to Emma,pay via contacts
Transfer 500 using john@sbi,pay via UPI ID
Send ₹500 to my savings account,pay to self
Send 500 to Alice,pay via contacts
Wire 2000 to 9876543210,bank transfer
Pay 1000 via alice@upi,pay via UPI ID
Can you fetch my payment QR code?,show my QR code
Display my QR code,show my QR code
I need my QR code for transactions,show my QR code
Send 750 to Bob,pay via contacts
Make a payment using QR,pay via QR code
Show my transaction history,transaction history
Can you fetch my last payments?,transaction history
Can I send ₹2500 to my own account?,pay to self
Can you fetch my payment QR code?,show my QR code
Display my recent transactions,transaction history
Can you activate the QR scanner?,open QR code
Pay 750 via emma@paytm,pay via UPI ID
Open the QR code scanner,open QR code
Open the QR code scanner,open QR code
Can you process a QR code payment?,pay via QR code
Show my transaction history,transaction history
Display my QR code,show my QR code
Can you fetch my last payments?,transaction history
Scan a QR code to pay,pay via QR code
I need my QR code for transactions,show my QR code
Can you process a QR code payment?,pay via QR code
Launch the QR code scanner,open QR code
Bank transfer 500 to 1122334455,bank transfer
Scan a QR code to pay,pay via QR code
I need to see my past transactions,transaction history
I need my QR code for transactions,show my QR code
I want to pay myself ₹3000,pay to self
Can you fetch my last payments?,transaction history
Display my recent transactions,transaction history
Can you pay 750 to Emma?,pay via contacts
Send 750 to john@sbi,pay via UPI ID
Show my transaction history,transaction history
Shift ₹4500 from wallet to bank,pay to self
I need to scan a QR code,open QR code
Can you activate the QR scanner?,open QR code
Can you fetch my payment QR code?,show my QR code
Make a UPI payment of 2000 to bob@ybl,pay via UPI ID
Can you fetch my last payments?,transaction history
Can you transfer 1000 to 1122334455?,bank transfer
Transfer 1000 using alice@upi,pay via UPI ID
Make a payment using QR,pay via QR code
Can you process a QR code payment?,pay via QR code
Launch the QR code scanner,open QR code
Display my recent transactions,transaction history
Can you fetch my last payments?,transaction history
Bank transfer 250 to 9876543210,bank transfer
Bank transfer 500 to 5566778899,bank transfer
Transfer 750 to John,pay via contacts
Make a UPI payment of 750 to john@sbi,pay via UPI ID
I need to see my past transactions,transaction history
Send 250 to bob@ybl,pay via UPI ID
Deposit 750 into 1122334455,bank transfer
Make a payment using QR,pay via QR code
Show my transaction history,transaction history
Can you activate the QR scanner?,open QR code
Show my transaction history,transaction history
Scan a QR code to pay,pay via QR code
Make a payment of 2000 to John,pay via contacts
Make a UPI payment of 1000 to alice@upi,pay via UPI ID
Self-payment of ₹6000,pay to self
Send 500 to emma@paytm,pay via UPI ID
Launch the QR code scanner,open QR code
Launch the QR code scanner,open QR code
Pay 500 via emma@paytm,pay via UPI ID
Scan a QR code to pay,pay via QR code
I want to pay myself ₹3000,pay to self
Can I send ₹2500 to my own account?,pay to self
Can you pay 500 to John?,pay via contacts
Wire 500 to 1234567890,bank transfer
Scan a QR code to pay,pay via QR code
Display my recent transactions,transaction history
Scan a QR code to pay,pay via QR code
Transfer 500 using emma@paytm,pay via UPI ID
Make a payment using QR,pay via QR code
Pay using the scanned QR code,pay via QR code
Can you fetch my last payments?,transaction history
Send 2000 to john@sbi,pay via UPI ID
Shift ₹4000 to my savings,pay to self
Shift ₹4000 to my savings,pay to self
Can you process a QR code payment?,pay via QR code
I need to scan a QR code,open QR code
Can you process a QR code payment?,pay via QR code
Pay 500 via john@sbi,pay via UPI ID
Can you fetch my payment QR code?,show my QR code
Show my QR code for payment,show my QR code
I need to see my past transactions,transaction history
Make a UPI payment of 750 to emma@paytm,pay via UPI ID
Send 750 to John,pay via contacts
Pay 500 via emma@paytm,pay via UPI ID
Pay 250 via bob@ybl,pay via UPI ID
Send ₹500 to my savings account,pay to self
Can you pay 250 to Alice?,pay via contacts
Pay using the scanned QR code,pay via QR code
Transfer 1000 to John,pay via contacts
Can you fetch my last payments?,transaction history
Shift ₹4000 to my savings,pay to self
Wire 750 to 5566778899,bank transfer
Pay 1000 via bob@ybl,pay via UPI ID
Show my transaction history,transaction history
Self-payment of ₹6000,pay to self
Move ₹5500 within my accounts,pay to self
Scan a QR code to pay,pay via QR code
Make a payment using QR,pay via QR code
I need to scan a QR code,open QR code
Transfer 500 to Bob,pay via contacts
Make a UPI payment of 250 to alice@upi,pay via UPI ID
I need to scan a QR code,open QR code
I need to scan a QR code,open QR code
Pay 1000 via john@sbi,pay via UPI ID
Scan a QR code to pay,pay via QR code
Bank transfer 1000 to 1234567890,bank transfer
Can you fetch my last payments?,transaction history
Can you activate the QR scanner?,open QR code
Pay 750 via alice@upi,pay via UPI ID
Can you activate the QR scanner?,open QR code
Display my recent transactions,transaction history
Can you fetch my last payments?,transaction history
Make a payment using QR,pay via QR code
Can you activate the QR scanner?,open QR code
Make a UPI payment of 750 to alice@upi,pay via UPI ID
I need my QR code for transactions,show my QR code
Bank transfer 500 to 9876543210,bank transfer
Show my transaction history,transaction history
Pay 250 via alice@upi,pay via UPI ID
Show my transaction history,transaction history
Can you fetch my last payments?,transaction history
Send ₹3500 from my UPI to my own bank,pay to self
Pay using the scanned QR code,pay via QR code
Can you fetch my payment QR code?,show my QR code
I need to scan a QR code,open QR code
I need my QR code for transactions,show my QR code
Make a payment using QR,pay via QR code
I need to scan a QR code,open QR code
Display my recent transactions,transaction history
Can you pay 250 to Emma?,pay via contacts
Show my QR code for payment,show my QR code
Shift ₹4500 from wallet to bank,pay to self
Send 750 to John,pay via contacts
Bank transfer 1000 to 9876543210,bank transfer
Send 500 to Alice,pay via contacts
Can you fetch my last payments?,transaction history
Pay 500 via bob@ybl,pay via UPI ID
Shift ₹4000 to my savings,pay to self
I need to see my past transactions,transaction history
Make a payment using QR,pay via QR code
Transfer 750 to Bob,pay via contacts
Can you pay 250 to Bob?,pay via contacts
I want to pay myself ₹3000,pay to self
Wire 250 to 9876543210,bank transfer
Scan a QR code to pay,pay via QR code
Launch the QR code scanner,open QR code
Make a payment using QR,pay via QR code
Transfer 1000 using john@sbi,pay via UPI ID
Can you activate the QR scanner?,open QR code
Bank transfer 250 to 1122334455,bank transfer
Make a payment using QR,pay via QR code
Can you transfer 1000 to 1234567890?,bank transfer
Can you process a QR code payment?,pay via QR code
Can you fetch my payment QR code?,show my QR code
Open the QR code scanner,open QR code
Send 250 to Emma,pay via contacts
Send ₹3500 from my UPI to my own bank,pay to self
Can I send ₹2500 to my own account?,pay to self
I need to see my past transactions,transaction history
Can you activate the QR scanner?,open QR code
Pay 500 via emma@paytm,pay via UPI ID
Make a payment using QR,pay via QR code
Pay using the scanned QR code,pay via QR code
Send 750 to John,pay via contacts
Scan a QR code to pay,pay via QR code
Show my QR code for payment,show my QR code
Can you fetch my last payments?,transaction history
Show my QR code for payment,show my QR code
I need to see my past transactions,transaction history
Can you fetch my last payments?,transaction history
Show my transaction history,transaction history
Open the QR code scanner,open QR code
Make a UPI payment of 750 to emma@paytm,pay via UPI ID
Display my QR code,show my QR code
Show my transaction history,transaction history
Can you transfer 500 to 1234567890?,bank transfer
I need my QR code for transactions,show my QR code
Display my recent transactions,transaction history
Make a payment of 1000 to John,pay via contacts
Scan a QR code to pay,pay via QR code
I need my QR code for transactions,show my QR code
Can you fetch my last payments?,transaction history
Can you process a QR code payment?,pay via QR code
Move some funds to my personal account,pay to self
Show my QR code for payment,show my QR code
Show my QR code for payment,show my QR code
Make a payment of 1000 to Emma,pay via contacts
Shift ₹4000 to my savings,pay to self
Can you fetch my payment QR code?,show my QR code
I need my QR code for transactions,show my QR code
Bank transfer 2000 to 1122334455,bank transfer
Shift ₹4000 to my savings,pay to self
Scan a QR code to pay,pay via QR code
Can I send ₹2500 to my own account?,pay to self
Make a UPI payment of 500 to bob@ybl,pay via UPI ID
Scan a QR code to pay,pay via QR code
I need to see my past transactions,transaction history
Display my QR code,show my QR code
Wire 2000 to 1234567890,bank transfer
Bank transfer 750 to 1234567890,bank transfer
Can you fetch my last payments?,transaction history
I need to scan a QR code,open QR code
Bank transfer 1000 to 5566778899,bank transfer
Pay using the scanned QR code,pay via QR code
Can you transfer 500 to 1234567890?,bank transfer
Show my transaction history,transaction history
Open the QR code scanner,open QR code
Send ₹3500 from my UPI to my own bank,pay to self
Send 2000 to john@sbi,pay via UPI ID
Pay using the scanned QR code,pay via QR code
Make a payment using QR,pay via QR code
Can you process a QR code payment?,pay via QR code
Wire 1000 to 1234567890,bank transfer
Bank transfer 1000 to 5566778899,bank transfer
Display my recent transactions,transaction history
Pay using the scanned QR code,pay via QR code
Can you fetch my last payments?,transaction history
Transfer 500 using emma@paytm,pay via UPI ID
Pay 1000 via john@sbi,pay via UPI ID
Can you fetch my last payments?,transaction history
Deposit ₹2000 into my bank account,pay to self
Can you activate the QR scanner?,open QR code
Can you process a QR code payment?,pay via QR code
Open the QR code scanner,open QR code
Show my transaction history,transaction history
Pay 250 via emma@paytm,pay via UPI ID
Can you fetch my payment QR code?,show my QR code
Launch the QR code scanner,open QR code
Show my transaction history,transaction history
Bank transfer 2000 to 1122334455,bank transfer
Launch the QR code scanner,open QR code
Can you fetch my payment QR code?,show my QR code
Show my QR code for payment,show my QR code
Send 1000 to Alice,pay via contacts
Make a payment of 1000 to John,pay via contacts
Bank transfer 1000 to 9876543210,bank transfer
Make a UPI payment of 250 to bob@ybl,pay via UPI ID
Transfer money to my own account,pay to self
Pay 750 via emma@paytm,pay via UPI ID
I need to move ₹700 to another account of mine,pay to self
Can you activate the QR scanner?,open QR code
Transfer 500 using emma@paytm,pay via UPI ID
Can you pay 500 to John?,pay via contacts
Wire 750 to 1234567890,bank transfer
Send 750 to Alice,pay via contacts
I need to scan a QR code,open QR code
Show my transaction history,transaction history
Bank transfer 500 to 9876543210,bank transfer
Show my transaction history,transaction history
Make a UPI payment of 2000 to emma@paytm,pay via UPI ID
Bank transfer 750 to 1234567890,bank transfer
Open the QR code scanner,open QR code
Add ₹100 to my digital wallet,pay to self
Open the QR code scanner,open QR code
Can you transfer 500 to 1234567890?,bank transfer
Move ₹5500 within my accounts,pay to self
Transfer 750 using emma@paytm,pay via UPI ID
Pay using the scanned QR code,pay via QR code
Pay ₹8000 into my own bank,pay to self
Can you fetch my last payments?,transaction history
Shift ₹4500 from wallet to bank,pay to self
Send 250 to Bob,pay via contacts
Can you pay 1000 to Emma?,pay via contacts
Can you pay 1000 to Bob?,pay via contacts
Self-payment of ₹6000,pay to self
Can you fetch my last payments?,transaction history
I need my QR code for transactions,show my QR code
Can you fetch my last payments?,transaction history
Show my QR code for payment,show my QR code
Display my recent transactions,transaction history
Show my QR code for payment,show my QR code
Can you fetch my payment QR code?,show my QR code
Can you fetch my last payments?,transaction history
Display my QR code,show my QR code
I need my QR code for transactions,show my QR code
Move some funds to my personal account,pay to self
Launch the QR code scanner,open QR code
Pay using the scanned QR code,pay via QR code
Send 500 to alice@upi,pay via UPI ID
Wire 1000 to 5566778899,bank transfer
Send 250 to Emma,pay via contacts
Move ₹1000 from checking to savings,pay to self
Make a payment of 1000 to Emma,pay via contacts
Send 2000 to emma@paytm,pay via UPI ID
Make a payment of 2000 to Alice,pay via contacts
Open the QR code scanner,open QR code
I need to scan a QR code,open QR code
Can you transfer 250 to 9876543210?,bank transfer
Launch the QR code scanner,open QR code
Can you activate the QR scanner?,open QR code
Scan a QR code to pay,pay via QR code
Show my transaction history,transaction history
Open the QR code scanner,open QR code
Show my QR code for payment,show my QR code
Pay 500 via john@sbi,pay via UPI ID
Make a UPI payment of 2000 to bob@ybl,pay via UPI ID
Self-transfer ₹1500,pay to self
Can you transfer 250 to 1122334455?,bank transfer
Transfer 1000 to Alice,pay via contacts
Wire 500 to 5566778899,bank transfer
Move ₹1000 from checking to savings,pay to self
Can you fetch my payment QR code?,show my QR code
Bank transfer 1000 to 5566778899,bank transfer
Display my recent transactions,transaction history
Make a payment using QR,pay via QR code
Pay 250 via emma@paytm,pay via UPI ID
Can you process a QR code payment?,pay via QR code
Bank transfer 750 to 1234567890,bank transfer
Deposit ₹900 into my account from UPI,pay to self
Can you transfer 500 to 5566778899?,bank transfer
Make a UPI payment of 1000 to emma@paytm,pay via UPI ID
Transfer 1000 using john@sbi,pay via UPI ID
Can you pay 750 to Bob?,pay via contacts
Can you process a QR code payment?,pay via QR code
Wire 500 to 1122334455,bank transfer
Show my transaction history,transaction history
Can you fetch my last payments?,transaction history
Pay 250 via bob@ybl,pay via UPI ID
Can you fetch my last payments?,transaction history
Scan a QR code to pay,pay via QR code
I need to see my past transactions,transaction history
Shift ₹4500 from wallet to bank,pay to self
Can you fetch my payment QR code?,show my QR code
Scan a QR code to pay,pay via QR code
Can you fetch my payment QR code?,show my QR code
Display my QR code,show my QR code
Transfer 750 using bob@ybl,pay via UPI ID
Pay 500 via john@sbi,pay via UPI ID
Wire 750 to 1122334455,bank transfer
Scan a QR code to pay,pay via QR code
Show my QR code for payment,show my QR code
Send 750 to alice@upi,pay via UPI ID
Make a payment using QR,pay via QR code
Show my transaction history,transaction history
Deposit ₹2000 into my bank account,pay to self
Can you process a QR code payment?,pay via QR code
Launch the QR code scanner,open QR code
Pay using the scanned QR code,pay via QR code
Launch the QR code scanner,open QR code
Deposit ₹900 into my account from UPI,pay to self
Send 500 to john@sbi,pay via UPI ID
Make a UPI payment of 250 to john@sbi,pay via UPI ID
Pay 2000 via bob@ybl,pay via UPI ID
Can you fetch my last payments?,transaction history
Show my transaction history,transaction history
Pay 750 via emma@paytm,pay via UPI ID
I need to see my past transactions,transaction history
Can you pay 1000 to Alice?,pay via contacts
Can you fetch my last payments?,transaction history
Make a UPI payment of 250 to emma@paytm,pay via UPI ID
Show my transaction history,transaction history
Pay 2000 via bob@ybl,pay via UPI ID
Transfer 2000 using emma@paytm,pay via UPI ID
I need my QR code for transactions,show my QR code
Scan a QR code to pay,pay via QR code
Make a payment of 250 to Bob,pay via contacts
Make a UPI payment of 750 to john@sbi,pay via UPI ID
Can you fetch my last payments?,transaction history
Make a payment using QR,pay via QR code
Deposit ₹2000 into my bank account,pay to self
Can you pay 250 to Bob?,pay via contacts
Can you process a QR code payment?,pay via QR code
Launch the QR code scanner,open QR code
Display my QR code,show my QR code
Transfer 250 using emma@paytm,pay via UPI ID
Can you fetch my last payments?,transaction history
Can you fetch my payment QR code?,show my QR code
Wire 2000 to 9876543210,bank transfer
Scan a QR code to pay,pay via QR code
Add ₹10000 to my secondary account,pay to self
Scan a QR code to pay,pay via QR code
Pay 1000 via emma@paytm,pay via UPI ID
Can you activate the QR scanner?,open QR code
Scan a QR code to pay,pay via QR code
Deposit 250 into 1122334455,bank transfer
Can you fetch my last payments?,transaction history
I need to scan a QR code,open QR code
Wire 2000 to 1234567890,bank transfer
Make a payment using QR,pay via QR code
Can you fetch my payment QR code?,show my QR code
Open the QR code scanner,open QR code
Make a UPI payment of 2000 to emma@paytm,pay via UPI ID
Shift ₹4000 to my savings,pay to self
Can you fetch my payment QR code?,show my QR code
Send 250 to Alice,pay via contacts
Make a payment of 750 to Bob,pay via contacts
Display my QR code,show my QR code
Can you activate the QR scanner?,open QR code
I need to scan a QR code,open QR code
I need to scan a QR code,open QR code
Can you process a QR code payment?,pay via QR code
Shift ₹4500 from wallet to bank,pay to self
I need to scan a QR code,open QR code
Wire 500 to 1234567890,bank transfer
Can you pay 250 to Bob?,pay via contacts
Scan a QR code to pay,pay via QR code
I need my QR code for transactions,show my QR code
Make a payment using QR,pay via QR code
Fund transfer to self ₹200,pay to self
Open the QR code scanner,open QR code
Send 750 to Alice,pay via contacts
Make a payment of 250 to Emma,pay via contacts
Bank transfer 2000 to 9876543210,bank transfer
Make a payment of 1000 to Alice,pay via contacts
Can you fetch my payment QR code?,show my QR code
Self-payment of ₹6000,pay to self
Move some funds to my personal account,pay to self
Make a UPI payment of 750 to john@sbi,pay via UPI ID
Open the QR code scanner,open QR code
Make a UPI payment of 2000 to emma@paytm,pay via UPI ID
Move ₹1000 from checking to savings,pay to self
Deposit ₹900 into my account from UPI,pay to self
Make a payment of 1000 to Alice,pay via contacts
Wire 250 to 1234567890,bank transfer
Show my transaction history,transaction history
Transfer 250 using emma@paytm,pay via UPI ID
I need to scan a QR code,open QR code
Deposit ₹2000 into my bank account,pay to self
Shift ₹4500 from wallet to bank,pay to self
Can you fetch my payment QR code?,show my QR code
I need to see my past transactions,transaction history
I need to see my past transactions,transaction history
Send 500 to bob@ybl,pay via UPI ID
Display my QR code,show my QR code
I need to scan a QR code,open QR code
Deposit 2000 into 9876543210,bank transfer
Can you activate the QR scanner?,open QR code
Can you fetch my last payments?,transaction history
Display my recent transactions,transaction history
Send 250 to john@sbi,pay via UPI ID
Show my transaction history,transaction history
I need to see my past transactions,transaction history
Launch the QR code scanner,open QR code
Can you pay 500 to John?,pay via contacts
Can you fetch my payment QR code?,show my QR code
Make a payment using QR,pay via QR code
Display my recent transactions,transaction history
Self-transfer ₹1500,pay to self
Deposit 250 into 5566778899,bank transfer
Can you fetch my payment QR code?,show my QR code
Can you transfer 1000 to 1122334455?,bank transfer
I need to see my past transactions,transaction history
Open the QR code scanner,open QR code
Scan a QR code to pay,pay via QR code
Make a UPI payment of 1000 to bob@ybl,pay via UPI ID
Send 250 to bob@ybl,pay via UPI ID
Make a payment of 250 to John,pay via contacts
Pay 2000 via emma@paytm,pay via UPI ID
Can you activate the QR scanner?,open QR code
Send 1000 to alice@upi,pay via UPI ID
Transfer 250 to John,pay via contacts
Pay 750 via alice@upi,pay via UPI ID
Can you fetch my payment QR code?,show my QR code
I need my QR code for transactions,show my QR code
Make a payment using QR,pay via QR code
Transfer 1000 to John,pay via contacts
Make a UPI payment of 2000 to john@sbi,pay via UPI ID
Bank transfer 250 to 1122334455,bank transfer
I need to see my past transactions,transaction history
Can you pay 2000 to John?,pay via contacts
Display my QR code,show my QR code
Can you fetch my payment QR code?,show my QR code
Can you activate the QR scanner?,open QR code
Send 750 to Emma,pay via contacts
I need to see my past transactions,transaction history
Make a payment of 750 to Alice,pay via contacts
Transfer 250 using bob@ybl,pay via UPI ID
Can you fetch my payment QR code?,show my QR code
Wire 750 to 1122334455,bank transfer
Transfer money to my own account,pay to self
Display my QR code,show my QR code
Pay using the scanned QR code,pay via QR code
Fund transfer to self ₹200,pay to self
Wire 2000 to 1234567890,bank transfer
I need to see my past transactions,transaction history
Can you process a QR code payment?,pay via QR code
Launch the QR code scanner,open QR code
Launch the QR code scanner,open QR code
Make a payment using QR,pay via QR code
Transfer 2000 using emma@paytm,pay via UPI ID
Display my QR code,show my QR code
Can you pay 500 to Bob?,pay via contacts
I need to scan a QR code,open QR code
I need to move ₹700 to another account of mine,pay to self
Send 500 to alice@upi,pay via UPI ID
Can you fetch my last payments?,transaction history
Can you fetch my payment QR code?,show my QR code
Make a payment of 1000 to John,pay via contacts
Wire 500 to 1234567890,bank transfer
Show my QR code for payment,show my QR code
Can you process a QR code payment?,pay via QR code
Make a payment of 750 to Alice,pay via contacts
Pay ₹8000 into my own bank,pay to self
Deposit ₹2000 into my bank account,pay to self
Open the QR code scanner,open QR code
Show my QR code for payment,show my QR code
Can you pay 250 to Bob?,pay via contacts
Make a payment of 250 to John,pay via contacts
Make a payment using QR,pay via QR code
Bank transfer 1000 to 5566778899,bank transfer
I want to pay myself ₹3000,pay to self
Pay using the scanned QR code,pay via QR code
Pay 1000 via emma@paytm,pay via UPI ID
Show my QR code for payment,show my QR code
Scan a QR code to pay,pay via QR code
Transfer 250 to Bob,pay via contacts
Display my recent transactions,transaction history
Can you fetch my payment QR code?,show my QR code
Can you fetch my payment QR code?,show my QR code
Can you fetch my last payments?,transaction history
Display my recent transactions,transaction history
Send 1000 to Alice,pay via contacts
Pay using the scanned QR code,pay via QR code
I need my QR code for transactions,show my QR code
Show my QR code for payment,show my QR code
I need my QR code for transactions,show my QR code
Can you fetch my last payments?,transaction history
I need to scan a QR code,open QR code
I need my QR code for transactions,show my QR code
Can you activate the QR scanner?,open QR code
Send 250 to emma@paytm,pay via UPI ID
Send 250 to bob@ybl,pay via UPI ID
Display my recent transactions,transaction history
Send 1000 to Alice,pay via contacts
Make a payment of 750 to Alice,pay via contacts
Transfer 1000 using john@sbi,pay via UPI ID
Wire 500 to 1234567890,bank transfer
Pay using the scanned QR code,pay via QR code
I need to move ₹700 to another account of mine,pay to self
Can you pay 750 to Bob?,pay via contacts
Pay using the scanned QR code,pay via QR code
Transfer 250 to Emma,pay via contacts
Open the QR code scanner,open QR code
Pay using the scanned QR code,pay via QR code
Wire 750 to 5566778899,bank transfer
Display my recent transactions,transaction history
Bank transfer 500 to 5566778899,bank transfer
Self-payment of ₹6000,pay to self
Display my QR code,show my QR code
Make a UPI payment of 500 to john@sbi,pay via UPI ID
I need to see my past transactions,transaction history
Wire 500 to 9876543210,bank transfer
I need to see my past transactions,transaction history
Can you fetch my last payments?,transaction history
Pay 1000 via alice@upi,pay via UPI ID
Transfer 250 to John,pay via contacts
Fund transfer to self ₹200,pay to self
I want to pay myself ₹3000,pay to self
Can you activate the QR scanner?,open QR code
Can you activate the QR scanner?,open QR code
Wire 250 to 5566778899,bank transfer
Make a payment of 250 to John,pay via contacts
Transfer 750 using john@sbi,pay via UPI ID
Make a payment using QR,pay via QR code
Move some funds to my personal account,pay to self
Can I transfer ₹5000 to myself?,pay to self
Pay ₹8000 into my own bank,pay to self
Send 250 to John,pay via contacts
Make a payment of 2000 to John,pay via contacts
Can you transfer 500 to 5566778899?,bank transfer
Shift ₹4000 to my savings,pay to self
Transfer money to my own account,pay to self
Open the QR code scanner,open QR code
Show my QR code for payment,show my QR code
Can you activate the QR scanner?,open QR code
Self-transfer ₹1500,pay to self
Bank transfer 2000 to 9876543210,bank transfer
Transfer money to my own account,pay to self
Can you transfer 500 to 1122334455?,bank transfer
Can you fetch my last payments?,transaction history
I need to see my past transactions,transaction history
Send ₹500 to my savings account,pay to self
Transfer 1000 using john@sbi,pay via UPI ID
Show my transaction history,transaction history
Wire 500 to 5566778899,bank transfer
I need my QR code for transactions,show my QR code
I need my QR code for transactions,show my QR code
Deposit 500 into 5566778899,bank transfer
Transfer 1000 using emma@paytm,pay via UPI ID
Can you process a QR code payment?,pay via QR code
Can you process a QR code payment?,pay via QR code
Launch the QR code scanner,open QR code
Make a payment using QR,pay via QR code
Display my recent transactions,transaction history
Show my transaction history,transaction history
Shift ₹4500 from wallet to bank,pay to self
Display my recent transactions,transaction history
Send 1000 to alice@upi,pay via UPI ID
I need my QR code for transactions,show my QR code
Can you transfer 500 to 5566778899?,bank transfer
Show my transaction history,transaction history
Deposit ₹900 into my account from UPI,pay to self
Make a UPI payment of 1000 to bob@ybl,pay via UPI ID
Can you fetch my last payments?,transaction history
Pay ₹8000 into my own bank,pay to self
Fund transfer to self ₹200,pay to self
Make a payment of 2000 to Emma,pay via contacts
Deposit 500 into 1122334455,bank transfer
Deposit 500 into 1122334455,bank transfer
Make a payment using QR,pay via QR code
Display my recent transactions,transaction history
Send 750 to Emma,pay via contacts
Make a payment using QR,pay via QR code
Can you pay 500 to Bob?,pay via contacts
Show my QR code for payment,show my QR code
Open the QR code scanner,open QR code
Deposit ₹2000 into my bank account,pay to self
I need to scan a QR code,open QR code
Display my recent transactions,transaction history
Pay ₹8000 into my own bank,pay to self
Can you transfer 2000 to 1234567890?,bank transfer
Pay ₹8000 into my own bank,pay to self
I need to scan a QR code,open QR code
Pay 750 via bob@ybl,pay via UPI ID
Bank transfer 2000 to 5566778899,bank transfer
I need my QR code for transactions,show my QR code
Show my transaction history,transaction history
I need to scan a QR code,open QR code
Pay using the scanned QR code,pay via QR code
Pay ₹8000 into my own bank,pay to self
Show my QR code for payment,show my QR code
Show my transaction history,transaction history
Display my recent transactions,transaction history
I need my QR code for transactions,show my QR code
Send ₹500 to my savings account,pay to self
Scan a QR code to pay,pay via QR code
Deposit 750 into 1122334455,bank transfer
Can you process a QR code payment?,pay via QR code
Make a payment of 750 to Emma,pay via contacts
Transfer 2000 to Emma,pay via contacts
Can you fetch my payment QR code?,show my QR code
I want to pay myself ₹3000,pay to self
Show my QR code for payment,show my QR code
Can you transfer 750 to 1234567890?,bank transfer
Bank transfer 250 to 1234567890,bank transfer
Can you process a QR code payment?,pay via QR code
Transfer 500 to Alice,pay via contacts
Pay using the scanned QR code,pay via QR code
Open the QR code scanner,open QR code
Display my recent transactions,transaction history
Bank transfer 500 to 9876543210,bank transfer
Make a payment of 2000 to Alice,pay via contacts
Display my recent transactions,transaction history
Show my transaction history,transaction history
I need to scan a QR code,open QR code
Show my QR code for payment,show my QR code
Send 250 to emma@paytm,pay via UPI ID
Bank transfer 250 to 5566778899,bank transfer
Send 250 to Alice,pay via contacts
Transfer 500 to John,pay via contacts
I need my QR code for transactions,show my QR code
Can you process a QR code payment?,pay via QR code
Show my transaction history,transaction history
I need to scan a QR code,open QR code
Self-transfer ₹1500,pay to self
Display my recent transactions,transaction history
Can you fetch my payment QR code?,show my QR code
Can you activate the QR scanner?,open QR code
Can you pay 250 to John?,pay via contacts
Can you pay 500 to Bob?,pay via contacts
I need to scan a QR code,open QR code
I need my QR code for transactions,show my QR code
Can you fetch my last payments?,transaction history
Make a payment using QR,pay via QR code
Show my transaction history,transaction history
Display my recent transactions,transaction history
Pay 250 via alice@upi,pay via UPI ID
Pay 750 via bob@ybl,pay via UPI ID
Transfer 500 using john@sbi,pay via UPI ID
I need to see my past transactions,transaction history
Open the QR code scanner,open QR code
I need to move ₹700 to another account of mine,pay to self
Show my QR code for payment,show my QR code
Transfer 2000 to Alice,pay via contacts
Self-payment of ₹6000,pay to self
Transfer 750 to Alice,pay via contacts
I need to scan a QR code,open QR code
Deposit 500 into 1234567890,bank transfer
Make a UPI payment of 750 to emma@paytm,pay via UPI ID
Pay using the scanned QR code,pay via QR code
Show my QR code for payment,show my QR code
Pay 1000 via alice@upi,pay via UPI ID
Make a UPI payment of 500 to bob@ybl,pay via UPI ID
Can you fetch my payment QR code?,show my QR code
Transfer 1000 to Emma,pay via contacts
Move ₹1000 from checking to savings,pay to self
I need to scan a QR code,open QR code
Fund transfer to self ₹200,pay to self
Make a payment using QR,pay via QR code
Wire 250 to 5566778899,bank transfer
Launch the QR code scanner,open QR code
Scan a QR code to pay,pay via QR code
Make a UPI payment of 250 to emma@paytm,pay via UPI ID
Can you process a QR code payment?,pay via QR code
I need to scan a QR code,open QR code
Send 1000 to John,pay via contacts
Display my recent transactions,transaction history
Show my QR code for payment,show my QR code
Make a UPI payment of 2000 to john@sbi,pay via UPI ID
Deposit ₹900 into my account from UPI,pay to self
Send 750 to Bob,pay via contacts
Can you fetch my payment QR code?,show my QR code
I need my QR code for transactions,show my QR code
Can you activate the QR scanner?,open QR code
Make a UPI payment of 250 to alice@upi,pay via UPI ID
Fund transfer to self ₹200,pay to self
Send 500 to john@sbi,pay via UPI ID
Pay 750 via alice@upi,pay via UPI ID
Launch the QR code scanner,open QR code
Display my QR code,show my QR code
I need my QR code for transactions,show my QR code
Can you transfer 500 to 1122334455?,bank transfer
Display my recent transactions,transaction history
Make a payment using QR,pay via QR code
Can you pay 1000 to John?,pay via contacts
Launch the QR code scanner,open QR code
Can you process a QR code payment?,pay via QR code
Transfer 2000 using emma@paytm,pay via UPI ID
Make a payment of 500 to Bob,pay via contacts
Transfer 750 using john@sbi,pay via UPI ID
Send 1000 to Emma,pay via contacts
Can you activate the QR scanner?,open QR code
Transfer 1000 using bob@ybl,pay via UPI ID
Can you pay 250 to Bob?,pay via contacts
Make a UPI payment of 2000 to alice@upi,pay via UPI ID
I need to move ₹700 to another account of mine,pay to self
Deposit 1000 into 1234567890,bank transfer
Transfer 2000 using emma@paytm,pay via UPI ID
Move ₹5500 within my accounts,pay to self
Pay using the scanned QR code,pay via QR code
I need to move ₹700 to another account of mine,pay to self
Send 250 to John,pay via contacts
Display my QR code,show my QR code
Open the QR code scanner,open QR code
Display my recent transactions,transaction history
Transfer 2000 to Alice,pay via contacts
Show my QR code for payment,show my QR code
Self-payment of ₹6000,pay to self
Can you transfer 500 to 1234567890?,bank transfer
Can you fetch my payment QR code?,show my QR code
Pay 750 via emma@paytm,pay via UPI ID
Open the QR code scanner,open QR code
Show my transaction history,transaction history
Move some funds to my personal account,pay to self
I need to move ₹700 to another account of mine,pay to self
Can you activate the QR scanner?,open QR code
I need to see my past transactions,transaction history
I need to scan a QR code,open QR code
Display my QR code,show my QR code
Move ₹1000 from checking to savings,pay to self
Open the QR code scanner,open QR code
Display my QR code,show my QR code
I need to scan a QR code,open QR code
Show my QR code for payment,show my QR code
Display my recent transactions,transaction history
I need to scan a QR code,open QR code
I need to move ₹700 to another account of mine,pay to self
Make a UPI payment of 750 to emma@paytm,pay via UPI ID
Can I transfer ₹5000 to myself?,pay to self
Pay ₹8000 into my own bank,pay to self
Make a payment of 250 to Alice,pay via contacts
Move ₹1000 from checking to savings,pay to self
Launch the QR code scanner,open QR code
Bank transfer 500 to 1122334455,bank transfer
Can you activate the QR scanner?,open QR code
Launch the QR code scanner,open QR code
Can you transfer 250 to 5566778899?,bank transfer
Pay ₹8000 into my own bank,pay to self
Open the QR code scanner,open QR code
Send 250 to Alice,pay via contacts
Transfer 500 to Emma,pay via contacts
Scan a QR code to pay,pay via QR code
Pay 500 via john@sbi,pay via UPI ID
Show my transaction history,transaction history
Show my transaction history,transaction history
Show my transaction history,transaction history
Move ₹5500 within my accounts,pay to self
Can you activate the QR scanner?,open QR code
Pay 250 via alice@upi,pay via UPI ID
Launch the QR code scanner,open QR code
Make a payment of 1000 to Bob,pay via contacts
Can I send ₹2500 to my own account?,pay to self
Open the QR code scanner,open QR code
I need to see my past transactions,transaction history
Send 500 to alice@upi,pay via UPI ID
Pay using the scanned QR code,pay via QR code
Can you transfer 1000 to 1234567890?,bank transfer
Can you activate the QR scanner?,open QR code
Make a payment using QR,pay via QR code
Pay using the scanned QR code,pay via QR code
Can you fetch my payment QR code?,show my QR code
Pay 1000 via bob@ybl,pay via UPI ID
Make a payment of 2000 to Alice,pay via contacts
I need to see my past transactions,transaction history
Display my QR code,show my QR code
Scan a QR code to pay,pay via QR code
Can you pay 250 to John?,pay via contacts
Send 500 to Alice,pay via contacts
Pay using the scanned QR code,pay via QR code
Make a UPI payment of 1000 to alice@upi,pay via UPI ID
I need to see my past transactions,transaction history
Transfer 250 using alice@upi,pay via UPI ID
Transfer 2000 using john@sbi,pay via UPI ID
Can you pay 500 to Bob?,pay via contacts
Make a UPI payment of 500 to john@sbi,pay via UPI ID
Show my QR code for payment,show my QR code
Wire 500 to 1234567890,bank transfer
Can you fetch my last payments?,transaction history
I need to see my past transactions,transaction history
I need to scan a QR code,open QR code
Can you activate the QR scanner?,open QR code
Scan a QR code to pay,pay via QR code
Transfer 250 to Bob,pay via contacts
Send 1000 to emma@paytm,pay via UPI ID
Self-transfer ₹1500,pay to self
Pay ₹8000 into my own bank,pay to self
Deposit ₹900 into my account from UPI,pay to self
Launch the QR code scanner,open QR code
Pay 1000 via alice@upi,pay via UPI ID
Can I transfer ₹5000 to myself?,pay to self
Show my transaction history,transaction history
Bank transfer 250 to 5566778899,bank transfer
Can you fetch my payment QR code?,show my QR code
Pay ₹8000 into my own bank,pay to self
Shift ₹4500 from wallet to bank,pay to self
Move some funds to my personal account,pay to self
Deposit 1000 into 1122334455,bank transfer
Transfer 2000 using emma@paytm,pay via UPI ID
Transfer 1000 using bob@ybl,pay via UPI ID
Send 250 to alice@upi,pay via UPI ID
Open the QR code scanner,open QR code
Move ₹1000 from checking to savings,pay to self
Can you activate the QR scanner?,open QR code
Bank transfer 500 to 1234567890,bank transfer
Can you process a QR code payment?,pay via QR code
Bank transfer 2000 to 5566778899,bank transfer
Scan a QR code to pay,pay via QR code
Can you activate the QR scanner?,open QR code
Move some funds to my personal account,pay to self
Bank transfer 1000 to 1234567890,bank transfer
Bank transfer 500 to 1122334455,bank transfer
Can you transfer 500 to 1234567890?,bank transfer
Make a UPI payment of 2000 to john@sbi,pay via UPI ID
Can I send ₹2500 to my own account?,pay to self
Deposit ₹900 into my account from UPI,pay to self
Scan a QR code to pay,pay via QR code
Add ₹10000 to my secondary account,pay to self
Make a payment using QR,pay via QR code
Send 750 to john@sbi,pay via UPI ID
Display my QR code,show my QR code
Can you transfer 2000 to 9876543210?,bank transfer
Can you process a QR code payment?,pay via QR code
I need to see my past transactions,transaction history
Deposit 750 into 5566778899,bank transfer
Deposit ₹900 into my account from UPI,pay to self
Can you fetch my last payments?,transaction history
Show my transaction history,transaction history
I need to scan a QR code,open QR code
Send 750 to Alice,pay via contacts
Display my recent transactions,transaction history
Scan a QR code to pay,pay via QR code
Make a UPI payment of 2000 to emma@paytm,pay via UPI ID
Can you fetch my last payments?,transaction history
Pay 500 via bob@ybl,pay via UPI ID
Move some funds to my personal account,pay to self
I need to scan a QR code,open QR code
Wire 750 to 5566778899,bank transfer
Self-transfer ₹1500,pay to self
Show my QR code for payment,show my QR code
Send 2000 to John,pay via contacts
Can you activate the QR scanner?,open QR code
Send ₹500 to my savings account,pay to self
Deposit 500 into 9876543210,bank transfer
Open the QR code scanner,open QR code
Open the QR code scanner,open QR code
Transfer 1000 to Emma,pay via contacts
Launch the QR code scanner,open QR code
Fund transfer to self ₹200,pay to self
Can you activate the QR scanner?,open QR code
Scan a QR code to pay,pay via QR code
Deposit 2000 into 1122334455,bank transfer
Bank transfer 500 to 1122334455,bank transfer
Pay using the scanned QR code,pay via QR code
I need to see my past transactions,transaction history
Can you activate the QR scanner?,open QR code
Make a UPI payment of 750 to alice@upi,pay via UPI ID
Make a UPI payment of 2000 to john@sbi,pay via UPI ID
I need my QR code for transactions,show my QR code
Fund transfer to self ₹200,pay to self
Can you activate the QR scanner?,open QR code
Pay ₹8000 into my own bank,pay to self
Deposit 2000 into 1122334455,bank transfer
Launch the QR code scanner,open QR code
Can you pay 250 to John?,pay via contacts
Show my QR code for payment,show my QR code
Transfer 500 using emma@paytm,pay via UPI ID
Transfer 1000 to Emma,pay via contacts
Open the QR code scanner,open QR code
Pay ₹8000 into my own bank,pay to self
I need to scan a QR code,open QR code
I need to see my past transactions,transaction history
Wire 750 to 5566778899,bank transfer
Transfer 2000 using bob@ybl,pay via UPI ID
Show my QR code for payment,show my QR code
Display my recent transactions,transaction history
Deposit 750 into 1234567890,bank transfer
Show my QR code for payment,show my QR code
Display my recent transactions,transaction history
Launch the QR code scanner,open QR code
Shift ₹4500 from wallet to bank,pay to self
Display my recent transactions,transaction history
Deposit 2000 into 9876543210,bank transfer
Transfer 250 using john@sbi,pay via UPI ID
Show my transaction history,transaction history
Transfer 750 using emma@paytm,pay via UPI ID
Make a payment using QR,pay via QR code
Show my QR code for payment,show my QR code
Wire 2000 to 5566778899,bank transfer
Can you process a QR code payment?,pay via QR code
Can you fetch my payment QR code?,show my QR code
I need my QR code for transactions,show my QR code
Display my recent transactions,transaction history
Bank transfer 500 to 9876543210,bank transfer
Transfer 250 using john@sbi,pay via UPI ID
Can you activate the QR scanner?,open QR code
Can you transfer 250 to 1234567890?,bank transfer
Can you activate the QR scanner?,open QR code
Display my QR code,show my QR code
Make a UPI payment of 1000 to alice@upi,pay via UPI ID
Deposit 2000 into 1122334455,bank transfer
Can you transfer 500 to 5566778899?,bank transfer
Pay using the scanned QR code,pay via QR code
Move some funds to my personal account,pay to self
Transfer 750 to Emma,pay via contacts
I need to scan a QR code,open QR code
Send 1000 to alice@upi,pay via UPI ID
Send 750 to Bob,pay via contacts
I need my QR code for transactions,show my QR code
Bank transfer 750 to 9876543210,bank transfer
Can you fetch my payment QR code?,show my QR code
Can you fetch my payment QR code?,show my QR code
Bank transfer 250 to 1234567890,bank transfer
Bank transfer 1000 to 9876543210,bank transfer
Can you pay 1000 to John?,pay via contacts
Can you process a QR code payment?,pay via QR code
Scan a QR code to pay,pay via QR code
Deposit 500 into 9876543210,bank transfer
I need to move ₹700 to another account of mine,pay to self
Can you process a QR code payment?,pay via QR code
Bank transfer 2000 to 1234567890,bank transfer
Move ₹5500 within my accounts,pay to self
Can you pay 2000 to Bob?,pay via contacts
Transfer 750 to Emma,pay via contacts
Bank transfer 2000 to 5566778899,bank transfer
Transfer 750 to John,pay via contacts
Pay ₹8000 into my own bank,pay to self
I need to see my past transactions,transaction history
Can you activate the QR scanner?,open QR code
Launch the QR code scanner,open QR code
Pay 2000 via alice@upi,pay via UPI ID
Move ₹1000 from checking to savings,pay to self
Self-transfer ₹1500,pay to self
Display my QR code,show my QR code
Open the QR code scanner,open QR code
Display my QR code,show my QR code
Send 750 to bob@ybl,pay via UPI ID
Can you fetch my payment QR code?,show my QR code
Bank transfer 1000 to 1234567890,bank transfer
Launch the QR code scanner,open QR code
Show my transaction history,transaction history
Display my QR code,show my QR code
Display my recent transactions,transaction history
Show my QR code for payment,show my QR code
Show my transaction history,transaction history
Move some funds to my personal account,pay to self
Send 250 to bob@ybl,pay via UPI ID
Can you transfer 500 to 9876543210?,bank transfer
Launch the QR code scanner,open QR code
Wire 1000 to 5566778899,bank transfer
Send ₹3500 from my UPI to my own bank,pay to self
Scan a QR code to pay,pay via QR code
Make a payment of 750 to Emma,pay via contacts
Transfer money to my own account,pay to self
Shift ₹4000 to my savings,pay to self
Can you transfer 750 to 9876543210?,bank transfer
Pay 500 via bob@ybl,pay via UPI ID
Can you process a QR code payment?,pay via QR code
Can you activate the QR scanner?,open QR code
Open the QR code scanner,open QR code
Can you fetch my last payments?,transaction history
Wire 1000 to 1234567890,bank transfer
I want to pay myself ₹3000,pay to self
I need to see my past transactions,transaction history
Can you activate the QR scanner?,open QR code
Bank transfer 750 to 1122334455,bank transfer
I need my QR code for transactions,show my QR code
Self-transfer ₹1500,pay to self
Display my QR code,show my QR code
Display my QR code,show my QR code
Make a UPI payment of 1000 to alice@upi,pay via UPI ID
Can you process a QR code payment?,pay via QR code
Make a payment of 1000 to Alice,pay via contacts
Move some funds to my personal account,pay to self
Make a UPI payment of 500 to bob@ybl,pay via UPI ID
Send 750 to Bob,pay via contacts
Can you fetch my last payments?,transaction history
Pay 1000 via bob@ybl,pay via UPI ID
Can you pay 750 to Emma?,pay via contacts
I need my QR code for transactions,show my QR code
Launch the QR code scanner,open QR code
Move ₹5500 within my accounts,pay to self
Can you transfer 2000 to 5566778899?,bank transfer
Wire 250 to 1234567890,bank transfer
Can you pay 750 to John?,pay via contacts
Display my recent transactions,transaction history
I need my QR code for transactions,show my QR code
I need to see my past transactions,transaction history
I need my QR code for transactions,show my QR code
Transfer 500 using emma@paytm,pay via UPI ID
Show my QR code for payment,show my QR code
Can you activate the QR scanner?,open QR code
Display my QR code,show my QR code
Transfer 250 using bob@ybl,pay via UPI ID
Make a payment of 1000 to John,pay via contacts
Open the QR code scanner,open QR code
Can you transfer 500 to 1122334455?,bank transfer
Can you fetch my payment QR code?,show my QR code
I need to see my past transactions,transaction history
Can you activate the QR scanner?,open QR code
Transfer 500 using emma@paytm,pay via UPI ID
Bank transfer 2000 to 5566778899,bank transfer
Display my recent transactions,transaction history
Show my transaction history,transaction history
Bank transfer 250 to 1234567890,bank transfer
I need to move ₹700 to another account of mine,pay to self
I need my QR code for transactions,show my QR code
Make a payment using QR,pay via QR code
Display my recent transactions,transaction history
Show my QR code for payment,show my QR code
Wire 250 to 9876543210,bank transfer
Fund transfer to self ₹200,pay to self
Make a UPI payment of 2000 to john@sbi,pay via UPI ID
Make a payment using QR,pay via QR code
Can you pay 500 to John?,pay via contacts
Can you fetch my payment QR code?,show my QR code
I need to scan a QR code,open QR code
Move some funds to my personal account,pay to self
Pay 750 via emma@paytm,pay via UPI ID
Pay 750 via emma@paytm,pay via UPI ID
I need to move ₹700 to another account of mine,pay to self
Make a UPI payment of 500 to emma@paytm,pay via UPI ID
Show my QR code for payment,show my QR code
Send 1000 to bob@ybl,pay via UPI ID
Transfer 500 to John,pay via contacts
Bank transfer 2000 to 1122334455,bank transfer
Transfer 1000 using bob@ybl,pay via UPI ID
Can you process a QR code payment?,pay via QR code
I need to scan a QR code,open QR code
Self-transfer ₹1500,pay to self
I need to move ₹700 to another account of mine,pay to self
Transfer 750 to Alice,pay via contacts
Pay using the scanned QR code,pay via QR code
Pay 500 via emma@paytm,pay via UPI ID
Transfer 750 to Bob,pay via contacts
Can you activate the QR scanner?,open QR code
Make a UPI payment of 750 to john@sbi,pay via UPI ID
Can you activate the QR scanner?,open QR code
Can you fetch my last payments?,transaction history
Display my recent transactions,transaction history
Bank transfer 500 to 5566778899,bank transfer
Bank transfer 2000 to 5566778899,bank transfer
Transfer 1000 using john@sbi,pay via UPI ID
I need to see my past transactions,transaction history
Send 1000 to bob@ybl,pay via UPI ID
Transfer 1000 to Alice,pay via contacts
Deposit 250 into 5566778899,bank transfer
Make a UPI payment of 750 to alice@upi,pay via UPI ID
Transfer 2000 to Bob,pay via contacts
Shift ₹4500 from wallet to bank,pay to self
Can you pay 250 to Emma?,pay via contacts
Deposit 500 into 5566778899,bank transfer
I need my QR code for transactions,show my QR code
Can you pay 750 to John?,pay via contacts
Send ₹3500 from my UPI to my own bank,pay to self
Can you fetch my last payments?,transaction history
I need to see my past transactions,transaction history
Transfer money to my own account,pay to self
Add ₹10000 to my secondary account,pay to self
Can you transfer 2000 to 5566778899?,bank transfer
Shift ₹4000 to my savings,pay to self
Launch the QR code scanner,open QR code
Transfer 500 to Emma,pay via contacts
I need to scan a QR code,open QR code
Make a payment using QR,pay via QR code
Deposit 250 into 1234567890,bank transfer
Pay 250 via bob@ybl,pay via UPI ID
Bank transfer 500 to 5566778899,bank transfer
Show my transaction history,transaction history
Wire 750 to 1234567890,bank transfer
Show my QR code for payment,show my QR code
Can you activate the QR scanner?,open QR code
Make a UPI payment of 1000 to bob@ybl,pay via UPI ID
I want to pay myself ₹3000,pay to self
Can you transfer 250 to 5566778899?,bank transfer
Wire 1000 to 5566778899,bank transfer
Make a payment of 250 to Emma,pay via contacts
Can you fetch my payment QR code?,show my QR code
Transfer 250 using emma@paytm,pay via UPI ID
Bank transfer 750 to 5566778899,bank transfer
Send 2000 to John,pay via contacts
Deposit 500 into 1122334455,bank transfer
Can you fetch my last payments?,transaction history
Open the QR code scanner,open QR code
Send 750 to emma@paytm,pay via UPI ID
Display my QR code,show my QR code
Self-transfer ₹1500,pay to self
Can you transfer 250 to 9876543210?,bank transfer
Can you fetch my last payments?,transaction history
Pay 500 via john@sbi,pay via UPI ID
I need to scan a QR code,open QR code
Transfer 1000 to Emma,pay via contacts
Bank transfer 250 to 5566778899,bank transfer
Make a payment of 500 to John,pay via contacts
Bank transfer 250 to 9876543210,bank transfer
I need to see my past transactions,transaction history
I need to see my past transactions,transaction history
Bank transfer 1000 to 1122334455,bank transfer
I need my QR code for transactions,show my QR code
Can you transfer 250 to 1122334455?,bank transfer
Pay 500 via alice@upi,pay via UPI ID
Make a payment using QR,pay via QR code
Can you process a QR code payment?,pay via QR code
Send 250 to emma@paytm,pay via UPI ID
Open the QR code scanner,open QR code
I want to pay myself ₹3000,pay to self
Transfer 1000 using john@sbi,pay via UPI ID
I need to scan a QR code,open QR code
I need my QR code for transactions,show my QR code
Can you fetch my payment QR code?,show my QR code
Can you fetch my payment QR code?,show my QR code
Launch the QR code scanner,open QR code
Can I send ₹2500 to my own account?,pay to self
Display my recent transactions,transaction history
Wire 500 to 9876543210,bank transfer
Transfer 1000 using bob@ybl,pay via UPI ID
Show my QR code for payment,show my QR code
Send 2000 to Emma,pay via contacts
Show my QR code for payment,show my QR code
Launch the QR code scanner,open QR code
Add ₹10000 to my secondary account,pay to self
I need my QR code for transactions,show my QR code
Wire 750 to 9876543210,bank transfer
Show my QR code for payment,show my QR code
Show my QR code for payment,show my QR code
Move ₹5500 within my accounts,pay to self
Can you transfer 250 to 5566778899?,bank transfer
Scan a QR code to pay,pay via QR code
Send ₹500 to my savings account,pay to self
Pay ₹8000 into my own bank,pay to self
Transfer 750 to Emma,pay via contacts
Add ₹10000 to my secondary account,pay to self
Launch the QR code scanner,open QR code
I need to see my past transactions,transaction history
Can you process a QR code payment?,pay via QR code
Send 1000 to emma@paytm,pay via UPI ID
Display my QR code,show my QR code
Show my transaction history,transaction history
Can you fetch my last payments?,transaction history
Pay using the scanned QR code,pay via QR code
Send 250 to bob@ybl,pay via UPI ID
Bank transfer 250 to 1122334455,bank transfer
Make a payment using QR,pay via QR code
Transfer 250 using emma@paytm,pay via UPI ID
Show my transaction history,transaction history
I need to scan a QR code,open QR code
Add ₹100 to my digital wallet,pay to self
Shift ₹4500 from wallet to bank,pay to self
Send 500 to alice@upi,pay via UPI ID
I need to scan a QR code,open QR code
Deposit 250 into 1122334455,bank transfer
Can you pay 250 to John?,pay via contacts
Can I send ₹2500 to my own account?,pay to self
Display my recent transactions,transaction history
Display my QR code,show my QR code
Make a payment using QR,pay via QR code
I need to scan a QR code,open QR code
Send 2000 to John,pay via contacts
Transfer 250 to Bob,pay via contacts
Can you activate the QR scanner?,open QR code
I need my QR code for transactions,show my QR code
Transfer 500 using emma@paytm,pay via UPI ID
Send 750 to bob@ybl,pay via UPI ID
Open the QR code scanner,open QR code
Pay 750 via bob@ybl,pay via UPI ID
Show my transaction history,transaction history
Send ₹500 to my savings account,pay to self
Make a payment using QR,pay via QR code
Display my recent transactions,transaction history
Pay using the scanned QR code,pay via QR code
Transfer 1000 to Bob,pay via contacts
Wire 500 to 5566778899,bank transfer
Make a payment using QR,pay via QR code
Transfer 250 to Emma,pay via contacts
Make a payment using QR,pay via QR code
Can you activate the QR scanner?,open QR code
Show my transaction history,transaction history
Send ₹3500 from my UPI to my own bank,pay to self
Can you activate the QR scanner?,open QR code
Wire 750 to 9876543210,bank transfer
Can you fetch my payment QR code?,show my QR code
I want to pay myself ₹3000,pay to self
I need my QR code for transactions,show my QR code
Display my QR code,show my QR code
Open the QR code scanner,open QR code
Display my recent transactions,transaction history
Transfer 500 using emma@paytm,pay via UPI ID
Pay ₹8000 into my own bank,pay to self
Send 1000 to emma@paytm,pay via UPI ID
Deposit ₹2000 into my bank account,pay to self
I need to scan a QR code,open QR code
Send 2000 to Alice,pay via contacts
Launch the QR code scanner,open QR code
Show my QR code for payment,show my QR code
Show my transaction history,transaction history
I need to scan a QR code,open QR code
Make a payment using QR,pay via QR code
I need to see my past transactions,transaction history
I need my QR code for transactions,show my QR code
Deposit 1000 into 1234567890,bank transfer
Can I send ₹2500 to my own account?,pay to self
I need to scan a QR code,open QR code
Deposit 250 into 1122334455,bank transfer
Display my recent transactions,transaction history
Transfer money to my own account,pay to self
Show my QR code for payment,show my QR code
Make a UPI payment of 1000 to emma@paytm,pay via UPI ID
I need my QR code for transactions,show my QR code
Can you fetch my last payments?,transaction history
Shift ₹4000 to my savings,pay to self
I need my QR code for transactions,show my QR code
Display my QR code,show my QR code
Pay 250 via john@sbi,pay via UPI ID
Move ₹5500 within my accounts,pay to self
Transfer 2000 using john@sbi,pay via UPI ID
Can you pay 500 to Alice?,pay via contacts
I need to scan a QR code,open QR code
Add ₹10000 to my secondary account,pay to self
Can you fetch my last payments?,transaction history
Can I send ₹2500 to my own account?,pay to self
Transfer 2000 using alice@upi,pay via UPI ID
Show my transaction history,transaction history
Deposit 750 into 1234567890,bank transfer
Move some funds to my personal account,pay to self
I need my QR code for transactions,show my QR code
Send 500 to John,pay via contacts
Transfer 1000 using emma@paytm,pay via UPI ID
Can you pay 750 to Alice?,pay via contacts
Can you activate the QR scanner?,open QR code
Open the QR code scanner,open QR code
Can you transfer 750 to 1234567890?,bank transfer
Deposit 2000 into 9876543210,bank transfer
I need my QR code for transactions,show my QR code
Show my transaction history,transaction history
Launch the QR code scanner,open QR code
I need to scan a QR code,open QR code
Display my recent transactions,transaction history
I need to move ₹700 to another account of mine,pay to self
Scan a QR code to pay,pay via QR code
Make a payment using QR,pay via QR code
Bank transfer 1000 to 9876543210,bank transfer
Transfer 1000 to Emma,pay via contacts
Display my recent transactions,transaction history
Can you activate the QR scanner?,open QR code
Make a payment using QR,pay via QR code
Deposit 750 into 5566778899,bank transfer
Open the QR code scanner,open QR code
Add ₹10000 to my secondary account,pay to self
Send 750 to alice@upi,pay via UPI ID
Shift ₹4500 from wallet to bank,pay to self
Show my QR code for payment,show my QR code
Can you transfer 750 to 5566778899?,bank transfer
Bank transfer 750 to 1234567890,bank transfer
Send 750 to alice@upi,pay via UPI ID
Transfer 500 to Alice,pay via contacts
Send 1000 to emma@paytm,pay via UPI ID
Can you fetch my last payments?,transaction history
Can you process a QR code payment?,pay via QR code
Can you fetch my last payments?,transaction history
I need my QR code for transactions,show my QR code
I need to scan a QR code,open QR code
Can I send ₹2500 to my own account?,pay to self
Display my QR code,show my QR code
Can I transfer ₹5000 to myself?,pay to self
Can you process a QR code payment?,pay via QR code
I need to see my past transactions,transaction history
Pay 2000 via bob@ybl,pay via UPI ID
Can you fetch my last payments?,transaction history
Pay 750 via emma@paytm,pay via UPI ID
Open the QR code scanner,open QR code
Pay 500 via bob@ybl,pay via UPI ID
Can you pay 1000 to Emma?,pay via contacts
Transfer 2000 to Alice,pay via contacts
Pay 250 via bob@ybl,pay via UPI ID
Show my transaction history,transaction history
Send 250 to Bob,pay via contacts
Show my transaction history,transaction history
Make a UPI payment of 250 to alice@upi,pay via UPI ID
Scan a QR code to pay,pay via QR code
Deposit ₹2000 into my bank account,pay to self
Scan a QR code to pay,pay via QR code
Pay 500 via john@sbi,pay via UPI ID
Transfer 250 to Alice,pay via contacts
Show my transaction history,transaction history
Show my QR code for payment,show my QR code
I need to scan a QR code,open QR code
Show my QR code for payment,show my QR code
Launch the QR code scanner,open QR code
Make a payment of 750 to Emma,pay via contacts
Display my recent transactions,transaction history
Move ₹1000 from checking to savings,pay to self
Transfer 250 using alice@upi,pay via UPI ID
Deposit 500 into 1122334455,bank transfer
Make a payment of 1000 to John,pay via contacts
Self-transfer ₹1500,pay to self
Display my recent transactions,transaction history
Deposit 250 into 1122334455,bank transfer
Transfer 1000 using bob@ybl,pay via UPI ID
Move ₹1000 from checking to savings,pay to self
Open the QR code scanner,open QR code
Show my QR code for payment,show my QR code
Show my transaction history,transaction history
Pay 500 via alice@upi,pay via UPI ID
Deposit ₹900 into my account from UPI,pay to self
Launch the QR code scanner,open QR code
I need my QR code for transactions,show my QR code
Scan a QR code to pay,pay via QR code
Self-payment of ₹6000,pay to self
Fund transfer to self ₹200,pay to self
Scan a QR code to pay,pay via QR code
Can you fetch my last payments?,transaction history
Can you fetch my payment QR code?,show my QR code
Pay using the scanned QR code,pay via QR code
Move ₹1000 from checking to savings,pay to self
Can you fetch my payment QR code?,show my QR code
I need my QR code for transactions,show my QR code
Add ₹10000 to my secondary account,pay to self
Send 750 to alice@upi,pay via UPI ID
Bank transfer 2000 to 1234567890,bank transfer
Launch the QR code scanner,open QR code
Show my transaction history,transaction history
Scan a QR code to pay,pay via QR code
Can you fetch my last payments?,transaction history
I need my QR code for transactions,show my QR code
I need my QR code for transactions,show my QR code
I need to scan a QR code,open QR code
Make a UPI payment of 250 to bob@ybl,pay via UPI ID
Deposit ₹900 into my account from UPI,pay to self
Deposit ₹900 into my account from UPI,pay to self
Send ₹3500 from my UPI to my own bank,pay to self
Move ₹1000 from checking to savings,pay to self
I need to see my past transactions,transaction history
Display my QR code,show my QR code
Transfer 750 using emma@paytm,pay via UPI ID
Can you process a QR code payment?,pay via QR code
Bank transfer 500 to 1234567890,bank transfer
Deposit 250 into 1234567890,bank transfer
Can you fetch my last payments?,transaction history
Can you transfer 500 to 1234567890?,bank transfer
I need my QR code for transactions,show my QR code
Make a UPI payment of 250 to bob@ybl,pay via UPI ID
Make a payment using QR,pay via QR code
Transfer money to my own account,pay to self
Make a payment using QR,pay via QR code
Show my transaction history,transaction history
Move ₹5500 within my accounts,pay to self
Make a payment using QR,pay via QR code
Pay 750 via alice@upi,pay via UPI ID
I need my QR code for transactions,show my QR code
Make a payment using QR,pay via QR code
I need my QR code for transactions,show my QR code
Scan a QR code to pay,pay via QR code
Can you transfer 500 to 1234567890?,bank transfer
I need my QR code for transactions,show my QR code
Transfer 250 using bob@ybl,pay via UPI ID
Make a UPI payment of 250 to bob@ybl,pay via UPI ID
I need to see my past transactions,transaction history
Open the QR code scanner,open QR code
I need to scan a QR code,open QR code
Can you activate the QR scanner?,open QR code
Make a payment of 750 to John,pay via contacts
Deposit 750 into 5566778899,bank transfer
Make a payment of 750 to John,pay via contacts
Can you fetch my last payments?,transaction history
Deposit 1000 into 1234567890,bank transfer
Make a payment using QR,pay via QR code
Show my transaction history,transaction history
Can you process a QR code payment?,pay via QR code
Deposit ₹900 into my account from UPI,pay to self
Deposit 250 into 5566778899,bank transfer
Can you process a QR code payment?,pay via QR code
Bank transfer 250 to 9876543210,bank transfer
Send 250 to john@sbi,pay via UPI ID
Send 1000 to john@sbi,pay via UPI ID
Wire 2000 to 1234567890,bank transfer
Can you fetch my last payments?,transaction history
Wire 750 to 1122334455,bank transfer
Scan a QR code to pay,pay via QR code
Can you transfer 250 to 1234567890?,bank transfer
I need to move ₹700 to another account of mine,pay to self
Display my recent transactions,transaction history
Can you pay 500 to Emma?,pay via contacts
Send ₹500 to my savings account,pay to self
Transfer 500 to John,pay via contacts
Open the QR code scanner,open QR code
Make a payment using QR,pay via QR code
Self-transfer ₹1500,pay to self
Launch the QR code scanner,open QR code
Can I transfer ₹5000 to myself?,pay to self
Display my QR code,show my QR code
Shift ₹4000 to my savings,pay to self
Scan a QR code to pay,pay via QR code
Move ₹1000 from checking to savings,pay to self
Can you activate the QR scanner?,open QR code
Scan a QR code to pay,pay via QR code
Show my transaction history,transaction history
I need to see my past transactions,transaction history
Open the QR code scanner,open QR code
Deposit ₹900 into my account from UPI,pay to self
Open the QR code scanner,open QR code
Make a payment of 750 to Emma,pay via contacts
Make a payment of 500 to Emma,pay via contacts
Launch the QR code scanner,open QR code
Can you activate the QR scanner?,open QR code
Make a payment of 2000 to Alice,pay via contacts
Scan a QR code to pay,pay via QR code
Can you activate the QR scanner?,open QR code
Show my transaction history,transaction history
I need to scan a QR code,open QR code
Scan a QR code to pay,pay via QR code
Send 500 to Emma,pay via contacts
Can you process a QR code payment?,pay via QR code
I need to scan a QR code,open QR code
Deposit 1000 into 5566778899,bank transfer
Can you transfer 1000 to 1122334455?,bank transfer
Transfer 750 to Emma,pay via contacts
Display my recent transactions,transaction history
I need to scan a QR code,open QR code
Display my QR code,show my QR code
Send 1000 to emma@paytm,pay via UPI ID
Send 250 to Alice,pay via contacts
Can you transfer 250 to 1234567890?,bank transfer
Can you transfer 750 to 5566778899?,bank transfer
Bank transfer 250 to 1122334455,bank transfer
Make a UPI payment of 750 to bob@ybl,pay via UPI ID
Can you transfer 250 to 9876543210?,bank transfer
Can you pay 2000 to John?,pay via contacts
Send 1000 to alice@upi,pay via UPI ID
Deposit 1000 into 9876543210,bank transfer
Display my QR code,show my QR code
Pay 750 via alice@upi,pay via UPI ID
Can I transfer ₹5000 to myself?,pay to self
Make a payment of 500 to John,pay via contacts
Can you transfer 250 to 1122334455?,bank transfer
Pay 2000 via emma@paytm,pay via UPI ID
Launch the QR code scanner,open QR code
I need my QR code for transactions,show my QR code
Fund transfer to self ₹200,pay to self
Show my QR code for payment,show my QR code
Can you fetch my last payments?,transaction history
Send ₹3500 from my UPI to my own bank,pay to self
Show my transaction history,transaction history
Display my QR code,show my QR code
Deposit 750 into 1234567890,bank transfer
Send 750 to Alice,pay via contacts
I need my QR code for transactions,show my QR code
Shift ₹4500 from wallet to bank,pay to self
Send 2000 to Bob,pay via contacts
Wire 750 to 1122334455,bank transfer
Send ₹3500 from my UPI to my own bank,pay to self
Can you transfer 250 to 1122334455?,bank transfer
Send 500 to john@sbi,pay via UPI ID
Display my recent transactions,transaction history
I need my QR code for transactions,show my QR code
Pay 1000 via alice@upi,pay via UPI ID
Bank transfer 750 to 9876543210,bank transfer
Transfer 1000 using john@sbi,pay via UPI ID
Show my transaction history,transaction history
Deposit ₹900 into my account from UPI,pay to self
Can you fetch my payment QR code?,show my QR code
Can you activate the QR scanner?,open QR code
Can you process a QR code payment?,pay via QR code
Make a payment using QR,pay via QR code
Can you fetch my payment QR code?,show my QR code
Make a payment using QR,pay via QR code
Send 250 to bob@ybl,pay via UPI ID
Display my recent transactions,transaction history
Display my recent transactions,transaction history
Open the QR code scanner,open QR code
Bank transfer 2000 to 9876543210,bank transfer
Can you transfer 500 to 1122334455?,bank transfer
Send 2000 to Bob,pay via contacts
Deposit 750 into 1122334455,bank transfer
Wire 500 to 9876543210,bank transfer
I need my QR code for transactions,show my QR code
Can you pay 1000 to Emma?,pay via contacts
Pay using the scanned QR code,pay via QR code
Display my recent transactions,transaction history
Make a payment using QR,pay via QR code
I need to move ₹700 to another account of mine,pay to self
Transfer 500 using emma@paytm,pay via UPI ID
Launch the QR code scanner,open QR code
Pay using the scanned QR code,pay via QR code
Display my recent transactions,transaction history
Can you pay 750 to Bob?,pay via contacts
Bank transfer 250 to 1122334455,bank transfer
Transfer 500 to Emma,pay via contacts
Can you process a QR code payment?,pay via QR code
Show my QR code for payment,show my QR code
Can you activate the QR scanner?,open QR code
Display my QR code,show my QR code
Wire 250 to 1234567890,bank transfer
Can you transfer 750 to 1122334455?,bank transfer
Can you pay 250 to Emma?,pay via contacts
Can you activate the QR scanner?,open QR code
Can you fetch my last payments?,transaction history
Pay 500 via alice@upi,pay via UPI ID
Bank transfer 2000 to 9876543210,bank transfer
Transfer 2000 using alice@upi,pay via UPI ID
Wire 2000 to 5566778899,bank transfer
Transfer 1000 to Bob,pay via contacts
Open the QR code scanner,open QR code
Can you fetch my last payments?,transaction history
Pay using the scanned QR code,pay via QR code
Send 250 to john@sbi,pay via UPI ID
Send 1000 to emma@paytm,pay via UPI ID
Send 1000 to John,pay via contacts
Scan a QR code to pay,pay via QR code
Can you transfer 1000 to 1234567890?,bank transfer
Can you transfer 2000 to 5566778899?,bank transfer
Send 500 to John,pay via contacts
Can you activate the QR scanner?,open QR code
Open the QR code scanner,open QR code
Deposit ₹900 into my account from UPI,pay to self
Can you transfer 1000 to 1122334455?,bank transfer
Display my QR code,show my QR code
Display my QR code,show my QR code
Make a payment using QR,pay via QR code
Make a payment of 250 to Emma,pay via contacts
Show my transaction history,transaction history
Scan a QR code to pay,pay via QR code
Can you fetch my payment QR code?,show my QR code
Make a UPI payment of 750 to alice@upi,pay via UPI ID
Wire 250 to 5566778899,bank transfer
Deposit ₹900 into my account from UPI,pay to self
Scan a QR code to pay,pay via QR code
Can you process a QR code payment?,pay via QR code
Can you process a QR code payment?,pay via QR code
Wire 2000 to 1122334455,bank transfer
Send 2000 to John,pay via contacts
Can you transfer 2000 to 9876543210?,bank transfer
Can you activate the QR scanner?,open QR code
Send 250 to Bob,pay via contacts
Send 500 to Alice,pay via contacts
Can you process a QR code payment?,pay via QR code
Can you activate the QR scanner?,open QR code
Send 2000 to alice@upi,pay via UPI ID
Pay 750 via bob@ybl,pay via UPI ID
Can you process a QR code payment?,pay via QR code
Transfer 1000 to John,pay via contacts
Show my QR code for payment,show my QR code
I need my QR code for transactions,show my QR code
Can you fetch my payment QR code?,show my QR code
Make a payment using QR,pay via QR code
Scan a QR code to pay,pay via QR code
Show my QR code for payment,show my QR code
Bank transfer 1000 to 9876543210,bank transfer
Show my transaction history,transaction history
Make a UPI payment of 250 to john@sbi,pay via UPI ID
Can you fetch my payment QR code?,show my QR code
Can you fetch my payment QR code?,show my QR code
Deposit ₹2000 into my bank account,pay to self
Show my transaction history,transaction history
Move ₹5500 within my accounts,pay to self
Can you fetch my payment QR code?,show my QR code
Can you fetch my payment QR code?,show my QR code
Transfer 500 using emma@paytm,pay via UPI ID
I need my QR code for transactions,show my QR code
Pay using the scanned QR code,pay via QR code
Make a payment of 250 to Bob,pay via contacts
Send 500 to Emma,pay via contacts
Launch the QR code scanner,open QR code
Can you activate the QR scanner?,open QR code
Can I transfer ₹5000 to myself?,pay to self
Pay 250 via bob@ybl,pay via UPI ID
Bank transfer 2000 to 9876543210,bank transfer
Can you transfer 1000 to 1122334455?,bank transfer
Can you activate the QR scanner?,open QR code
Pay using the scanned QR code,pay via QR code
Send 2000 to bob@ybl,pay via UPI ID
Deposit 2000 into 5566778899,bank transfer
Open the QR code scanner,open QR code
Pay 250 via alice@upi,pay via UPI ID
Send 1000 to Emma,pay via contacts
Make a payment of 250 to Emma,pay via contacts
Send 250 to john@sbi,pay via UPI ID
Bank transfer 1000 to 5566778899,bank transfer
Show my transaction history,transaction history
Display my QR code,show my QR code
Pay using the scanned QR code,pay via QR code
Can you transfer 500 to 9876543210?,bank transfer
Pay using the scanned QR code,pay via QR code
Transfer 2000 using john@sbi,pay via UPI ID
Pay using the scanned QR code,pay via QR code
I need to see my past transactions,transaction history
Make a payment of 250 to Emma,pay via contacts
Scan a QR code to pay,pay via QR code
Send 250 to alice@upi,pay via UPI ID
I need to scan a QR code,open QR code
Scan a QR code to pay,pay via QR code
Move ₹5500 within my accounts,pay to self
Pay 2000 via alice@upi,pay via UPI ID
I need my QR code for transactions,show my QR code
Can you pay 750 to Emma?,pay via contacts
Show my QR code for payment,show my QR code
I need to scan a QR code,open QR code
Deposit 750 into 9876543210,bank transfer
I need to scan a QR code,open QR code
I need to move ₹700 to another account of mine,pay to self
Display my recent transactions,transaction history
Can you activate the QR scanner?,open QR code
Pay using the scanned QR code,pay via QR code
Send 500 to emma@paytm,pay via UPI ID
Can you process a QR code payment?,pay via QR code
I need my QR code for transactions,show my QR code
Can you activate the QR scanner?,open QR code
I need to see my past transactions,transaction history
Show my QR code for payment,show my QR code
Display my QR code,show my QR code
Open the QR code scanner,open QR code
Pay ₹8000 into my own bank,pay to self
Pay 750 via alice@upi,pay via UPI ID
Make a payment of 2000 to Alice,pay via contacts
Wire 500 to 5566778899,bank transfer
Deposit ₹900 into my account from UPI,pay to self
Pay using the scanned QR code,pay via QR code
Can you fetch my payment QR code?,show my QR code
Make a payment of 500 to Alice,pay via contacts
Can you activate the QR scanner?,open QR code
Send 750 to alice@upi,pay via UPI ID
I need to see my past transactions,transaction history
Can you activate the QR scanner?,open QR code
I need to see my past transactions,transaction history
Display my recent transactions,transaction history
Pay using the scanned QR code,pay via QR code
I need to scan a QR code,open QR code
Pay using the scanned QR code,pay via QR code
Pay using the scanned QR code,pay via QR code
Bank transfer 1000 to 5566778899,bank transfer
Can you activate the QR scanner?,open QR code
Make a UPI payment of 2000 to alice@upi,pay via UPI ID
Shift ₹4000 to my savings,pay to self
I need to see my past transactions,transaction history
Add ₹100 to my digital wallet,pay to self
Wire 750 to 1122334455,bank transfer
Can you activate the QR scanner?,open QR code
Can you pay 250 to John?,pay via contacts
Launch the QR code scanner,open QR code
I need to scan a QR code,open QR code
Deposit 500 into 1234567890,bank transfer
Can you activate the QR scanner?,open QR code
Can you activate the QR scanner?,open QR code
Wire 250 to 1122334455,bank transfer
Send 2000 to Bob,pay via contacts
Open the QR code scanner,open QR code
Make a UPI payment of 250 to john@sbi,pay via UPI ID
Show my QR code for payment,show my QR code
Deposit 1000 into 9876543210,bank transfer
Make a payment of 500 to Bob,pay via contacts
Scan a QR code to pay,pay via QR code
Deposit 2000 into 5566778899,bank transfer
Make a payment of 750 to Bob,pay via contacts
Can you transfer 500 to 1234567890?,bank transfer
Display my QR code,show my QR code
Bank transfer 1000 to 1234567890,bank transfer
Display my recent transactions,transaction history
Bank transfer 2000 to 1234567890,bank transfer
Display my QR code,show my QR code
I need my QR code for transactions,show my QR code
Can you activate the QR scanner?,open QR code
Open the QR code scanner,open QR code
Pay 250 via bob@ybl,pay via UPI ID
Can you pay 500 to Bob?,pay via contacts
Wire 2000 to 1234567890,bank transfer
Bank transfer 500 to 1122334455,bank transfer
Send ₹500 to my savings account,pay to self
Make a UPI payment of 750 to alice@upi,pay via UPI ID
Scan a QR code to pay,pay via QR code
Make a payment of 250 to John,pay via contacts
Add ₹10000 to my secondary account,pay to self
Scan a QR code to pay,pay via QR code
Fund transfer to self ₹200,pay to self
Send ₹500 to my savings account,pay to self
Deposit 1000 into 1234567890,bank transfer
Make a payment of 250 to Emma,pay via contacts
Can you process a QR code payment?,pay via QR code
Can you pay 250 to John?,pay via contacts
Make a payment of 500 to Alice,pay via contacts
Send 2000 to Bob,pay via contacts
Bank transfer 750 to 9876543210,bank transfer
Deposit 750 into 1122334455,bank transfer
Transfer 2000 to Emma,pay via contacts
Show my QR code for payment,show my QR code
Can you activate the QR scanner?,open QR code
Move some funds to my personal account,pay to self
Can you pay 250 to Bob?,pay via contacts
Add ₹100 to my digital wallet,pay to self
Send 1000 to Bob,pay via contacts
Can you fetch my payment QR code?,show my QR code
Send 750 to emma@paytm,pay via UPI ID
Self-payment of ₹6000,pay to self
Can you activate the QR scanner?,open QR code
Can you transfer 500 to 1234567890?,bank transfer
Can you fetch my payment QR code?,show my QR code
Can I transfer ₹5000 to myself?,pay to self
Self-transfer ₹1500,pay to self
Can you process a QR code payment?,pay via QR code
Show my transaction history,transaction history
I need to see my past transactions,transaction history
Show my transaction history,transaction history
Wire 250 to 1122334455,bank transfer
Make a payment using QR,pay via QR code
Scan a QR code to pay,pay via QR code
Pay using the scanned QR code,pay via QR code
Make a payment using QR,pay via QR code
I need to scan a QR code,open QR code
Add ₹10000 to my secondary account,pay to self
Scan a QR code to pay,pay via QR code
Can I transfer ₹5000 to myself?,pay to self
Display my recent transactions,transaction history
Pay 750 via john@sbi,pay via UPI ID
I need to scan a QR code,open QR code
Transfer 1000 using emma@paytm,pay via UPI ID
Show my QR code for payment,show my QR code
Send 750 to Alice,pay via contacts
Show my QR code for payment,show my QR code
Send 250 to Bob,pay via contacts
Move ₹5500 within my accounts,pay to self
Wire 250 to 5566778899,bank transfer
Make a UPI payment of 250 to alice@upi,pay via UPI ID
I need to see my past transactions,transaction history
Show my transaction history,transaction history
Scan a QR code to pay,pay via QR code
I need to move ₹700 to another account of mine,pay to self
Send 500 to bob@ybl,pay via UPI ID
Make a UPI payment of 1000 to emma@paytm,pay via UPI ID
Show my QR code for payment,show my QR code
Show my QR code for payment,show my QR code
Send ₹500 to my savings account,pay to self
Can you fetch my payment QR code?,show my QR code
Wire 750 to 9876543210,bank transfer
Pay 1000 via bob@ybl,pay via UPI ID
Can you fetch my payment QR code?,show my QR code
Wire 250 to 1122334455,bank transfer
Pay using the scanned QR code,pay via QR code
Show my transaction history,transaction history
Make a payment using QR,pay via QR code
Deposit ₹900 into my account from UPI,pay to self
Pay using the scanned QR code,pay via QR code
Pay using the scanned QR code,pay via QR code
Pay using the scanned QR code,pay via QR code
Make a payment using QR,pay via QR code
I need to scan a QR code,open QR code
Show my QR code for payment,show my QR code
Send 250 to Emma,pay via contacts
Send 2000 to Emma,pay via contacts
Pay using the scanned QR code,pay via QR code
Can you process a QR code payment?,pay via QR code
I need to see my past transactions,transaction history
Can you fetch my payment QR code?,show my QR code
I need to scan a QR code,open QR code
Can you process a QR code payment?,pay via QR code
Send 750 to Alice,pay via contacts
Show my QR code for payment,show my QR code
Make a UPI payment of 1000 to emma@paytm,pay via UPI ID
Can you transfer 1000 to 1234567890?,bank transfer
Make a payment using QR,pay via QR code
Display my QR code,show my QR code
Move some funds to my personal account,pay to self
Can you activate the QR scanner?,open QR code
Make a payment using QR,pay via QR code
Pay 750 via alice@upi,pay via UPI ID
Bank transfer 750 to 9876543210,bank transfer
Fund transfer to self ₹200,pay to self
Open the QR code scanner,open QR code
Can you pay 1000 to Alice?,pay via contacts
Can you fetch my last payments?,transaction history
Bank transfer 250 to 1234567890,bank transfer
Bank transfer 2000 to 1122334455,bank transfer
Display my recent transactions,transaction history
Can you process a QR code payment?,pay via QR code
Scan a QR code to pay,pay via QR code
I need to scan a QR code,open QR code
Pay 750 via bob@ybl,pay via UPI ID
I need my QR code for transactions,show my QR code
I need my QR code for transactions,show my QR code
I need to see my past transactions,transaction history
Show my QR code for payment,show my QR code
Launch the QR code scanner,open QR code
Wire 1000 to 1122334455,bank transfer
Can you fetch my last payments?,transaction history
I need to scan a QR code,open QR code
I need to scan a QR code,open QR code
Can you activate the QR scanner?,open QR code
Display my recent transactions,transaction history
I need to see my past transactions,transaction history
Bank transfer 2000 to 1122334455,bank transfer
Display my recent transactions,transaction history
Pay 2000 via emma@paytm,pay via UPI ID
I need to scan a QR code,open QR code
Can you transfer 750 to 9876543210?,bank transfer
Can you process a QR code payment?,pay via QR code
Display my QR code,show my QR code
Bank transfer 250 to 5566778899,bank transfer
Show my QR code for payment,show my QR code
I need my QR code for transactions,show my QR code
Make a payment of 500 to Bob,pay via contacts
Can you transfer 250 to 9876543210?,bank transfer
Send 1000 to John,pay via contacts
Transfer 250 to John,pay via contacts
Send 500 to alice@upi,pay via UPI ID
Can you pay 750 to Emma?,pay via contacts
I need to scan a QR code,open QR code
I need to scan a QR code,open QR code
Can you activate the QR scanner?,open QR code
Transfer 250 using emma@paytm,pay via UPI ID
Transfer 500 to Bob,pay via contacts
Display my QR code,show my QR code
Add ₹100 to my digital wallet,pay to self
Add ₹10000 to my secondary account,pay to self
Show my transaction history,transaction history
Can you activate the QR scanner?,open QR code
Pay using the scanned QR code,pay via QR code
Show my transaction history,transaction history
Can you process a QR code payment?,pay via QR code
Transfer 1000 to Emma,pay via contacts
Transfer 2000 using alice@upi,pay via UPI ID
Open the QR code scanner,open QR code
Open the QR code scanner,open QR code
Display my QR code,show my QR code
Can you pay 2000 to Bob?,pay via contacts
Can you transfer 2000 to 5566778899?,bank transfer
Can you process a QR code payment?,pay via QR code
Send 750 to john@sbi,pay via UPI ID
Deposit ₹900 into my account from UPI,pay to self
Transfer 1000 to Alice,pay via contacts
Show my transaction history,transaction history
Make a payment of 1000 to Emma,pay via contacts
Open the QR code scanner,open QR code
Make a payment using QR,pay via QR code
Make a UPI payment of 250 to bob@ybl,pay via UPI ID
Make a UPI payment of 750 to bob@ybl,pay via UPI ID
Can you process a QR code payment?,pay via QR code
Shift ₹4500 from wallet to bank,pay to self
Can you process a QR code payment?,pay via QR code
Bank transfer 500 to 1122334455,bank transfer
Send 500 to John,pay via contacts
Open the QR code scanner,open QR code
Can you activate the QR scanner?,open QR code
Can you pay 2000 to Emma?,pay via contacts
Launch the QR code scanner,open QR code
Can you transfer 2000 to 9876543210?,bank transfer
Can you transfer 250 to 5566778899?,bank transfer
Make a payment using QR,pay via QR code
Display my QR code,show my QR code
Make a payment of 2000 to Alice,pay via contacts
Open the QR code scanner,open QR code
I need to scan a QR code,open QR code
Make a payment using QR,pay via QR code
Scan a QR code to pay,pay via QR code
Can you activate the QR scanner?,open QR code
Display my recent transactions,transaction history
Can you activate the QR scanner?,open QR code
Make a payment using QR,pay via QR code
Can you process a QR code payment?,pay via QR code
I need my QR code for transactions,show my QR code
Scan a QR code to pay,pay via QR code
Can you transfer 1000 to 5566778899?,bank transfer
Send 750 to alice@upi,pay via UPI ID
Can you transfer 1000 to 1234567890?,bank transfer
Bank transfer 250 to 1122334455,bank transfer
Scan a QR code to pay,pay via QR code
Can you fetch my last payments?,transaction history
Can you fetch my payment QR code?,show my QR code
Make a UPI payment of 500 to alice@upi,pay via UPI ID
I need my QR code for transactions,show my QR code
Pay using the scanned QR code,pay via QR code
Open the QR code scanner,open QR code
Bank transfer 500 to 1122334455,bank transfer
Make a UPI payment of 1000 to alice@upi,pay via UPI ID
Show my transaction history,transaction history
I need to move ₹700 to another account of mine,pay to self
Transfer 500 to Alice,pay via contacts
I need to move ₹700 to another account of mine,pay to self
Send 1000 to Emma,pay via contacts
Show my QR code for payment,show my QR code
Display my recent transactions,transaction history
Transfer 2000 to John,pay via contacts
I need my QR code for transactions,show my QR code
Display my QR code,show my QR code
Can you process a QR code payment?,pay via QR code
Send 250 to Alice,pay via contacts
Make a UPI payment of 250 to emma@paytm,pay via UPI ID
Send 1000 to John,pay via contacts
I need my QR code for transactions,show my QR code
Make a UPI payment of 500 to bob@ybl,pay via UPI ID
Wire 1000 to 9876543210,bank transfer
Show my QR code for payment,show my QR code
Can you activate the QR scanner?,open QR code
Pay using the scanned QR code,pay via QR code
Can you activate the QR scanner?,open QR code
Display my recent transactions,transaction history
Deposit ₹900 into my account from UPI,pay to self
Show my QR code for payment,show my QR code
Launch the QR code scanner,open QR code
Make a UPI payment of 2000 to emma@paytm,pay via UPI ID
Send ₹3500 from my UPI to my own bank,pay to self
I need to scan a QR code,open QR code
I need my QR code for transactions,show my QR code
I need to see my past transactions,transaction history
Move ₹1000 from checking to savings,pay to self
Show my transaction history,transaction history
Can I transfer ₹5000 to myself?,pay to self
Launch the QR code scanner,open QR code
Transfer 2000 to John,pay via contacts
Self-payment of ₹6000,pay to self
Move ₹1000 from checking to savings,pay to self
Can you activate the QR scanner?,open QR code
Can you fetch my payment QR code?,show my QR code
Launch the QR code scanner,open QR code
I need to scan a QR code,open QR code
Can you transfer 2000 to 5566778899?,bank transfer
Display my QR code,show my QR code
Send 250 to Emma,pay via contacts
Pay using the scanned QR code,pay via QR code
Show my transaction history,transaction history
Open the QR code scanner,open QR code
Can you fetch my last payments?,transaction history
Pay ₹8000 into my own bank,pay to self
Pay using the scanned QR code,pay via QR code
Can you pay 250 to Bob?,pay via contacts
Transfer money to my own account,pay to self
Launch the QR code scanner,open QR code
Transfer 2000 to Alice,pay via contacts
Can you process a QR code payment?,pay via QR code
I need to see my past transactions,transaction history
Bank transfer 750 to 1234567890,bank transfer
I need to scan a QR code,open QR code
Make a payment using QR,pay via QR code
Can you fetch my payment QR code?,show my QR code
Display my recent transactions,transaction history
Can you transfer 500 to 9876543210?,bank transfer
Pay using the scanned QR code,pay via QR code
I need to scan a QR code,open QR code
Can you pay 1000 to John?,pay via contacts
Send 2000 to Alice,pay via contacts
Transfer 2000 using john@sbi,pay via UPI ID
Send 2000 to emma@paytm,pay via UPI ID
I need my QR code for transactions,show my QR code
Make a payment of 2000 to John,pay via contacts
Make a payment using QR,pay via QR code
Can you transfer 750 to 1234567890?,bank transfer
Can you fetch my payment QR code?,show my QR code
Can you process a QR code payment?,pay via QR code
Can you pay 1000 to Emma?,pay via contacts
Display my recent transactions,transaction history
Transfer money to my own account,pay to self
Deposit ₹2000 into my bank account,pay to self
I need my QR code for transactions,show my QR code
Can you process a QR code payment?,pay via QR code
Pay ₹8000 into my own bank,pay to self
Bank transfer 750 to 5566778899,bank transfer
Transfer 500 using emma@paytm,pay via UPI ID
Can you pay 750 to John?,pay via contacts
Can you activate the QR scanner?,open QR code
Make a payment of 250 to John,pay via contacts
Pay 1000 via john@sbi,pay via UPI ID
Display my QR code,show my QR code
Can you fetch my last payments?,transaction history
Transfer money to my own account,pay to self
Bank transfer 2000 to 5566778899,bank transfer
Launch the QR code scanner,open QR code
Make a UPI payment of 750 to bob@ybl,pay via UPI ID
I need to see my past transactions,transaction history
Can you fetch my last payments?,transaction history
Make a payment using QR,pay via QR code
Open the QR code scanner,open QR code
Pay 250 via bob@ybl,pay via UPI ID
Show my QR code for payment,show my QR code
Launch the QR code scanner,open QR code
Send ₹500 to my savings account,pay to self
Make a UPI payment of 250 to emma@paytm,pay via UPI ID
Can you transfer 1000 to 9876543210?,bank transfer
Show my QR code for payment,show my QR code
Can you process a QR code payment?,pay via QR code
Can you activate the QR scanner?,open QR code
Self-payment of ₹6000,pay to self
Make a UPI payment of 1000 to alice@upi,pay via UPI ID
Can you fetch my payment QR code?,show my QR code
Can you activate the QR scanner?,open QR code
Can you pay 1000 to Alice?,pay via contacts
I need to scan a QR code,open QR code
Wire 2000 to 1234567890,bank transfer
Show my QR code for payment,show my QR code
Bank transfer 2000 to 1122334455,bank transfer
Can you transfer 1000 to 5566778899?,bank transfer
Can you pay 500 to Emma?,pay via contacts
Shift ₹4500 from wallet to bank,pay to self
Pay ₹8000 into my own bank,pay to self
Pay using the scanned QR code,pay via QR code
Add ₹10000 to my secondary account,pay to self
Transfer 750 using alice@upi,pay via UPI ID
Can you process a QR code payment?,pay via QR code
Can you fetch my last payments?,transaction history
Make a payment of 750 to John,pay via contacts
Make a payment using QR,pay via QR code
I need to scan a QR code,open QR code
Wire 500 to 5566778899,bank transfer
Show my QR code for payment,show my QR code
Can you activate the QR scanner?,open QR code
Transfer 750 using bob@ybl,pay via UPI ID
Shift ₹4000 to my savings,pay to self
Send 1000 to bob@ybl,pay via UPI ID
Pay 250 via bob@ybl,pay via UPI ID
Display my recent transactions,transaction history
Pay using the scanned QR code,pay via QR code
Launch the QR code scanner,open QR code
Scan a QR code to pay,pay via QR code
Make a payment using QR,pay via QR code
Can you pay 2000 to Emma?,pay via contacts
Deposit 750 into 5566778899,bank transfer
Send 750 to John,pay via contacts
Bank transfer 750 to 5566778899,bank transfer
Can you pay 500 to Emma?,pay via contacts
Wire 250 to 1122334455,bank transfer
Display my QR code,show my QR code
Send 1000 to john@sbi,pay via UPI ID
Can you process a QR code payment?,pay via QR code
Deposit 2000 into 1234567890,bank transfer
Add ₹100 to my digital wallet,pay to self
Show my transaction history,transaction history
Show my transaction history,transaction history
Fund transfer to self ₹200,pay to self
Make a payment of 2000 to John,pay via contacts
Self-transfer ₹1500,pay to self
Transfer 500 to John,pay via contacts
Bank transfer 250 to 1234567890,bank transfer
Can you fetch my last payments?,transaction history
Can you fetch my last payments?,transaction history
Send 500 to Bob,pay via contacts
Shift ₹4500 from wallet to bank,pay to self
Send 500 to alice@upi,pay via UPI ID
Transfer 500 to Emma,pay via contacts
Can you transfer 2000 to 1122334455?,bank transfer
Move ₹1000 from checking to savings,pay to self
Pay 500 via emma@paytm,pay via UPI ID
Wire 500 to 1234567890,bank transfer
Show my QR code for payment,show my QR code
Make a UPI payment of 750 to emma@paytm,pay via UPI ID
I need to scan a QR code,open QR code
Can you fetch my last payments?,transaction history
Can you process a QR code payment?,pay via QR code
Open the QR code scanner,open QR code
Show my transaction history,transaction history
Pay 750 via alice@upi,pay via UPI ID
Open the QR code scanner,open QR code
Bank transfer 2000 to 9876543210,bank transfer
Display my QR code,show my QR code
Move ₹5500 within my accounts,pay to self
Can you process a QR code payment?,pay via QR code
I need my QR code for transactions,show my QR code
Pay using the scanned QR code,pay via QR code
Make a UPI payment of 250 to alice@upi,pay via UPI ID
Shift ₹4500 from wallet to bank,pay to self
Make a payment using QR,pay via QR code
Display my QR code,show my QR code
Send ₹3500 from my UPI to my own bank,pay to self
I need to scan a QR code,open QR code
Scan a QR code to pay,pay via QR code
Show my transaction history,transaction history
Make a UPI payment of 1000 to bob@ybl,pay via UPI ID
I need to move ₹700 to another account of mine,pay to self
Transfer 500 using emma@paytm,pay via UPI ID
Send 750 to Alice,pay via contacts
Can you transfer 2000 to 5566778899?,bank transfer
Add ₹100 to my digital wallet,pay to self
Can you pay 2000 to Alice?,pay via contacts
I need my QR code for transactions,show my QR code
Can you activate the QR scanner?,open QR code
Can you activate the QR scanner?,open QR code
I need to move ₹700 to another account of mine,pay to self
Make a payment using QR,pay via QR code
I need to see my past transactions,transaction history
Can you fetch my last payments?,transaction history
Display my recent transactions,transaction history
Launch the QR code scanner,open QR code
Add ₹100 to my digital wallet,pay to self
Show my transaction history,transaction history
Can you process a QR code payment?,pay via QR code
Display my QR code,show my QR code
Bank transfer 2000 to 1234567890,bank transfer
Can I send ₹2500 to my own account?,pay to self
Pay 2000 via alice@upi,pay via UPI ID
I need my QR code for transactions,show my QR code
I need to scan a QR code,open QR code
Can you fetch my payment QR code?,show my QR code
Open the QR code scanner,open QR code
Deposit 1000 into 1234567890,bank transfer
Display my recent transactions,transaction history
Send 250 to bob@ybl,pay via UPI ID
Add ₹10000 to my secondary account,pay to self
Can you pay 250 to John?,pay via contacts
Deposit 1000 into 5566778899,bank transfer
Pay 500 via emma@paytm,pay via UPI ID
Can you fetch my last payments?,transaction history
Open the QR code scanner,open QR code
Can you process a QR code payment?,pay via QR code
Can you fetch my last payments?,transaction history
Make a payment of 750 to Bob,pay via contacts
Bank transfer 2000 to 1234567890,bank transfer
Move some funds to my personal account,pay to self
Deposit 1000 into 1234567890,bank transfer
Move some funds to my personal account,pay to self
Show my transaction history,transaction history
Can you process a QR code payment?,pay via QR code
I need to scan a QR code,open QR code
Bank transfer 2000 to 1234567890,bank transfer
Deposit 750 into 5566778899,bank transfer
Can you transfer 500 to 5566778899?,bank transfer
Send 750 to Emma,pay via contacts
Transfer 500 to Emma,pay via contacts
Can you transfer 250 to 1234567890?,bank transfer
Make a payment using QR,pay via QR code
Can I send ₹2500 to my own account?,pay to self
Show my transaction history,transaction history
Send 250 to emma@paytm,pay via UPI ID
Pay using the scanned QR code,pay via QR code
Open the QR code scanner,open QR code
Can you activate the QR scanner?,open QR code
Transfer 750 using bob@ybl,pay via UPI ID
Move ₹5500 within my accounts,pay to self
Pay ₹8000 into my own bank,pay to self
Self-payment of ₹6000,pay to self
Bank transfer 500 to 1122334455,bank transfer
Transfer 500 to Bob,pay via contacts
Bank transfer 1000 to 5566778899,bank transfer
Shift ₹4000 to my savings,pay to self
Show my QR code for payment,show my QR code
Can you pay 750 to Emma?,pay via contacts
Can you pay 500 to Bob?,pay via contacts
Can you transfer 500 to 5566778899?,bank transfer
Can you transfer 250 to 1234567890?,bank transfer
Display my QR code,show my QR code
Pay 250 via emma@paytm,pay via UPI ID
Can you fetch my last payments?,transaction history
Deposit 250 into 5566778899,bank transfer
Make a payment using QR,pay via QR code
Deposit ₹2000 into my bank account,pay to self
Pay ₹8000 into my own bank,pay to self
I need to see my past transactions,transaction history
Send 500 to Emma,pay via contacts
Make a payment using QR,pay via QR code
Launch the QR code scanner,open QR code
Can you process a QR code payment?,pay via QR code
Make a UPI payment of 750 to emma@paytm,pay via UPI ID
Can you pay 250 to Alice?,pay via contacts
Add ₹10000 to my secondary account,pay to self
Self-transfer ₹1500,pay to self
Make a UPI payment of 1000 to alice@upi,pay via UPI ID
Scan a QR code to pay,pay via QR code
Can you transfer 2000 to 9876543210?,bank transfer
Wire 2000 to 1234567890,bank transfer
Scan a QR code to pay,pay via QR code
Launch the QR code scanner,open QR code
Send 2000 to bob@ybl,pay via UPI ID
Send 250 to emma@paytm,pay via UPI ID
Show my QR code for payment,show my QR code
I need to see my past transactions,transaction history
Show my transaction history,transaction history
Deposit ₹900 into my account from UPI,pay to self
Send 500 to Alice,pay via contacts
Can you process a QR code payment?,pay via QR code
Pay 1000 via alice@upi,pay via UPI ID
Send ₹500 to my savings account,pay to self
I need my QR code for transactions,show my QR code
Move ₹1000 from checking to savings,pay to self
Display my recent transactions,transaction history
Make a UPI payment of 500 to bob@ybl,pay via UPI ID
I need my QR code for transactions,show my QR code
Can you transfer 750 to 1122334455?,bank transfer
Show my QR code for payment,show my QR code
Can you fetch my last payments?,transaction history
I need to see my past transactions,transaction history
Show my QR code for payment,show my QR code
Deposit 750 into 9876543210,bank transfer
Open the QR code scanner,open QR code
Send 250 to John,pay via contacts
Pay using the scanned QR code,pay via QR code
Pay 500 via emma@paytm,pay via UPI ID
Send 2000 to john@sbi,pay via UPI ID
Can you process a QR code payment?,pay via QR code
Can you process a QR code payment?,pay via QR code
Can you fetch my payment QR code?,show my QR code
Transfer 1000 to Alice,pay via contacts
Send 750 to Alice,pay via contacts
Can you process a QR code payment?,pay via QR code
Open the QR code scanner,open QR code
Shift ₹4000 to my savings,pay to self
Bank transfer 1000 to 9876543210,bank transfer
Make a payment of 2000 to Bob,pay via contacts
Send 1000 to bob@ybl,pay via UPI ID
Can you fetch my last payments?,transaction history
Make a payment using QR,pay via QR code
Move ₹5500 within my accounts,pay to self
Transfer 250 to Emma,pay via contacts
Scan a QR code to pay,pay via QR code
Make a UPI payment of 750 to alice@upi,pay via UPI ID
Bank transfer 250 to 1234567890,bank transfer
Deposit 500 into 5566778899,bank transfer
Scan a QR code to pay,pay via QR code
Deposit 500 into 1122334455,bank transfer
Launch the QR code scanner,open QR code
Scan a QR code to pay,pay via QR code
Can you transfer 250 to 1122334455?,bank transfer
Can you process a QR code payment?,pay via QR code
Bank transfer 750 to 1122334455,bank transfer
Show my transaction history,transaction history
Move some funds to my personal account,pay to self
Launch the QR code scanner,open QR code
Show my QR code for payment,show my QR code
I need my QR code for transactions,show my QR code
Launch the QR code scanner,open QR code
I need to scan a QR code,open QR code
Deposit 1000 into 1122334455,bank transfer
Make a payment using QR,pay via QR code
Can I transfer ₹5000 to myself?,pay to self
Can you fetch my last payments?,transaction history
Make a payment using QR,pay via QR code
Can you fetch my last payments?,transaction history
Deposit 750 into 1234567890,bank transfer
Can you process a QR code payment?,pay via QR code
Scan a QR code to pay,pay via QR code
Show my QR code for payment,show my QR code
I need to see my past transactions,transaction history
Move ₹1000 from checking to savings,pay to self
Deposit 1000 into 1122334455,bank transfer
Self-transfer ₹1500,pay to self
Display my recent transactions,transaction history
Deposit ₹2000 into my bank account,pay to self
Deposit ₹900 into my account from UPI,pay to self
Deposit 1000 into 5566778899,bank transfer
I need to see my past transactions,transaction history
Can you pay 1000 to John?,pay via contacts
Deposit 1000 into 1122334455,bank transfer
Wire 1000 to 1234567890,bank transfer
Wire 500 to 5566778899,bank transfer
I need to see my past transactions,transaction history
Send ₹500 to my savings account,pay to self
I want to pay myself ₹3000,pay to self
Can you fetch my payment QR code?,show my QR code
Can you pay 1000 to Alice?,pay via contacts
Display my recent transactions,transaction history
Deposit 2000 into 1122334455,bank transfer
Launch the QR code scanner,open QR code
Can you activate the QR scanner?,open QR code
Send ₹500 to my savings account,pay to self
Launch the QR code scanner,open QR code
Pay using the scanned QR code,pay via QR code
Move ₹1000 from checking to savings,pay to self
Send 2000 to John,pay via contacts
Make a payment of 1000 to Bob,pay via contacts
Display my QR code,show my QR code
Scan a QR code to pay,pay via QR code
Can you pay 500 to Alice?,pay via contacts
Pay 500 via emma@paytm,pay via UPI ID
Show my QR code for payment,show my QR code
Transfer 2000 to John,pay via contacts
Bank transfer 1000 to 1122334455,bank transfer
I need to scan a QR code,open QR code
Display my QR code,show my QR code
Bank transfer 500 to 1122334455,bank transfer
Make a payment of 2000 to John,pay via contacts
Scan a QR code to pay,pay via QR code
Open the QR code scanner,open QR code
Transfer 2000 using john@sbi,pay via UPI ID
Can you process a QR code payment?,pay via QR code
Add ₹10000 to my secondary account,pay to self
Make a payment of 250 to John,pay via contacts
Display my recent transactions,transaction history
Shift ₹4000 to my savings,pay to self
Can you pay 250 to Emma?,pay via contacts
Can you fetch my payment QR code?,show my QR code
Deposit 250 into 1234567890,bank transfer
Pay 250 via alice@upi,pay via UPI ID
Make a payment of 2000 to Bob,pay via contacts
Make a payment using QR,pay via QR code
Make a payment of 1000 to Alice,pay via contacts
Transfer 1000 using alice@upi,pay via UPI ID
Send 750 to John,pay via contacts
Make a payment of 1000 to John,pay via contacts
Can you activate the QR scanner?,open QR code
I need my QR code for transactions,show my QR code
Wire 500 to 5566778899,bank transfer
Make a payment of 500 to Alice,pay via contacts
Deposit ₹900 into my account from UPI,pay to self
Wire 250 to 1122334455,bank transfer
Display my QR code,show my QR code
Can you process a QR code payment?,pay via QR code
Display my recent transactions,transaction history
Bank transfer 250 to 1234567890,bank transfer
Make a payment using QR,pay via QR code
Transfer 1000 using john@sbi,pay via UPI ID
Display my recent transactions,transaction history
Make a payment using QR,pay via QR code
Transfer 1000 using alice@upi,pay via UPI ID
Bank transfer 1000 to 1234567890,bank transfer
Can you fetch my last payments?,transaction history
Send 500 to Bob,pay via contacts
Deposit 1000 into 1234567890,bank transfer
Deposit 500 into 1122334455,bank transfer
Wire 750 to 9876543210,bank transfer
Launch the QR code scanner,open QR code
Transfer 1000 to Alice,pay via contacts
Move ₹5500 within my accounts,pay to self
Transfer money to my own account,pay to self
Can you pay 250 to John?,pay via contacts
Scan a QR code to pay,pay via QR code
Wire 250 to 1122334455,bank transfer
Pay using the scanned QR code,pay via QR code
Add ₹10000 to my secondary account,pay to self
Can you transfer 250 to 5566778899?,bank transfer
Show my QR code for payment,show my QR code
Can you fetch my payment QR code?,show my QR code
Transfer 1000 using alice@upi,pay via UPI ID
Send 2000 to Bob,pay via contacts
Make a UPI payment of 500 to alice@upi,pay via UPI ID
Can you fetch my payment QR code?,show my QR code
Show my transaction history,transaction history
Transfer 750 using emma@paytm,pay via UPI ID
Display my recent transactions,transaction history
Show my transaction history,transaction history
Can you transfer 250 to 5566778899?,bank transfer
Open the QR code scanner,open QR code
I need to see my past transactions,transaction history
Scan a QR code to pay,pay via QR code
Deposit 500 into 1122334455,bank transfer
I need to see my past transactions,transaction history
Self-transfer ₹1500,pay to self
Can you fetch my payment QR code?,show my QR code
Launch the QR code scanner,open QR code
Can you process a QR code payment?,pay via QR code
Open the QR code scanner,open QR code
I need to scan a QR code,open QR code
Make a UPI payment of 750 to emma@paytm,pay via UPI ID
Bank transfer 1000 to 9876543210,bank transfer
Make a payment of 750 to Alice,pay via contacts
Make a payment using QR,pay via QR code
I want to pay myself ₹3000,pay to self
Can you fetch my payment QR code?,show my QR code
Display my recent transactions,transaction history
Self-transfer ₹1500,pay to self
I need to scan a QR code,open QR code
Bank transfer 500 to 5566778899,bank transfer
Can you fetch my last payments?,transaction history
Scan a QR code to pay,pay via QR code
Can I transfer ₹5000 to myself?,pay to self
Self-payment of ₹6000,pay to self
Can you fetch my last payments?,transaction history
Deposit 750 into 1234567890,bank transfer
Show my transaction history,transaction history
Can you transfer 250 to 5566778899?,bank transfer
Can you process a QR code payment?,pay via QR code
Make a payment using QR,pay via QR code
Add ₹10000 to my secondary account,pay to self
Self-payment of ₹6000,pay to self
Make a payment using QR,pay via QR code
Open the QR code scanner,open QR code
Move some funds to my personal account,pay to self
Show my transaction history,transaction history
Can you fetch my payment QR code?,show my QR code
I need my QR code for transactions,show my QR code
Transfer money to my own account,pay to self
Fund transfer to self ₹200,pay to self
I need my QR code for transactions,show my QR code
Display my QR code,show my QR code
Transfer 500 using john@sbi,pay via UPI ID
Can you transfer 500 to 1234567890?,bank transfer
I need to scan a QR code,open QR code
Can you fetch my last payments?,transaction history
Can you pay 2000 to Emma?,pay via contacts
Can I send ₹2500 to my own account?,pay to self
Can you fetch my payment QR code?,show my QR code
I need to scan a QR code,open QR code
Can you fetch my payment QR code?,show my QR code
I need to scan a QR code,open QR code
Can you pay 500 to Bob?,pay via contacts
Launch the QR code scanner,open QR code
Pay using the scanned QR code,pay via QR code
Display my QR code,show my QR code
Add ₹10000 to my secondary account,pay to self
Can you process a QR code payment?,pay via QR code
Can you fetch my payment QR code?,show my QR code
Shift ₹4500 from wallet to bank,pay to self
Wire 750 to 1234567890,bank transfer
Show my QR code for payment,show my QR code
Launch the QR code scanner,open QR code
Make a payment using QR,pay via QR code
Scan a QR code to pay,pay via QR code
Bank transfer 750 to 9876543210,bank transfer
I need my QR code for transactions,show my QR code
I need my QR code for transactions,show my QR code
Transfer 500 to Alice,pay via contacts
Bank transfer 500 to 1122334455,bank transfer
Make a payment using QR,pay via QR code
Can you pay 250 to Alice?,pay via contacts
Pay 500 via emma@paytm,pay via UPI ID
Can you fetch my payment QR code?,show my QR code
Can you fetch my payment QR code?,show my QR code
Can you activate the QR scanner?,open QR code
Scan a QR code to pay,pay via QR code
Transfer 500 to Alice,pay via contacts
Can I send ₹2500 to my own account?,pay to self
Send 250 to Bob,pay via contacts
Shift ₹4500 from wallet to bank,pay to self
Pay ₹8000 into my own bank,pay to self
Show my QR code for payment,show my QR code
Transfer 250 to Bob,pay via contacts
Can you pay 2000 to Bob?,pay via contacts
Can you transfer 250 to 5566778899?,bank transfer
Make a payment using QR,pay via QR code
Transfer 750 using alice@upi,pay via UPI ID
Transfer 500 to John,pay via contacts
Can you transfer 2000 to 1234567890?,bank transfer
Send 2000 to john@sbi,pay via UPI ID
Wire 2000 to 9876543210,bank transfer
Deposit 500 into 1122334455,bank transfer
Transfer 750 to Alice,pay via contacts
Wire 1000 to 9876543210,bank transfer
Can you process a QR code payment?,pay via QR code
Display my recent transactions,transaction history
Bank transfer 500 to 9876543210,bank transfer
Make a payment using QR,pay via QR code
Display my QR code,show my QR code
Can you fetch my payment QR code?,show my QR code
Transfer 2000 using bob@ybl,pay via UPI ID
Move ₹1000 from checking to savings,pay to self
Scan a QR code to pay,pay via QR code
Deposit ₹900 into my account from UPI,pay to self
Transfer 250 using alice@upi,pay via UPI ID
Wire 500 to 1122334455,bank transfer
Send 2000 to Bob,pay via contacts
I need my QR code for transactions,show my QR code
Pay using the scanned QR code,pay via QR code
Display my recent transactions,transaction history
Can you transfer 1000 to 1234567890?,bank transfer
I need to scan a QR code,open QR code
I need my QR code for transactions,show my QR code
Display my recent transactions,transaction history
Show my QR code for payment,show my QR code
Transfer 500 using bob@ybl,pay via UPI ID
Open the QR code scanner,open QR code
Can you process a QR code payment?,pay via QR code
Make a UPI payment of 250 to emma@paytm,pay via UPI ID
Can you fetch my last payments?,transaction history
Can I send ₹2500 to my own account?,pay to self
Can you fetch my payment QR code?,show my QR code
Send 1000 to Bob,pay via contacts
Deposit ₹900 into my account from UPI,pay to self
Can you process a QR code payment?,pay via QR code
Pay 1000 via emma@paytm,pay via UPI ID
Add ₹10000 to my secondary account,pay to self
Make a payment of 1000 to Emma,pay via contacts
Deposit 2000 into 1234567890,bank transfer
Can you activate the QR scanner?,open QR code
Display my QR code,show my QR code
Can you process a QR code payment?,pay via QR code
Pay using the scanned QR code,pay via QR code
Can you transfer 500 to 1234567890?,bank transfer
Make a UPI payment of 1000 to john@sbi,pay via UPI ID
Display my QR code,show my QR code
Make a payment using QR,pay via QR code
Make a payment of 250 to Alice,pay via contacts
Show my QR code for payment,show my QR code
Can you fetch my payment QR code?,show my QR code
Transfer 1000 to Emma,pay via contacts
Open the QR code scanner,open QR code
Send 2000 to Bob,pay via contacts
Display my QR code,show my QR code
Display my recent transactions,transaction history
Can you fetch my last payments?,transaction history
I need to see my past transactions,transaction history
I need my QR code for transactions,show my QR code
Can I send ₹2500 to my own account?,pay to self
Can you transfer 2000 to 9876543210?,bank transfer
Scan a QR code to pay,pay via QR code
Display my QR code,show my QR code
Show my QR code for payment,show my QR code
Transfer 1000 using john@sbi,pay via UPI ID
Self-payment of ₹6000,pay to self
Can you fetch my payment QR code?,show my QR code
Wire 2000 to 5566778899,bank transfer
Can you fetch my payment QR code?,show my QR code
Display my recent transactions,transaction history
Make a payment of 250 to Emma,pay via contacts
Scan a QR code to pay,pay via QR code
I need my QR code for transactions,show my QR code
Wire 250 to 1234567890,bank transfer
Scan a QR code to pay,pay via QR code
Display my recent transactions,transaction history
Make a payment of 1000 to Alice,pay via contacts
Transfer 2000 using bob@ybl,pay via UPI ID
Launch the QR code scanner,open QR code
Open the QR code scanner,open QR code
Make a payment of 250 to Alice,pay via contacts
I need my QR code for transactions,show my QR code
Transfer 500 using bob@ybl,pay via UPI ID
I want to pay myself ₹3000,pay to self
Bank transfer 500 to 1234567890,bank transfer
Deposit 750 into 5566778899,bank transfer
Display my recent transactions,transaction history
Pay 2000 via john@sbi,pay via UPI ID
Display my recent transactions,transaction history
Transfer 500 using john@sbi,pay via UPI ID
Can you activate the QR scanner?,open QR code
I need to scan a QR code,open QR code
Bank transfer 250 to 5566778899,bank transfer
Can you activate the QR scanner?,open QR code
Show my transaction history,transaction history
Can you transfer 500 to 1122334455?,bank transfer
Display my QR code,show my QR code
Can you process a QR code payment?,pay via QR code
Bank transfer 1000 to 1234567890,bank transfer
I need to see my past transactions,transaction history
Can you process a QR code payment?,pay via QR code
Make a payment using QR,pay via QR code
I need my QR code for transactions,show my QR code
I need my QR code for transactions,show my QR code
Scan a QR code to pay,pay via QR code
I need to scan a QR code,open QR code
Open the QR code scanner,open QR code
Pay using the scanned QR code,pay via QR code
Can you process a QR code payment?,pay via QR code
Show my QR code for payment,show my QR code
Make a UPI payment of 250 to john@sbi,pay via UPI ID
I need to see my past transactions,transaction history
Deposit 1000 into 1122334455,bank transfer
Pay using the scanned QR code,pay via QR code
Pay 1000 via bob@ybl,pay via UPI ID
I need my QR code for transactions,show my QR code
Deposit ₹2000 into my bank account,pay to self
Transfer 2000 using john@sbi,pay via UPI ID
Show my transaction history,transaction history
Can you activate the QR scanner?,open QR code
I need to see my past transactions,transaction history
Can you transfer 500 to 1122334455?,bank transfer
Bank transfer 2000 to 1234567890,bank transfer
I need my QR code for transactions,show my QR code
Can you pay 750 to Bob?,pay via contacts
Can you fetch my last payments?,transaction history
Make a payment using QR,pay via QR code
Can you process a QR code payment?,pay via QR code
Can you fetch my last payments?,transaction history
Scan a QR code to pay,pay via QR code
Show my transaction history,transaction history
Open the QR code scanner,open QR code
Scan a QR code to pay,pay via QR code
Pay 2000 via emma@paytm,pay via UPI ID
Deposit ₹2000 into my bank account,pay to self
Display my recent transactions,transaction history
I need my QR code for transactions,show my QR code
Pay 750 via alice@upi,pay via UPI ID
Display my recent transactions,transaction history
Send ₹500 to my savings account,pay to self
Pay 250 via john@sbi,pay via UPI ID
Pay 250 via bob@ybl,pay via UPI ID
Can you pay 500 to Bob?,pay via contacts
Make a payment using QR,pay via QR code
Display my recent transactions,transaction history
Can you process a QR code payment?,pay via QR code
Pay 250 via bob@ybl,pay via UPI ID
Can you pay 250 to Bob?,pay via contacts
Scan a QR code to pay,pay via QR code
Bank transfer 500 to 1122334455,bank transfer
Display my recent transactions,transaction history
Send 1000 to John,pay via contacts
Can you process a QR code payment?,pay via QR code
Make a UPI payment of 500 to emma@paytm,pay via UPI ID
Make a payment using QR,pay via QR code
I need my QR code for transactions,show my QR code
Can you transfer 500 to 9876543210?,bank transfer
Show my transaction history,transaction history
Display my recent transactions,transaction history
Fund transfer to self ₹200,pay to self
Make a payment of 250 to John,pay via contacts
Send 1000 to emma@paytm,pay via UPI ID
Pay 500 via emma@paytm,pay via UPI ID
I need my QR code for transactions,show my QR code
I need to scan a QR code,open QR code
Deposit 500 into 1122334455,bank transfer
Can you fetch my last payments?,transaction history
Transfer 500 using john@sbi,pay via UPI ID
Wire 500 to 9876543210,bank transfer
Transfer 2000 using bob@ybl,pay via UPI ID
Can you process a QR code payment?,pay via QR code
I need my QR code for transactions,show my QR code
Can you fetch my payment QR code?,show my QR code
Launch the QR code scanner,open QR code
Deposit 2000 into 1122334455,bank transfer
Send ₹500 to my savings account,pay to self
Bank transfer 2000 to 9876543210,bank transfer
Launch the QR code scanner,open QR code
Show my transaction history,transaction history
Make a payment using QR,pay via QR code
I need my QR code for transactions,show my QR code
Send 1000 to Bob,pay via contacts
Self-transfer ₹1500,pay to self
I need my QR code for transactions,show my QR code
Pay using the scanned QR code,pay via QR code
Send 750 to bob@ybl,pay via UPI ID
Pay 250 via john@sbi,pay via UPI ID
Shift ₹4500 from wallet to bank,pay to self
Pay 500 via emma@paytm,pay via UPI ID
I need my QR code for transactions,show my QR code
Send 750 to bob@ybl,pay via UPI ID
Can you fetch my last payments?,transaction history
Can you process a QR code payment?,pay via QR code
Deposit 500 into 1122334455,bank transfer
Pay 2000 via alice@upi,pay via UPI ID
Transfer 750 to Bob,pay via contacts
Can you process a QR code payment?,pay via QR code
Move ₹1000 from checking to savings,pay to self
Can you process a QR code payment?,pay via QR code
I need my QR code for transactions,show my QR code
Can you fetch my last payments?,transaction history
Can you process a QR code payment?,pay via QR code
Pay 750 via emma@paytm,pay via UPI ID
Can you pay 750 to Emma?,pay via contacts
Send 750 to alice@upi,pay via UPI ID
Can you transfer 750 to 1234567890?,bank transfer
Open the QR code scanner,open QR code
I need to scan a QR code,open QR code
I need to see my past transactions,transaction history
Shift ₹4500 from wallet to bank,pay to self
Send 750 to John,pay via contacts
Make a UPI payment of 250 to alice@upi,pay via UPI ID
Can you fetch my last payments?,transaction history
Can you transfer 2000 to 5566778899?,bank transfer
Send 250 to Bob,pay via contacts
Display my recent transactions,transaction history
Can you fetch my last payments?,transaction history
Open the QR code scanner,open QR code
Display my QR code,show my QR code
Deposit 750 into 1234567890,bank transfer
Send 2000 to bob@ybl,pay via UPI ID
Launch the QR code scanner,open QR code
Display my recent transactions,transaction history
Pay using the scanned QR code,pay via QR code
Can you activate the QR scanner?,open QR code
Send ₹3500 from my UPI to my own bank,pay to self
Make a payment of 1000 to Bob,pay via contacts
Show my QR code for payment,show my QR code
Transfer 2000 using emma@paytm,pay via UPI ID
Pay using the scanned QR code,pay via QR code
Deposit 500 into 9876543210,bank transfer
Pay 2000 via alice@upi,pay via UPI ID
Send ₹3500 from my UPI to my own bank,pay to self
Launch the QR code scanner,open QR code
Can I send ₹2500 to my own account?,pay to self
Can you process a QR code payment?,pay via QR code
Bank transfer 250 to 9876543210,bank transfer
Deposit 1000 into 5566778899,bank transfer
I want to pay myself ₹3000,pay to self
Self-payment of ₹6000,pay to self
Scan a QR code to pay,pay via QR code
I need to scan a QR code,open QR code
Deposit 1000 into 1234567890,bank transfer
Display my QR code,show my QR code
Launch the QR code scanner,open QR code
Make a UPI payment of 250 to bob@ybl,pay via UPI ID
Send 250 to John,pay via contacts
I need to see my past transactions,transaction history
Open the QR code scanner,open QR code
Can you activate the QR scanner?,open QR code
Send 2000 to bob@ybl,pay via UPI ID
Show my transaction history,transaction history
Can you fetch my payment QR code?,show my QR code
I need to scan a QR code,open QR code
I need to scan a QR code,open QR code
Move some funds to my personal account,pay to self
Wire 500 to 5566778899,bank transfer
Move ₹1000 from checking to savings,pay to self
Display my recent transactions,transaction history
Send 1000 to emma@paytm,pay via UPI ID
Wire 500 to 1234567890,bank transfer
Open the QR code scanner,open QR code
Send ₹3500 from my UPI to my own bank,pay to self
Open the QR code scanner,open QR code
Can you fetch my last payments?,transaction history
Open the QR code scanner,open QR code
Deposit ₹2000 into my bank account,pay to self
Show my QR code for payment,show my QR code
Make a UPI payment of 2000 to bob@ybl,pay via UPI ID
Send 1000 to emma@paytm,pay via UPI ID
Pay ₹8000 into my own bank,pay to self
Deposit 2000 into 1234567890,bank transfer
Deposit ₹900 into my account from UPI,pay to self
Display my recent transactions,transaction history
Can you process a QR code payment?,pay via QR code
Transfer 1000 to John,pay via contacts
Shift ₹4500 from wallet to bank,pay to self
I need my QR code for transactions,show my QR code
Pay 250 via john@sbi,pay via UPI ID
Open the QR code scanner,open QR code
Launch the QR code scanner,open QR code
Send ₹500 to my savings account,pay to self
Deposit ₹2000 into my bank account,pay to self
Can you pay 2000 to Emma?,pay via contacts
Display my recent transactions,transaction history
Pay using the scanned QR code,pay via QR code
I need my QR code for transactions,show my QR code
Transfer 2000 to Alice,pay via contacts
Can you transfer 2000 to 5566778899?,bank transfer
Wire 2000 to 1122334455,bank transfer
Scan a QR code to pay,pay via QR code
Send 1000 to Emma,pay via contacts
Can you fetch my payment QR code?,show my QR code
I need to scan a QR code,open QR code
Display my recent transactions,transaction history
I need to scan a QR code,open QR code
Make a payment using QR,pay via QR code
Can you process a QR code payment?,pay via QR code
Make a payment using QR,pay via QR code
Wire 500 to 5566778899,bank transfer
Can you fetch my last payments?,transaction history
Pay 2000 via bob@ybl,pay via UPI ID
Pay using the scanned QR code,pay via QR code
Display my QR code,show my QR code
Bank transfer 250 to 1122334455,bank transfer
Display my recent transactions,transaction history
Can you pay 500 to Emma?,pay via contacts
I need my QR code for transactions,show my QR code
Can you transfer 500 to 1122334455?,bank transfer
Deposit 250 into 1234567890,bank transfer
I need to scan a QR code,open QR code
Can you fetch my last payments?,transaction history
Make a payment using QR,pay via QR code
Make a UPI payment of 750 to bob@ybl,pay via UPI ID
Send 250 to emma@paytm,pay via UPI ID
Display my recent transactions,transaction history
Transfer 1000 using bob@ybl,pay via UPI ID
Can you activate the QR scanner?,open QR code
Deposit 750 into 1234567890,bank transfer
I need to move ₹700 to another account of mine,pay to self
Can you transfer 250 to 1122334455?,bank transfer
Pay 750 via emma@paytm,pay via UPI ID
Deposit ₹2000 into my bank account,pay to self
Pay using the scanned QR code,pay via QR code
Pay 1000 via alice@upi,pay via UPI ID
Scan a QR code to pay,pay via QR code
Transfer 1000 to Emma,pay via contacts
Send 2000 to emma@paytm,pay via UPI ID
Make a payment using QR,pay via QR code
Can you fetch my payment QR code?,show my QR code
Launch the QR code scanner,open QR code
Can you pay 2000 to Emma?,pay via contacts
Display my recent transactions,transaction history
Fund transfer to self ₹200,pay to self
Open the QR code scanner,open QR code
Can I transfer ₹5000 to myself?,pay to self
I need to see my past transactions,transaction history
Self-payment of ₹6000,pay to self
Pay 2000 via emma@paytm,pay via UPI ID
Can you fetch my payment QR code?,show my QR code
Open the QR code scanner,open QR code
Open the QR code scanner,open QR code
Shift ₹4000 to my savings,pay to self
I need my QR code for transactions,show my QR code
Wire 250 to 5566778899,bank transfer
I need to see my past transactions,transaction history
Make a payment of 750 to Emma,pay via contacts
Wire 750 to 5566778899,bank transfer
Scan a QR code to pay,pay via QR code
Scan a QR code to pay,pay via QR code
Make a payment of 750 to Bob,pay via contacts
Launch the QR code scanner,open QR code
Can you transfer 2000 to 9876543210?,bank transfer
Transfer 750 to Emma,pay via contacts
Pay 750 via bob@ybl,pay via UPI ID
Can you process a QR code payment?,pay via QR code
Move ₹1000 from checking to savings,pay to self
Pay using the scanned QR code,pay via QR code
Deposit ₹2000 into my bank account,pay to self
Bank transfer 2000 to 9876543210,bank transfer
Can you pay 500 to Emma?,pay via contacts
Make a payment of 250 to Emma,pay via contacts
Show my transaction history,transaction history
Transfer 500 using emma@paytm,pay via UPI ID
Bank transfer 2000 to 9876543210,bank transfer
Show my transaction history,transaction history
Can you pay 1000 to Bob?,pay via contacts
Make a payment of 750 to Bob,pay via contacts
Make a payment of 500 to Bob,pay via contacts
I need my QR code for transactions,show my QR code
I need my QR code for transactions,show my QR code
Launch the QR code scanner,open QR code
Deposit ₹2000 into my bank account,pay to self
Can you pay 750 to Alice?,pay via contacts
Deposit ₹900 into my account from UPI,pay to self
Can you fetch my last payments?,transaction history
Launch the QR code scanner,open QR code
I need my QR code for transactions,show my QR code
Scan a QR code to pay,pay via QR code
Show my QR code for payment,show my QR code
Add ₹10000 to my secondary account,pay to self
Make a payment of 750 to John,pay via contacts
I need to see my past transactions,transaction history
I need to move ₹700 to another account of mine,pay to self
I need to see my past transactions,transaction history
Can you transfer 250 to 5566778899?,bank transfer
Fund transfer to self ₹200,pay to self
Make a payment of 750 to John,pay via contacts
I need to scan a QR code,open QR code
Send 1000 to Emma,pay via contacts
Can you transfer 2000 to 9876543210?,bank transfer
Can you fetch my payment QR code?,show my QR code
Show my transaction history,transaction history
I need my QR code for transactions,show my QR code
Bank transfer 750 to 1122334455,bank transfer
Launch the QR code scanner,open QR code
Launch the QR code scanner,open QR code
Scan a QR code to pay,pay via QR code
Pay 1000 via emma@paytm,pay via UPI ID
Show my QR code for payment,show my QR code
Make a payment of 500 to Alice,pay via contacts
Can you fetch my payment QR code?,show my QR code
Transfer 250 using emma@paytm,pay via UPI ID
Can you process a QR code payment?,pay via QR code
I need my QR code for transactions,show my QR code
Transfer 750 using bob@ybl,pay via UPI ID
Can you fetch my payment QR code?,show my QR code
Can you transfer 250 to 1234567890?,bank transfer
Can you pay 1000 to Bob?,pay via contacts
Show my QR code for payment,show my QR code
Show my QR code for payment,show my QR code
Display my recent transactions,transaction history
Deposit 750 into 9876543210,bank transfer
Make a UPI payment of 750 to bob@ybl,pay via UPI ID
Make a payment using QR,pay via QR code
Can you process a QR code payment?,pay via QR code
Display my QR code,show my QR code
Shift ₹4500 from wallet to bank,pay to self
Show my transaction history,transaction history
Move ₹5500 within my accounts,pay to self
Scan a QR code to pay,pay via QR code
Deposit 2000 into 9876543210,bank transfer
Display my QR code,show my QR code
Transfer 1000 using emma@paytm,pay via UPI ID
Can you activate the QR scanner?,open QR code
Scan a QR code to pay,pay via QR code
Can you fetch my last payments?,transaction history
Self-payment of ₹6000,pay to self
Send 750 to john@sbi,pay via UPI ID
Pay 2000 via alice@upi,pay via UPI ID
Deposit 2000 into 1122334455,bank transfer
I need my QR code for transactions,show my QR code
Make a UPI payment of 250 to alice@upi,pay via UPI ID
Transfer 750 to Emma,pay via contacts
Can you process a QR code payment?,pay via QR code
Make a payment of 250 to John,pay via contacts
Wire 1000 to 1122334455,bank transfer
Shift ₹4500 from wallet to bank,pay to self
Deposit ₹2000 into my bank account,pay to self
Pay using the scanned QR code,pay via QR code
Can you fetch my payment QR code?,show my QR code
Bank transfer 1000 to 5566778899,bank transfer
Show my QR code for payment,show my QR code
Can you fetch my payment QR code?,show my QR code
Can you pay 2000 to Emma?,pay via contacts
Open the QR code scanner,open QR code
Can you activate the QR scanner?,open QR code
Launch the QR code scanner,open QR code
I need to scan a QR code,open QR code
Show my QR code for payment,show my QR code
Bank transfer 250 to 1234567890,bank transfer
Self-transfer ₹1500,pay to self
Pay using the scanned QR code,pay via QR code
I need my QR code for transactions,show my QR code
Show my transaction history,transaction history
Scan a QR code to pay,pay via QR code
Can you pay 2000 to Alice?,pay via contacts
Display my QR code,show my QR code
Send ₹500 to my savings account,pay to self
Make a UPI payment of 750 to emma@paytm,pay via UPI ID
Shift ₹4500 from wallet to bank,pay to self
Can you fetch my last payments?,transaction history
Launch the QR code scanner,open QR code
Move some funds to my personal account,pay to self
Can you fetch my payment QR code?,show my QR code
I need my QR code for transactions,show my QR code
Open the QR code scanner,open QR code
Can you fetch my payment QR code?,show my QR code
Can you fetch my payment QR code?,show my QR code
Can you fetch my payment QR code?,show my QR code
Send 750 to Emma,pay via contacts
Can you activate the QR scanner?,open QR code
Display my recent transactions,transaction history
Can you pay 750 to John?,pay via contacts
Can you pay 2000 to John?,pay via contacts
Can you pay 2000 to Emma?,pay via contacts
Can you pay 1000 to John?,pay via contacts
Make a payment using QR,pay via QR code
Can you pay 500 to Bob?,pay via contacts
I need to scan a QR code,open QR code
Move ₹1000 from checking to savings,pay to self
Show my QR code for payment,show my QR code
Deposit ₹900 into my account from UPI,pay to self
Can you process a QR code payment?,pay via QR code
Show my transaction history,transaction history
I need to scan a QR code,open QR code
Send 250 to bob@ybl,pay via UPI ID
Launch the QR code scanner,open QR code
Move ₹5500 within my accounts,pay to self
Send 2000 to John,pay via contacts
Transfer 1000 to Emma,pay via contacts
Transfer 2000 to John,pay via contacts
Pay 1000 via john@sbi,pay via UPI ID
Deposit 1000 into 5566778899,bank transfer
Display my recent transactions,transaction history
Send 750 to emma@paytm,pay via UPI ID
Deposit 250 into 1234567890,bank transfer
Deposit 750 into 9876543210,bank transfer
Display my recent transactions,transaction history
Transfer 750 using john@sbi,pay via UPI ID
Pay using the scanned QR code,pay via QR code
Can you activate the QR scanner?,open QR code
Pay 250 via bob@ybl,pay via UPI ID
Self-payment of ₹6000,pay to self
Show my transaction history,transaction history
Send 1000 to john@sbi,pay via UPI ID
Make a UPI payment of 500 to alice@upi,pay via UPI ID
Launch the QR code scanner,open QR code
Can you process a QR code payment?,pay via QR code
Can you fetch my last payments?,transaction history
Transfer 2000 using john@sbi,pay via UPI ID
I want to pay myself ₹3000,pay to self
Display my recent transactions,transaction history
Move ₹5500 within my accounts,pay to self
Open the QR code scanner,open QR code
Can you pay 2000 to Bob?,pay via contacts
Show my QR code for payment,show my QR code
Pay 500 via bob@ybl,pay via UPI ID
Display my recent transactions,transaction history
Pay 500 via alice@upi,pay via UPI ID
Can you pay 750 to Emma?,pay via contacts
I need my QR code for transactions,show my QR code
Move ₹1000 from checking to savings,pay to self
Send 250 to Emma,pay via contacts
Make a payment using QR,pay via QR code
Can you fetch my last payments?,transaction history
Send 500 to emma@paytm,pay via UPI ID
I need to see my past transactions,transaction history
Bank transfer 250 to 9876543210,bank transfer
Show my QR code for payment,show my QR code
Can you process a QR code payment?,pay via QR code
Can you fetch my payment QR code?,show my QR code
Can you process a QR code payment?,pay via QR code
Can you pay 750 to Alice?,pay via contacts
Display my QR code,show my QR code
Send ₹500 to my savings account,pay to self
Launch the QR code scanner,open QR code
Can you fetch my payment QR code?,show my QR code
Transfer 750 to Emma,pay via contacts
Make a UPI payment of 2000 to john@sbi,pay via UPI ID
I need my QR code for transactions,show my QR code
Can you process a QR code payment?,pay via QR code
Show my QR code for payment,show my QR code
Wire 1000 to 9876543210,bank transfer
Display my QR code,show my QR code
Can you process a QR code payment?,pay via QR code
Transfer 1000 using bob@ybl,pay via UPI ID
Make a UPI payment of 2000 to alice@upi,pay via UPI ID
Pay using the scanned QR code,pay via QR code
I need to scan a QR code,open QR code
Scan a QR code to pay,pay via QR code
Can you fetch my payment QR code?,show my QR code
I need my QR code for transactions,show my QR code
Scan a QR code to pay,pay via QR code
Can you fetch my last payments?,transaction history
Deposit 250 into 1122334455,bank transfer
Bank transfer 750 to 5566778899,bank transfer
I need to move ₹700 to another account of mine,pay to self
Display my QR code,show my QR code
Open the QR code scanner,open QR code
Can you transfer 750 to 5566778899?,bank transfer
Pay 500 via john@sbi,pay via UPI ID
Transfer 500 using john@sbi,pay via UPI ID
Pay 250 via alice@upi,pay via UPI ID
Transfer 250 to John,pay via contacts
Can you fetch my payment QR code?,show my QR code
Can you activate the QR scanner?,open QR code
Wire 1000 to 1234567890,bank transfer
I need to see my past transactions,transaction history
Scan a QR code to pay,pay via QR code
Can you activate the QR scanner?,open QR code
Scan a QR code to pay,pay via QR code
Bank transfer 750 to 9876543210,bank transfer
Scan a QR code to pay,pay via QR code
Transfer 500 using emma@paytm,pay via UPI ID
I need to see my past transactions,transaction history
Show my transaction history,transaction history
Make a payment using QR,pay via QR code
I want to pay myself ₹3000,pay to self
Transfer 1000 using john@sbi,pay via UPI ID
Make a payment using QR,pay via QR code
Display my QR code,show my QR code
Can you activate the QR scanner?,open QR code
I need to scan a QR code,open QR code
Show my QR code for payment,show my QR code
Transfer 750 to Bob,pay via contacts
Pay using the scanned QR code,pay via QR code
Can you fetch my last payments?,transaction history
Move ₹5500 within my accounts,pay to self
Launch the QR code scanner,open QR code
Shift ₹4500 from wallet to bank,pay to self
I need my QR code for transactions,show my QR code
Launch the QR code scanner,open QR code
Make a payment using QR,pay via QR code
Can you fetch my last payments?,transaction history
Send 500 to Alice,pay via contacts
I need my QR code for transactions,show my QR code
Transfer 500 using bob@ybl,pay via UPI ID
Transfer 500 using alice@upi,pay via UPI ID
Can you transfer 500 to 1234567890?,bank transfer
Send 250 to Alice,pay via contacts
Transfer 750 using bob@ybl,pay via UPI ID
Can you fetch my payment QR code?,show my QR code
Pay 1000 via emma@paytm,pay via UPI ID
Can you process a QR code payment?,pay via QR code
Wire 1000 to 1122334455,bank transfer
Can you pay 500 to Alice?,pay via contacts
Make a UPI payment of 500 to john@sbi,pay via UPI ID
Make a payment using QR,pay via QR code
Make a UPI payment of 2000 to emma@paytm,pay via UPI ID
Wire 750 to 1234567890,bank transfer
Can you pay 500 to Bob?,pay via contacts
Send 750 to Bob,pay via contacts
Can you activate the QR scanner?,open QR code
Can I send ₹2500 to my own account?,pay to self
Send 2000 to alice@upi,pay via UPI ID
Display my recent transactions,transaction history
Can you fetch my payment QR code?,show my QR code
Shift ₹4000 to my savings,pay to self
Make a UPI payment of 1000 to alice@upi,pay via UPI ID
Can you process a QR code payment?,pay via QR code
Can you fetch my payment QR code?,show my QR code
I need my QR code for transactions,show my QR code
Transfer 2000 to John,pay via contacts
Transfer 250 to Alice,pay via contacts
Bank transfer 750 to 5566778899,bank transfer
Send 500 to Alice,pay via contacts
Send 1000 to Emma,pay via contacts
I need to scan a QR code,open QR code
Can you fetch my last payments?,transaction history
Can you transfer 2000 to 1122334455?,bank transfer
Send 500 to bob@ybl,pay via UPI ID
I need my QR code for transactions,show my QR code
Can I transfer ₹5000 to myself?,pay to self
Can you pay 2000 to John?,pay via contacts
Make a payment of 750 to Bob,pay via contacts
Open the QR code scanner,open QR code
Can I send ₹2500 to my own account?,pay to self
Show my transaction history,transaction history
Make a UPI payment of 2000 to alice@upi,pay via UPI ID
Fund transfer to self ₹200,pay to self
Display my recent transactions,transaction history
Transfer 2000 to John,pay via contacts
Send 250 to Bob,pay via contacts
Fund transfer to self ₹200,pay to self
Can you fetch my last payments?,transaction history
Transfer 1000 to John,pay via contacts
Can you fetch my last payments?,transaction history
Deposit 750 into 1122334455,bank transfer
Display my recent transactions,transaction history
Wire 500 to 1122334455,bank transfer
I need to scan a QR code,open QR code
Can you activate the QR scanner?,open QR code
Self-payment of ₹6000,pay to self
Bank transfer 250 to 9876543210,bank transfer
I need to scan a QR code,open QR code
Can you fetch my payment QR code?,show my QR code
Can you pay 750 to Alice?,pay via contacts
Pay using the scanned QR code,pay via QR code
Can you transfer 1000 to 5566778899?,bank transfer
Wire 2000 to 1234567890,bank transfer
Show my QR code for payment,show my QR code
Can you fetch my last payments?,transaction history
Open the QR code scanner,open QR code
Scan a QR code to pay,pay via QR code
Open the QR code scanner,open QR code
Add ₹100 to my digital wallet,pay to self
Can you transfer 1000 to 5566778899?,bank transfer
Can you transfer 2000 to 1122334455?,bank transfer
Deposit 250 into 9876543210,bank transfer
Transfer 1000 to Emma,pay via contacts
Transfer 250 to Emma,pay via contacts
Show my QR code for payment,show my QR code
Display my recent transactions,transaction history
Can you activate the QR scanner?,open QR code
I need my QR code for transactions,show my QR code
Make a UPI payment of 500 to emma@paytm,pay via UPI ID
I need my QR code for transactions,show my QR code
Pay using the scanned QR code,pay via QR code
Shift ₹4500 from wallet to bank,pay to self
Launch the QR code scanner,open QR code
Open the QR code scanner,open QR code
Show my QR code for payment,show my QR code
Wire 500 to 1122334455,bank transfer
Add ₹10000 to my secondary account,pay to self
Add ₹10000 to my secondary account,pay to self
Make a UPI payment of 750 to bob@ybl,pay via UPI ID
Deposit 750 into 1122334455,bank transfer
Can you transfer 250 to 9876543210?,bank transfer
Can you pay 1000 to Bob?,pay via contacts
Can you process a QR code payment?,pay via QR code
Deposit ₹900 into my account from UPI,pay to self
Transfer money to my own account,pay to self
I need to see my past transactions,transaction history
I need to scan a QR code,open QR code
Display my recent transactions,transaction history
I need my QR code for transactions,show my QR code
Add ₹10000 to my secondary account,pay to self
Can you transfer 250 to 1122334455?,bank transfer
Add ₹10000 to my secondary account,pay to self
Can you activate the QR scanner?,open QR code
I need to scan a QR code,open QR code
Display my recent transactions,transaction history
Display my recent transactions,transaction history
I need to see my past transactions,transaction history
I need to see my past transactions,transaction history
Scan a QR code to pay,pay via QR code
Scan a QR code to pay,pay via QR code
Can you pay 1000 to Alice?,pay via contacts
Can you process a QR code payment?,pay via QR code
Wire 750 to 9876543210,bank transfer
Make a payment using QR,pay via QR code
Can you pay 2000 to Bob?,pay via contacts
I need to see my past transactions,transaction history
Send 500 to alice@upi,pay via UPI ID
Deposit ₹2000 into my bank account,pay to self
Pay using the scanned QR code,pay via QR code
Deposit 750 into 5566778899,bank transfer
Bank transfer 750 to 1122334455,bank transfer
Can you process a QR code payment?,pay via QR code
Pay using the scanned QR code,pay via QR code
Can you fetch my last payments?,transaction history
Can I transfer ₹5000 to myself?,pay to self
Can you activate the QR scanner?,open QR code
Display my recent transactions,transaction history
Make a payment of 500 to Bob,pay via contacts
Deposit 1000 into 9876543210,bank transfer
Send 500 to Bob,pay via contacts
Can you fetch my last payments?,transaction history
I need my QR code for transactions,show my QR code
I need my QR code for transactions,show my QR code
Display my QR code,show my QR code
Transfer 2000 using emma@paytm,pay via UPI ID
Send 1000 to Bob,pay via contacts
Can you activate the QR scanner?,open QR code
Can you process a QR code payment?,pay via QR code
Shift ₹4500 from wallet to bank,pay to self
Move ₹5500 within my accounts,pay to self
Pay 1000 via emma@paytm,pay via UPI ID
Fund transfer to self ₹200,pay to self
I need my QR code for transactions,show my QR code
Display my recent transactions,transaction history
Display my QR code,show my QR code
Scan a QR code to pay,pay via QR code
Deposit ₹2000 into my bank account,pay to self
Launch the QR code scanner,open QR code
I need my QR code for transactions,show my QR code
Bank transfer 1000 to 9876543210,bank transfer
Make a payment of 250 to Bob,pay via contacts
I need my QR code for transactions,show my QR code
Deposit 500 into 1122334455,bank transfer
Scan a QR code to pay,pay via QR code
Launch the QR code scanner,open QR code
Fund transfer to self ₹200,pay to self
Transfer 2000 to Alice,pay via contacts
Show my transaction history,transaction history
Can you fetch my last payments?,transaction history
Make a payment using QR,pay via QR code
Open the QR code scanner,open QR code
Show my transaction history,transaction history
Can you transfer 500 to 1122334455?,bank transfer
Show my transaction history,transaction history
Shift ₹4000 to my savings,pay to self
Show my QR code for payment,show my QR code
Display my QR code,show my QR code
Transfer 1000 to John,pay via contacts
I need my QR code for transactions,show my QR code
Make a payment of 750 to Emma,pay via contacts
Pay 500 via bob@ybl,pay via UPI ID
Make a UPI payment of 2000 to alice@upi,pay via UPI ID
Launch the QR code scanner,open QR code
Deposit 250 into 9876543210,bank transfer
Send ₹3500 from my UPI to my own bank,pay to self
I need to scan a QR code,open QR code
Send 2000 to alice@upi,pay via UPI ID
Can you fetch my last payments?,transaction history
Launch the QR code scanner,open QR code
Deposit ₹900 into my account from UPI,pay to self
I need my QR code for transactions,show my QR code
I need my QR code for transactions,show my QR code
Launch the QR code scanner,open QR code
Add ₹100 to my digital wallet,pay to self
Can you fetch my payment QR code?,show my QR code
Show my transaction history,transaction history
Make a payment using QR,pay via QR code
Display my recent transactions,transaction history
I need to scan a QR code,open QR code
Pay ₹8000 into my own bank,pay to self
Deposit 250 into 1234567890,bank transfer
Can you fetch my last payments?,transaction history
Pay using the scanned QR code,pay via QR code
Scan a QR code to pay,pay via QR code
Pay 750 via john@sbi,pay via UPI ID
Make a payment of 1000 to Bob,pay via contacts
Move ₹1000 from checking to savings,pay to self
Show my transaction history,transaction history
Wire 250 to 5566778899,bank transfer
Display my recent transactions,transaction history
Pay using the scanned QR code,pay via QR code
Display my recent transactions,transaction history
Show my QR code for payment,show my QR code
I need to see my past transactions,transaction history
I need to see my past transactions,transaction history
Show my QR code for payment,show my QR code
Move ₹5500 within my accounts,pay to self
I need to see my past transactions,transaction history
Pay using the scanned QR code,pay via QR code
Transfer 1000 using alice@upi,pay via UPI ID
Can you activate the QR scanner?,open QR code
Show my QR code for payment,show my QR code
I need to see my past transactions,transaction history
Open the QR code scanner,open QR code
Open the QR code scanner,open QR code
Can you activate the QR scanner?,open QR code
Show my transaction history,transaction history
Launch the QR code scanner,open QR code
Can you pay 250 to Bob?,pay via contacts
I need to scan a QR code,open QR code
Move ₹5500 within my accounts,pay to self
Deposit 2000 into 9876543210,bank transfer
Make a payment of 250 to Emma,pay via contacts
Self-payment of ₹6000,pay to self
Open the QR code scanner,open QR code
Move ₹5500 within my accounts,pay to self
Launch the QR code scanner,open QR code
Pay 2000 via alice@upi,pay via UPI ID
Can you pay 750 to Bob?,pay via contacts
Can you activate the QR scanner?,open QR code
Transfer 2000 to Bob,pay via contacts
Make a UPI payment of 2000 to emma@paytm,pay via UPI ID
Open the QR code scanner,open QR code
Display my recent transactions,transaction history
Make a UPI payment of 1000 to john@sbi,pay via UPI ID
Scan a QR code to pay,pay via QR code
Can you transfer 750 to 5566778899?,bank transfer
Can you process a QR code payment?,pay via QR code
Deposit 2000 into 9876543210,bank transfer
Make a UPI payment of 2000 to john@sbi,pay via UPI ID
Open the QR code scanner,open QR code
Deposit 1000 into 1122334455,bank transfer
I need my QR code for transactions,show my QR code
Wire 750 to 1234567890,bank transfer
Add ₹100 to my digital wallet,pay to self
Pay 250 via alice@upi,pay via UPI ID
Send 750 to Alice,pay via contacts
I need to scan a QR code,open QR code
Make a payment using QR,pay via QR code
Can you activate the QR scanner?,open QR code
Bank transfer 2000 to 1122334455,bank transfer
Show my transaction history,transaction history
Show my QR code for payment,show my QR code
Transfer 250 using alice@upi,pay via UPI ID
Transfer 1000 using john@sbi,pay via UPI ID
Transfer 500 to Emma,pay via contacts
Deposit ₹900 into my account from UPI,pay to self
Bank transfer 250 to 9876543210,bank transfer
Send ₹500 to my savings account,pay to self
Launch the QR code scanner,open QR code
Pay 1000 via alice@upi,pay via UPI ID
Bank transfer 500 to 1122334455,bank transfer
Can you fetch my payment QR code?,show my QR code
Show my transaction history,transaction history
Can you pay 750 to Bob?,pay via contacts
Make a payment of 1000 to Alice,pay via contacts
Open the QR code scanner,open QR code
Send 1000 to bob@ybl,pay via UPI ID
Make a payment using QR,pay via QR code
Send 1000 to alice@upi,pay via UPI ID
Can you fetch my payment QR code?,show my QR code
Can you fetch my last payments?,transaction history
Make a payment using QR,pay via QR code
Can you activate the QR scanner?,open QR code
Display my recent transactions,transaction history
Make a payment using QR,pay via QR code
Launch the QR code scanner,open QR code
Deposit 500 into 1122334455,bank transfer
Transfer 750 using alice@upi,pay via UPI ID
Make a payment of 2000 to Emma,pay via contacts
Can you pay 500 to Bob?,pay via contacts
Display my QR code,show my QR code
I need to see my past transactions,transaction history
Launch the QR code scanner,open QR code
Bank transfer 500 to 1234567890,bank transfer
I need to scan a QR code,open QR code
Add ₹10000 to my secondary account,pay to self
Shift ₹4500 from wallet to bank,pay to self
Deposit 500 into 1234567890,bank transfer
Open the QR code scanner,open QR code
Show my transaction history,transaction history
Transfer 1000 to Bob,pay via contacts
Can you transfer 750 to 1122334455?,bank transfer
Make a payment of 750 to John,pay via contacts
Bank transfer 750 to 9876543210,bank transfer
Can you fetch my last payments?,transaction history
Show my QR code for payment,show my QR code
Make a payment using QR,pay via QR code
Display my QR code,show my QR code
Pay using the scanned QR code,pay via QR code
Show my transaction history,transaction history
Add ₹100 to my digital wallet,pay to self
Send 250 to Bob,pay via contacts
Deposit ₹900 into my account from UPI,pay to self
Show my QR code for payment,show my QR code
Bank transfer 750 to 9876543210,bank transfer
Can I send ₹2500 to my own account?,pay to self
Can you process a QR code payment?,pay via QR code
Send 1000 to bob@ybl,pay via UPI ID
Pay using the scanned QR code,pay via QR code
Wire 750 to 5566778899,bank transfer
Can you process a QR code payment?,pay via QR code
Make a UPI payment of 500 to bob@ybl,pay via UPI ID
Open the QR code scanner,open QR code
Send 250 to Alice,pay via contacts
Can you process a QR code payment?,pay via QR code
Can you fetch my last payments?,transaction history
Display my recent transactions,transaction history
Add ₹10000 to my secondary account,pay to self
I need to scan a QR code,open QR code
Can you process a QR code payment?,pay via QR code
Show my QR code for payment,show my QR code
Bank transfer 1000 to 5566778899,bank transfer
Pay ₹8000 into my own bank,pay to self
Transfer 250 to John,pay via contacts
Can you fetch my last payments?,transaction history
Can you process a QR code payment?,pay via QR code
Send 250 to Bob,pay via contacts
Can you process a QR code payment?,pay via QR code
Can you fetch my last payments?,transaction history
Open the QR code scanner,open QR code
Send ₹3500 from my UPI to my own bank,pay to self
Can you activate the QR scanner?,open QR code
I need my QR code for transactions,show my QR code
Transfer 2000 using alice@upi,pay via UPI ID
Transfer 1000 using bob@ybl,pay via UPI ID
Make a payment of 1000 to Bob,pay via contacts
Show my transaction history,transaction history
I need my QR code for transactions,show my QR code
I need my QR code for transactions,show my QR code
Display my QR code,show my QR code
Can you process a QR code payment?,pay via QR code
Make a payment of 2000 to John,pay via contacts
Wire 500 to 5566778899,bank transfer
I need to scan a QR code,open QR code
I want to pay myself ₹3000,pay to self
Make a payment of 250 to Bob,pay via contacts
Can you process a QR code payment?,pay via QR code
Pay 1000 via emma@paytm,pay via UPI ID
Make a payment of 1000 to Emma,pay via contacts
I need to scan a QR code,open QR code
Fund transfer to self ₹200,pay to self
Display my QR code,show my QR code
Can you pay 750 to Bob?,pay via contacts
Make a payment of 250 to Emma,pay via contacts
Can you activate the QR scanner?,open QR code
Wire 500 to 5566778899,bank transfer
Can you activate the QR scanner?,open QR code
Deposit 1000 into 1234567890,bank transfer
Wire 750 to 1234567890,bank transfer
Scan a QR code to pay,pay via QR code
Show my transaction history,transaction history
Pay ₹8000 into my own bank,pay to self
Show my transaction history,transaction history
Can you pay 250 to John?,pay via contacts
Transfer 250 to John,pay via contacts
Display my recent transactions,transaction history
Move ₹5500 within my accounts,pay to self
Open the QR code scanner,open QR code
I need my QR code for transactions,show my QR code
Can you fetch my payment QR code?,show my QR code
Show my transaction history,transaction history
Launch the QR code scanner,open QR code
Bank transfer 500 to 1234567890,bank transfer
I need my QR code for transactions,show my QR code
Transfer 250 using john@sbi,pay via UPI ID
Wire 2000 to 5566778899,bank transfer
Self-payment of ₹6000,pay to self
Move ₹5500 within my accounts,pay to self
I need to move ₹700 to another account of mine,pay to self
Self-transfer ₹1500,pay to self
I need my QR code for transactions,show my QR code
Bank transfer 1000 to 9876543210,bank transfer
Can you process a QR code payment?,pay via QR code
Pay using the scanned QR code,pay via QR code
I need to scan a QR code,open QR code
Scan a QR code to pay,pay via QR code
Pay using the scanned QR code,pay via QR code
Can you pay 2000 to Bob?,pay via contacts
Send 2000 to alice@upi,pay via UPI ID
Can you fetch my last payments?,transaction history
Self-transfer ₹1500,pay to self
Show my QR code for payment,show my QR code
Self-transfer ₹1500,pay to self
Transfer 2000 to Bob,pay via contacts
Launch the QR code scanner,open QR code
Launch the QR code scanner,open QR code
Display my QR code,show my QR code
Bank transfer 250 to 5566778899,bank transfer
Move ₹1000 from checking to savings,pay to self
Scan a QR code to pay,pay via QR code
Show my QR code for payment,show my QR code
Make a UPI payment of 1000 to alice@upi,pay via UPI ID
Show my transaction history,transaction history
Can you pay 750 to Bob?,pay via contacts
Make a UPI payment of 750 to john@sbi,pay via UPI ID
I need my QR code for transactions,show my QR code
Fund transfer to self ₹200,pay to self
Make a payment of 1000 to Alice,pay via contacts
Transfer 2000 using emma@paytm,pay via UPI ID
Bank transfer 2000 to 5566778899,bank transfer
Display my QR code,show my QR code
Can you process a QR code payment?,pay via QR code
Can I transfer ₹5000 to myself?,pay to self
Transfer 250 using emma@paytm,pay via UPI ID
Deposit 500 into 9876543210,bank transfer
Can you activate the QR scanner?,open QR code
Send 1000 to Alice,pay via contacts
Wire 2000 to 1122334455,bank transfer
Can you transfer 1000 to 5566778899?,bank transfer
Display my recent transactions,transaction history
Scan a QR code to pay,pay via QR code
Can I transfer ₹5000 to myself?,pay to self
Pay using the scanned QR code,pay via QR code
Make a payment of 1000 to Bob,pay via contacts
Self-transfer ₹1500,pay to self
Display my QR code,show my QR code
Transfer money to my own account,pay to self
Wire 2000 to 9876543210,bank transfer
I need to see my past transactions,transaction history
Make a payment using QR,pay via QR code
Move some funds to my personal account,pay to self
Display my QR code,show my QR code
I need to move ₹700 to another account of mine,pay to self
Open the QR code scanner,open QR code
Scan a QR code to pay,pay via QR code
I need my QR code for transactions,show my QR code
Make a payment of 500 to Bob,pay via contacts
Deposit 2000 into 5566778899,bank transfer
Send 2000 to emma@paytm,pay via UPI ID
Pay using the scanned QR code,pay via QR code
Add ₹100 to my digital wallet,pay to self
Make a UPI payment of 250 to bob@ybl,pay via UPI ID
Transfer 500 to John,pay via contacts
I want to pay myself ₹3000,pay to self
Pay using the scanned QR code,pay via QR code
Can you process a QR code payment?,pay via QR code
Send 500 to alice@upi,pay via UPI ID
Can you pay 2000 to Emma?,pay via contacts
Can you fetch my last payments?,transaction history
I need to scan a QR code,open QR code
I need my QR code for transactions,show my QR code
Move some funds to my personal account,pay to self
Open the QR code scanner,open QR code
Send 250 to bob@ybl,pay via UPI ID
Transfer 750 to Bob,pay via contacts
Can you fetch my payment QR code?,show my QR code
Display my recent transactions,transaction history
Can you fetch my payment QR code?,show my QR code
Can you fetch my last payments?,transaction history
Show my QR code for payment,show my QR code
Pay 2000 via bob@ybl,pay via UPI ID
Launch the QR code scanner,open QR code
Self-transfer ₹1500,pay to self
Deposit 1000 into 5566778899,bank transfer
Send 1000 to bob@ybl,pay via UPI ID
Transfer 1000 to Emma,pay via contacts
Display my recent transactions,transaction history
Transfer 2000 to John,pay via contacts
Show my transaction history,transaction history
Bank transfer 2000 to 1234567890,bank transfer
Make a UPI payment of 1000 to bob@ybl,pay via UPI ID
Deposit 1000 into 9876543210,bank transfer
Can you process a QR code payment?,pay via QR code
Display my QR code,show my QR code
Make a payment of 750 to Bob,pay via contacts
Deposit ₹2000 into my bank account,pay to self
Make a UPI payment of 500 to emma@paytm,pay via UPI ID
Pay 1000 via bob@ybl,pay via UPI ID
Can you activate the QR scanner?,open QR code
Show my transaction history,transaction history
Make a UPI payment of 1000 to bob@ybl,pay via UPI ID
Move ₹5500 within my accounts,pay to self
I need to see my past transactions,transaction history
Can you activate the QR scanner?,open QR code
Deposit 500 into 1234567890,bank transfer
Display my recent transactions,transaction history
Self-payment of ₹6000,pay to self
Can you transfer 500 to 9876543210?,bank transfer
Can you pay 1000 to Bob?,pay via contacts
Make a payment of 2000 to John,pay via contacts
Can you transfer 2000 to 1122334455?,bank transfer
Make a UPI payment of 750 to emma@paytm,pay via UPI ID
Move some funds to my personal account,pay to self
I want to pay myself ₹3000,pay to self
Can I transfer ₹5000 to myself?,pay to self
Pay using the scanned QR code,pay via QR code
Make a payment of 2000 to Emma,pay via contacts
I need to scan a QR code,open QR code
Can you activate the QR scanner?,open QR code
Add ₹10000 to my secondary account,pay to self
Can you fetch my last payments?,transaction history
Transfer 1000 to John,pay via contacts
Transfer 250 to Bob,pay via contacts
Scan a QR code to pay,pay via QR code
Shift ₹4000 to my savings,pay to self
Send 500 to emma@paytm,pay via UPI ID
Pay using the scanned QR code,pay via QR code
Can you process a QR code payment?,pay via QR code
Transfer 500 to Emma,pay via contacts
Wire 1000 to 5566778899,bank transfer
Show my transaction history,transaction history
Make a payment using QR,pay via QR code
Bank transfer 500 to 5566778899,bank transfer
Send ₹500 to my savings account,pay to self
Pay using the scanned QR code,pay via QR code
Send ₹500 to my savings account,pay to self
Open the QR code scanner,open QR code
Can you transfer 500 to 1122334455?,bank transfer
Send 1000 to Alice,pay via contacts
Can you transfer 750 to 1234567890?,bank transfer
Pay using the scanned QR code,pay via QR code
Pay using the scanned QR code,pay via QR code
Make a payment of 750 to John,pay via contacts
Show my transaction history,transaction history
Pay 500 via bob@ybl,pay via UPI ID
Show my transaction history,transaction history
Can you process a QR code payment?,pay via QR code
Show my QR code for payment,show my QR code
Deposit 500 into 5566778899,bank transfer
Display my recent transactions,transaction history
Pay using the scanned QR code,pay via QR code
Make a payment using QR,pay via QR code
Scan a QR code to pay,pay via QR code
I need to scan a QR code,open QR code
Bank transfer 250 to 1234567890,bank transfer
Open the QR code scanner,open QR code
Can you activate the QR scanner?,open QR code
Can you pay 500 to Alice?,pay via contacts
Display my recent transactions,transaction history
Pay using the scanned QR code,pay via QR code
Display my QR code,show my QR code
I need my QR code for transactions,show my QR code
Send ₹3500 from my UPI to my own bank,pay to self
Add ₹100 to my digital wallet,pay to self
Make a payment of 2000 to Emma,pay via contacts
Launch the QR code scanner,open QR code
Can you transfer 1000 to 1234567890?,bank transfer
Scan a QR code to pay,pay via QR code
Launch the QR code scanner,open QR code
I need to see my past transactions,transaction history
Show my transaction history,transaction history
Show my QR code for payment,show my QR code
Pay using the scanned QR code,pay via QR code
Wire 1000 to 5566778899,bank transfer
Make a UPI payment of 1000 to alice@upi,pay via UPI ID
Display my QR code,show my QR code
Deposit 250 into 5566778899,bank transfer
Show my QR code for payment,show my QR code
Display my QR code,show my QR code
Transfer 750 to Bob,pay via contacts
Transfer 2000 using john@sbi,pay via UPI ID
Send 250 to Emma,pay via contacts
Open the QR code scanner,open QR code
Can you fetch my payment QR code?,show my QR code
I need to see my past transactions,transaction history
Open the QR code scanner,open QR code
Can you pay 500 to Bob?,pay via contacts
Bank transfer 250 to 1122334455,bank transfer
Wire 500 to 5566778899,bank transfer
Make a payment of 750 to Emma,pay via contacts
Make a payment of 1000 to Alice,pay via contacts
I need to scan a QR code,open QR code
Display my QR code,show my QR code
Launch the QR code scanner,open QR code
Make a payment using QR,pay via QR code
Make a payment of 500 to John,pay via contacts
Can you fetch my last payments?,transaction history
Transfer 250 using john@sbi,pay via UPI ID
Can you pay 500 to Emma?,pay via contacts
Can you pay 250 to Alice?,pay via contacts
I need to see my past transactions,transaction history
Pay using the scanned QR code,pay via QR code
Send 250 to Alice,pay via contacts
Send ₹500 to my savings account,pay to self
Can you transfer 500 to 9876543210?,bank transfer
Transfer 1000 using bob@ybl,pay via UPI ID
Can you transfer 750 to 9876543210?,bank transfer
Display my recent transactions,transaction history
Scan a QR code to pay,pay via QR code
Pay 250 via alice@upi,pay via UPI ID
Self-transfer ₹1500,pay to self
I need to scan a QR code,open QR code
Can I transfer ₹5000 to myself?,pay to self
I need my QR code for transactions,show my QR code
Open the QR code scanner,open QR code
Send 1000 to Alice,pay via contacts
Deposit 500 into 1234567890,bank transfer
Self-payment of ₹6000,pay to self
Make a payment of 750 to Alice,pay via contacts
Send 250 to bob@ybl,pay via UPI ID
Make a payment using QR,pay via QR code
I need my QR code for transactions,show my QR code
Can you process a QR code payment?,pay via QR code
Transfer 500 using john@sbi,pay via UPI ID
Can you transfer 750 to 1234567890?,bank transfer
Pay 1000 via alice@upi,pay via UPI ID
Can I transfer ₹5000 to myself?,pay to self
Make a UPI payment of 2000 to bob@ybl,pay via UPI ID
Send 750 to john@sbi,pay via UPI ID
Wire 250 to 5566778899,bank transfer
Open the QR code scanner,open QR code
Make a payment using QR,pay via QR code
Can you fetch my last payments?,transaction history
Can I send ₹2500 to my own account?,pay to self
Show my QR code for payment,show my QR code
Show my QR code for payment,show my QR code
Can you activate the QR scanner?,open QR code
Bank transfer 1000 to 5566778899,bank transfer
Launch the QR code scanner,open QR code
Show my QR code for payment,show my QR code
Pay 1000 via bob@ybl,pay via UPI ID
Make a payment of 2000 to Bob,pay via contacts
Make a payment using QR,pay via QR code
Open the QR code scanner,open QR code
Can you process a QR code payment?,pay via QR code
Fund transfer to self ₹200,pay to self
Show my QR code for payment,show my QR code
Can you transfer 750 to 9876543210?,bank transfer
I need my QR code for transactions,show my QR code
Display my QR code,show my QR code
Can you fetch my payment QR code?,show my QR code
Can you pay 250 to Alice?,pay via contacts
Display my recent transactions,transaction history
Bank transfer 500 to 1234567890,bank transfer
I need my QR code for transactions,show my QR code
Bank transfer 250 to 1122334455,bank transfer
Transfer 1000 using alice@upi,pay via UPI ID
Scan a QR code to pay,pay via QR code
Pay ₹8000 into my own bank,pay to self
Open the QR code scanner,open QR code
Scan a QR code to pay,pay via QR code
I need to move ₹700 to another account of mine,pay to self
Make a UPI payment of 1000 to bob@ybl,pay via UPI ID
Send ₹3500 from my UPI to my own bank,pay to self
Show my QR code for payment,show my QR code
Send 750 to Emma,pay via contacts
Can you pay 1000 to John?,pay via contacts
Can I send ₹2500 to my own account?,pay to self
Make a payment of 750 to Emma,pay via contacts
Show my transaction history,transaction history
Display my recent transactions,transaction history
Display my QR code,show my QR code
Make a UPI payment of 250 to emma@paytm,pay via UPI ID
Can you activate the QR scanner?,open QR code
Deposit ₹2000 into my bank account,pay to self
Scan a QR code to pay,pay via QR code
I need my QR code for transactions,show my QR code
Can you activate the QR scanner?,open QR code
Pay 250 via john@sbi,pay via UPI ID
Open the QR code scanner,open QR code
I need to scan a QR code,open QR code
I need my QR code for transactions,show my QR code
Can you activate the QR scanner?,open QR code
Bank transfer 750 to 1234567890,bank transfer
Scan a QR code to pay,pay via QR code
Can you activate the QR scanner?,open QR code
Can you fetch my payment QR code?,show my QR code
Can you activate the QR scanner?,open QR code
Make a payment using QR,pay via QR code
Wire 500 to 5566778899,bank transfer
Can you pay 500 to Emma?,pay via contacts
Transfer 500 to Alice,pay via contacts
Launch the QR code scanner,open QR code
I need my QR code for transactions,show my QR code
Show my QR code for payment,show my QR code
Send 500 to Emma,pay via contacts
Make a payment of 750 to Alice,pay via contacts
Display my QR code,show my QR code
Make a payment using QR,pay via QR code
Transfer 2000 using bob@ybl,pay via UPI ID
Can you activate the QR scanner?,open QR code
Send ₹3500 from my UPI to my own bank,pay to self
I need to scan a QR code,open QR code
Send 750 to Emma,pay via contacts
Make a payment of 2000 to John,pay via contacts
Send ₹500 to my savings account,pay to self
Deposit 250 into 1122334455,bank transfer
Deposit ₹900 into my account from UPI,pay to self
Transfer money to my own account,pay to self
Make a payment using QR,pay via QR code
Can you process a QR code payment?,pay via QR code
I need to see my past transactions,transaction history
I need to see my past transactions,transaction history
Transfer 750 to John,pay via contacts
I need my QR code for transactions,show my QR code
Make a UPI payment of 750 to emma@paytm,pay via UPI ID
I need to scan a QR code,open QR code
Can you transfer 500 to 1122334455?,bank transfer
Make a payment of 250 to John,pay via contacts
Send 500 to john@sbi,pay via UPI ID
Can you transfer 1000 to 5566778899?,bank transfer
Launch the QR code scanner,open QR code
Make a UPI payment of 250 to emma@paytm,pay via UPI ID
Show my transaction history,transaction history
Deposit ₹2000 into my bank account,pay to self
I need to scan a QR code,open QR code
Make a payment of 750 to Emma,pay via contacts
Transfer 1000 using bob@ybl,pay via UPI ID
Launch the QR code scanner,open QR code
Can you transfer 500 to 9876543210?,bank transfer
Send 750 to Alice,pay via contacts
I need my QR code for transactions,show my QR code
Pay using the scanned QR code,pay via QR code
Pay using the scanned QR code,pay via QR code
Can you pay 500 to Bob?,pay via contacts
Can I transfer ₹5000 to myself?,pay to self
Make a UPI payment of 1000 to alice@upi,pay via UPI ID
Can you fetch my last payments?,transaction history
Move ₹5500 within my accounts,pay to self
Can you activate the QR scanner?,open QR code
Pay 500 via bob@ybl,pay via UPI ID
Bank transfer 750 to 9876543210,bank transfer
Can you fetch my payment QR code?,show my QR code
Bank transfer 750 to 1234567890,bank transfer
Make a payment using QR,pay via QR code
I need my QR code for transactions,show my QR code
Can you fetch my last payments?,transaction history
Can you pay 1000 to Alice?,pay via contacts
Can you process a QR code payment?,pay via QR code
Show my QR code for payment,show my QR code
Deposit ₹2000 into my bank account,pay to self
Launch the QR code scanner,open QR code
Can you process a QR code payment?,pay via QR code
Move ₹1000 from checking to savings,pay to self
Send 250 to emma@paytm,pay via UPI ID
Make a payment using QR,pay via QR code
Can you transfer 250 to 9876543210?,bank transfer
Can you fetch my payment QR code?,show my QR code
Send ₹500 to my savings account,pay to self
Send 750 to bob@ybl,pay via UPI ID
Show my QR code for payment,show my QR code
Make a payment of 500 to Emma,pay via contacts
Add ₹10000 to my secondary account,pay to self
Display my recent transactions,transaction history
Wire 1000 to 1234567890,bank transfer
Deposit ₹2000 into my bank account,pay to self
Can you fetch my payment QR code?,show my QR code
Shift ₹4500 from wallet to bank,pay to self
I need to scan a QR code,open QR code
Launch the QR code scanner,open QR code
I need to scan a QR code,open QR code
Deposit ₹900 into my account from UPI,pay to self
Display my QR code,show my QR code
Can you fetch my last payments?,transaction history
Transfer 250 using emma@paytm,pay via UPI ID
Show my transaction history,transaction history
Bank transfer 1000 to 9876543210,bank transfer
Display my recent transactions,transaction history
Show my transaction history,transaction history
I need to see my past transactions,transaction history
Send 2000 to bob@ybl,pay via UPI ID
Send 250 to alice@upi,pay via UPI ID
I need my QR code for transactions,show my QR code
I need to see my past transactions,transaction history
Pay 750 via alice@upi,pay via UPI ID
Can you fetch my last payments?,transaction history
Can I send ₹2500 to my own account?,pay to self
Bank transfer 500 to 1234567890,bank transfer
Show my QR code for payment,show my QR code
Can you pay 1000 to John?,pay via contacts
Bank transfer 250 to 1234567890,bank transfer
Fund transfer to self ₹200,pay to self
Can you activate the QR scanner?,open QR code
Deposit ₹2000 into my bank account,pay to self
Pay 2000 via bob@ybl,pay via UPI ID
Scan a QR code to pay,pay via QR code
Pay using the scanned QR code,pay via QR code
Send 250 to alice@upi,pay via UPI ID
Make a payment of 500 to Alice,pay via contacts
Make a UPI payment of 2000 to alice@upi,pay via UPI ID
Bank transfer 250 to 1234567890,bank transfer
Send 500 to Alice,pay via contacts
Can you activate the QR scanner?,open QR code
Make a payment using QR,pay via QR code
I want to pay myself ₹3000,pay to self
Can you activate the QR scanner?,open QR code
Can you fetch my last payments?,transaction history
Transfer 2000 using emma@paytm,pay via UPI ID
Send 2000 to john@sbi,pay via UPI ID
Can I send ₹2500 to my own account?,pay to self
I need my QR code for transactions,show my QR code
Display my QR code,show my QR code
Display my QR code,show my QR code
Show my transaction history,transaction history
Bank transfer 2000 to 1234567890,bank transfer
Show my QR code for payment,show my QR code
Make a payment of 2000 to Bob,pay via contacts
Display my QR code,show my QR code
Can you process a QR code payment?,pay via QR code
Wire 500 to 1234567890,bank transfer
Transfer 500 to John,pay via contacts
Pay 250 via emma@paytm,pay via UPI ID
Launch the QR code scanner,open QR code
Can you transfer 500 to 9876543210?,bank transfer
Make a payment using QR,pay via QR code
Can you fetch my payment QR code?,show my QR code
Launch the QR code scanner,open QR code
Launch the QR code scanner,open QR code
Can you fetch my payment QR code?,show my QR code
Can you fetch my payment QR code?,show my QR code
Can you activate the QR scanner?,open QR code
Bank transfer 1000 to 9876543210,bank transfer
I need my QR code for transactions,show my QR code
I need to see my past transactions,transaction history
Make a payment using QR,pay via QR code
I need my QR code for transactions,show my QR code
I need to see my past transactions,transaction history
Send 250 to bob@ybl,pay via UPI ID
I need to see my past transactions,transaction history
Send ₹500 to my savings account,pay to self
Transfer 500 using bob@ybl,pay via UPI ID
Can you fetch my last payments?,transaction history
I need to scan a QR code,open QR code
Can you fetch my payment QR code?,show my QR code
I need to scan a QR code,open QR code
Deposit 1000 into 1234567890,bank transfer
Self-transfer ₹1500,pay to self
I need my QR code for transactions,show my QR code
Can you pay 1000 to Bob?,pay via contacts
Can you activate the QR scanner?,open QR code
Transfer 2000 to Emma,pay via contacts
Transfer 500 to Emma,pay via contacts
I need my QR code for transactions,show my QR code
Deposit 250 into 1234567890,bank transfer
Add ₹10000 to my secondary account,pay to self
Display my recent transactions,transaction history
Make a payment using QR,pay via QR code
Can you fetch my last payments?,transaction history
Send 1000 to emma@paytm,pay via UPI ID
Can you pay 2000 to Alice?,pay via contacts
Can you pay 1000 to Alice?,pay via contacts
Can you fetch my payment QR code?,show my QR code
Can you activate the QR scanner?,open QR code
Launch the QR code scanner,open QR code
Can you process a QR code payment?,pay via QR code
Launch the QR code scanner,open QR code
Can you transfer 1000 to 1122334455?,bank transfer
Open the QR code scanner,open QR code
Display my recent transactions,transaction history
Pay 750 via john@sbi,pay via UPI ID
Can I transfer ₹5000 to myself?,pay to self
Can you activate the QR scanner?,open QR code
Show my QR code for payment,show my QR code
Add ₹10000 to my secondary account,pay to self
Make a payment using QR,pay via QR code
Transfer 500 using bob@ybl,pay via UPI ID
I need to scan a QR code,open QR code
Pay 1000 via emma@paytm,pay via UPI ID
Can you transfer 750 to 5566778899?,bank transfer
Bank transfer 250 to 1122334455,bank transfer
Launch the QR code scanner,open QR code
Make a payment of 500 to John,pay via contacts
Can you fetch my payment QR code?,show my QR code
Wire 750 to 5566778899,bank transfer
Can you pay 500 to Emma?,pay via contacts
Make a payment using QR,pay via QR code
Pay 250 via emma@paytm,pay via UPI ID
Deposit 1000 into 1122334455,bank transfer
Can you transfer 1000 to 1122334455?,bank transfer
Self-transfer ₹1500,pay to self
Send 750 to Emma,pay via contacts
Can you activate the QR scanner?,open QR code
Display my QR code,show my QR code
Send ₹500 to my savings account,pay to self
Can I transfer ₹5000 to myself?,pay to self
Scan a QR code to pay,pay via QR code
Launch the QR code scanner,open QR code
Send 500 to john@sbi,pay via UPI ID
I need my QR code for transactions,show my QR code
Make a payment of 250 to Bob,pay via contacts
Pay 500 via bob@ybl,pay via UPI ID
Transfer 500 to John,pay via contacts
I need to scan a QR code,open QR code
Can I transfer ₹5000 to myself?,pay to self
Pay using the scanned QR code,pay via QR code
Pay ₹8000 into my own bank,pay to self
Open the QR code scanner,open QR code
Wire 250 to 9876543210,bank transfer
Make a UPI payment of 500 to john@sbi,pay via UPI ID
Make a payment using QR,pay via QR code
Pay 1000 via john@sbi,pay via UPI ID
I need to scan a QR code,open QR code
Deposit 2000 into 5566778899,bank transfer
Can you fetch my payment QR code?,show my QR code
Open the QR code scanner,open QR code
Can you fetch my payment QR code?,show my QR code
I need my QR code for transactions,show my QR code
Make a payment of 250 to Bob,pay via contacts
Deposit ₹2000 into my bank account,pay to self
Can you pay 750 to Emma?,pay via contacts
I need to see my past transactions,transaction history
Pay using the scanned QR code,pay via QR code
Display my QR code,show my QR code
Can I send ₹2500 to my own account?,pay to self
Can you pay 750 to John?,pay via contacts
Deposit 500 into 5566778899,bank transfer
Make a UPI payment of 2000 to john@sbi,pay via UPI ID
Make a payment using QR,pay via QR code
Can you transfer 1000 to 9876543210?,bank transfer
Can you fetch my last payments?,transaction history
Bank transfer 2000 to 5566778899,bank transfer
Can you fetch my last payments?,transaction history
Can you transfer 2000 to 1234567890?,bank transfer
I need to scan a QR code,open QR code
Can you pay 1000 to Bob?,pay via contacts
Transfer 250 using emma@paytm,pay via UPI ID
Pay using the scanned QR code,pay via QR code
I need my QR code for transactions,show my QR code
Move ₹1000 from checking to savings,pay to self
Bank transfer 750 to 9876543210,bank transfer
Wire 2000 to 1234567890,bank transfer
Make a payment using QR,pay via QR code
Pay using the scanned QR code,pay via QR code
Display my recent transactions,transaction history
I need to see my past transactions,transaction history
Bank transfer 2000 to 1234567890,bank transfer
Can you fetch my last payments?,transaction history
Open the QR code scanner,open QR code
Can you transfer 250 to 5566778899?,bank transfer
Open the QR code scanner,open QR code
I need to see my past transactions,transaction history
Make a payment using QR,pay via QR code
Self-payment of ₹6000,pay to self
Send 500 to alice@upi,pay via UPI ID
Can you activate the QR scanner?,open QR code
Can you activate the QR scanner?,open QR code
Open the QR code scanner,open QR code
Make a payment using QR,pay via QR code
Deposit ₹900 into my account from UPI,pay to self
Make a payment using QR,pay via QR code
Can you pay 750 to Emma?,pay via contacts
Can I transfer ₹5000 to myself?,pay to self
Transfer 500 to Bob,pay via contacts
Launch the QR code scanner,open QR code
Bank transfer 250 to 1122334455,bank transfer
I need to see my past transactions,transaction history
Can you fetch my payment QR code?,show my QR code
Can you process a QR code payment?,pay via QR code
Send 500 to Emma,pay via contacts
Wire 500 to 5566778899,bank transfer
I need to scan a QR code,open QR code
Shift ₹4000 to my savings,pay to self
Pay 1000 via john@sbi,pay via UPI ID
Can you fetch my last payments?,transaction history
Launch the QR code scanner,open QR code
Make a payment using QR,pay via QR code
I need my QR code for transactions,show my QR code
Send 2000 to alice@upi,pay via UPI ID
Deposit 500 into 9876543210,bank transfer
Wire 1000 to 1122334455,bank transfer
Deposit 2000 into 5566778899,bank transfer
Deposit ₹900 into my account from UPI,pay to self
Pay 1000 via john@sbi,pay via UPI ID
Open the QR code scanner,open QR code
Wire 500 to 1122334455,bank transfer
Can you pay 1000 to Bob?,pay via contacts
Can you process a QR code payment?,pay via QR code
Deposit ₹900 into my account from UPI,pay to self
Show my transaction history,transaction history
Pay using the scanned QR code,pay via QR code
Can you fetch my payment QR code?,show my QR code
Can you process a QR code payment?,pay via QR code
Can you fetch my last payments?,transaction history
Display my QR code,show my QR code
I need my QR code for transactions,show my QR code
Show my transaction history,transaction history
Shift ₹4000 to my savings,pay to self
Send 500 to john@sbi,pay via UPI ID
Show my QR code for payment,show my QR code
Show my QR code for payment,show my QR code
Pay 500 via alice@upi,pay via UPI ID
Can you process a QR code payment?,pay via QR code
I need to see my past transactions,transaction history
Wire 2000 to 1234567890,bank transfer
Transfer 2000 to Alice,pay via contacts
Send 250 to bob@ybl,pay via UPI ID
Transfer 500 using alice@upi,pay via UPI ID
Make a payment of 1000 to Bob,pay via contacts
Display my recent transactions,transaction history
Scan a QR code to pay,pay via QR code
Make a payment of 1000 to Bob,pay via contacts
Bank transfer 1000 to 1234567890,bank transfer
Launch the QR code scanner,open QR code
Pay 2000 via emma@paytm,pay via UPI ID
Launch the QR code scanner,open QR code
Send 250 to Emma,pay via contacts
Show my transaction history,transaction history
I need to see my past transactions,transaction history
Deposit 1000 into 1122334455,bank transfer
Pay using the scanned QR code,pay via QR code
Deposit 2000 into 1122334455,bank transfer
Fund transfer to self ₹200,pay to self
Show my transaction history,transaction history
Pay 750 via bob@ybl,pay via UPI ID
Scan a QR code to pay,pay via QR code
Move ₹1000 from checking to savings,pay to self
Make a UPI payment of 750 to emma@paytm,pay via UPI ID
I need to scan a QR code,open QR code
Send 750 to john@sbi,pay via UPI ID
Can you fetch my last payments?,transaction history
Pay using the scanned QR code,pay via QR code
Pay 750 via john@sbi,pay via UPI ID
Self-transfer ₹1500,pay to self
Move ₹1000 from checking to savings,pay to self
Make a payment of 500 to Emma,pay via contacts
Show my QR code for payment,show my QR code
Display my recent transactions,transaction history
Deposit ₹2000 into my bank account,pay to self
Can you fetch my last payments?,transaction history
Can you fetch my payment QR code?,show my QR code
Transfer money to my own account,pay to self
Shift ₹4500 from wallet to bank,pay to self
Pay ₹8000 into my own bank,pay to self
Send 2000 to Alice,pay via contacts
I need to see my past transactions,transaction history
Send 500 to John,pay via contacts
I need to scan a QR code,open QR code
Can you pay 2000 to John?,pay via contacts
Add ₹100 to my digital wallet,pay to self
Pay using the scanned QR code,pay via QR code
Can you fetch my last payments?,transaction history
Transfer 2000 using bob@ybl,pay via UPI ID
Send 250 to emma@paytm,pay via UPI ID
Can you fetch my last payments?,transaction history
Show my transaction history,transaction history
Transfer 250 to Emma,pay via contacts
Transfer 250 to Bob,pay via contacts
I need to see my past transactions,transaction history
Shift ₹4000 to my savings,pay to self
Can you activate the QR scanner?,open QR code
Deposit 250 into 9876543210,bank transfer
Make a UPI payment of 500 to bob@ybl,pay via UPI ID
Make a UPI payment of 750 to bob@ybl,pay via UPI ID
Pay ₹8000 into my own bank,pay to self
Send 250 to alice@upi,pay via UPI ID
I need my QR code for transactions,show my QR code
Make a payment using QR,pay via QR code
Wire 1000 to 5566778899,bank transfer
Make a UPI payment of 750 to alice@upi,pay via UPI ID
Deposit 2000 into 5566778899,bank transfer
I need to scan a QR code,open QR code
Can you pay 500 to Bob?,pay via contacts
Deposit 250 into 1122334455,bank transfer
Can you pay 250 to Emma?,pay via contacts
Can you fetch my last payments?,transaction history
Show my transaction history,transaction history
Launch the QR code scanner,open QR code
Bank transfer 2000 to 5566778899,bank transfer
Can you transfer 2000 to 1234567890?,bank transfer
Can you activate the QR scanner?,open QR code
Display my QR code,show my QR code
Send 250 to bob@ybl,pay via UPI ID
Bank transfer 750 to 5566778899,bank transfer
Can you pay 1000 to Emma?,pay via contacts
Deposit ₹900 into my account from UPI,pay to self
Show my QR code for payment,show my QR code
I need to see my past transactions,transaction history
Transfer 500 to Bob,pay via contacts
Open the QR code scanner,open QR code
Can you process a QR code payment?,pay via QR code
Display my QR code,show my QR code
Open the QR code scanner,open QR code
Self-transfer ₹1500,pay to self
Pay ₹8000 into my own bank,pay to self
Can I send ₹2500 to my own account?,pay to self
Make a payment using QR,pay via QR code
I need to move ₹700 to another account of mine,pay to self
Send 500 to emma@paytm,pay via UPI ID
Bank transfer 2000 to 9876543210,bank transfer
Make a payment using QR,pay via QR code
Transfer 500 to Emma,pay via contacts
Transfer 2000 to Emma,pay via contacts
Scan a QR code to pay,pay via QR code
Make a payment using QR,pay via QR code
Show my QR code for payment,show my QR code
I need to see my past transactions,transaction history
Make a payment of 750 to John,pay via contacts
I need to see my past transactions,transaction history
Wire 500 to 5566778899,bank transfer
Bank transfer 750 to 1234567890,bank transfer
Can you transfer 1000 to 9876543210?,bank transfer
Make a UPI payment of 1000 to alice@upi,pay via UPI ID
Bank transfer 1000 to 1122334455,bank transfer
Send 250 to Bob,pay via contacts
Launch the QR code scanner,open QR code
Transfer 2000 to Emma,pay via contacts
Deposit 1000 into 9876543210,bank transfer
Can you fetch my last payments?,transaction history
Launch the QR code scanner,open QR code
Send ₹3500 from my UPI to my own bank,pay to self
Can you fetch my last payments?,transaction history
Transfer 500 to Alice,pay via contacts
Bank transfer 1000 to 9876543210,bank transfer
Open the QR code scanner,open QR code
Pay 2000 via alice@upi,pay via UPI ID
Can you activate the QR scanner?,open QR code
Display my recent transactions,transaction history
Display my recent transactions,transaction history
Can you process a QR code payment?,pay via QR code
Can you transfer 250 to 5566778899?,bank transfer
Transfer 750 using john@sbi,pay via UPI ID
Can you process a QR code payment?,pay via QR code
Can you pay 250 to Alice?,pay via contacts
Make a UPI payment of 1000 to bob@ybl,pay via UPI ID
Add ₹10000 to my secondary account,pay to self
Send 250 to John,pay via contacts
I need my QR code for transactions,show my QR code
Display my recent transactions,transaction history
Make a payment using QR,pay via QR code
Show my QR code for payment,show my QR code
Can you process a QR code payment?,pay via QR code
Add ₹10000 to my secondary account,pay to self
Deposit 250 into 1122334455,bank transfer
Make a payment using QR,pay via QR code
I need my QR code for transactions,show my QR code
I need to see my past transactions,transaction history
Scan a QR code to pay,pay via QR code
Show my QR code for payment,show my QR code
Fund transfer to self ₹200,pay to self
Show my transaction history,transaction history
Show my QR code for payment,show my QR code
Can I transfer ₹5000 to myself?,pay to self
Can you process a QR code payment?,pay via QR code
Deposit 750 into 9876543210,bank transfer
Bank transfer 250 to 1234567890,bank transfer
Send ₹3500 from my UPI to my own bank,pay to self
Display my QR code,show my QR code
Can you pay 2000 to John?,pay via contacts
Show my transaction history,transaction history
Pay using the scanned QR code,pay via QR code
Can you pay 1000 to Bob?,pay via contacts
Send ₹3500 from my UPI to my own bank,pay to self
Make a payment using QR,pay via QR code
Bank transfer 1000 to 1122334455,bank transfer
Can you transfer 750 to 5566778899?,bank transfer
Bank transfer 750 to 5566778899,bank transfer
Make a payment using QR,pay via QR code
Transfer 250 to Alice,pay via contacts
I need to scan a QR code,open QR code
Launch the QR code scanner,open QR code
Transfer 500 to Bob,pay via contacts
Transfer 500 to Emma,pay via contacts
Move ₹5500 within my accounts,pay to self
Scan a QR code to pay,pay via QR code
Make a payment of 250 to John,pay via contacts
I need to scan a QR code,open QR code
Display my recent transactions,transaction history
Send 2000 to Bob,pay via contacts
Launch the QR code scanner,open QR code
Send 750 to alice@upi,pay via UPI ID
Can you process a QR code payment?,pay via QR code
Transfer money to my own account,pay to self
Pay 500 via john@sbi,pay via UPI ID
Display my recent transactions,transaction history
Can you fetch my payment QR code?,show my QR code
Shift ₹4000 to my savings,pay to self
I need to scan a QR code,open QR code
Move ₹5500 within my accounts,pay to self
Can you process a QR code payment?,pay via QR code
Make a payment of 2000 to Bob,pay via contacts
Show my transaction history,transaction history
Send 750 to Alice,pay via contacts
I want to pay myself ₹3000,pay to self
Send 250 to emma@paytm,pay via UPI ID
Deposit 1000 into 5566778899,bank transfer
Wire 2000 to 5566778899,bank transfer
I need to scan a QR code,open QR code
Deposit 750 into 5566778899,bank transfer
Open the QR code scanner,open QR code
Show my QR code for payment,show my QR code
Transfer 500 to Alice,pay via contacts
Can you fetch my payment QR code?,show my QR code
Can you pay 750 to Alice?,pay via contacts
Make a payment of 750 to Bob,pay via contacts
Make a payment using QR,pay via QR code
Make a UPI payment of 500 to bob@ybl,pay via UPI ID
Launch the QR code scanner,open QR code
Open the QR code scanner,open QR code
Make a payment using QR,pay via QR code
Wire 500 to 1122334455,bank transfer
Show my transaction history,transaction history
Pay 1000 via bob@ybl,pay via UPI ID
Make a payment using QR,pay via QR code
Can you transfer 500 to 1234567890?,bank transfer
Deposit 250 into 9876543210,bank transfer
Bank transfer 750 to 5566778899,bank transfer
Display my QR code,show my QR code
Wire 1000 to 5566778899,bank transfer
Bank transfer 500 to 9876543210,bank transfer
Can you process a QR code payment?,pay via QR code
I need my QR code for transactions,show my QR code
Scan a QR code to pay,pay via QR code
Can you pay 250 to Bob?,pay via contacts
I need to see my past transactions,transaction history
Transfer 250 using bob@ybl,pay via UPI ID
Open the QR code scanner,open QR code
Make a UPI payment of 500 to emma@paytm,pay via UPI ID
Can you process a QR code payment?,pay via QR code
Bank transfer 2000 to 9876543210,bank transfer
Can you activate the QR scanner?,open QR code
Can you transfer 500 to 1234567890?,bank transfer
Make a payment of 250 to Alice,pay via contacts
Show my QR code for payment,show my QR code
Open the QR code scanner,open QR code
Pay 2000 via alice@upi,pay via UPI ID
Make a UPI payment of 2000 to alice@upi,pay via UPI ID
Show my QR code for payment,show my QR code
Wire 250 to 1122334455,bank transfer
Launch the QR code scanner,open QR code
Can you process a QR code payment?,pay via QR code
Fund transfer to self ₹200,pay to self
Open the QR code scanner,open QR code
Pay using the scanned QR code,pay via QR code
Bank transfer 750 to 5566778899,bank transfer
Bank transfer 1000 to 1234567890,bank transfer
Make a payment of 250 to Bob,pay via contacts
Can I send ₹2500 to my own account?,pay to self
I need my QR code for transactions,show my QR code
Deposit 1000 into 1122334455,bank transfer
Send 1000 to Alice,pay via contacts
Make a payment of 250 to Alice,pay via contacts
Display my QR code,show my QR code
Can you fetch my payment QR code?,show my QR code
Launch the QR code scanner,open QR code
I need to scan a QR code,open QR code
Bank transfer 2000 to 9876543210,bank transfer
Display my recent transactions,transaction history
Transfer 750 using emma@paytm,pay via UPI ID
Add ₹100 to my digital wallet,pay to self
Pay 250 via emma@paytm,pay via UPI ID
Make a payment using QR,pay via QR code
Launch the QR code scanner,open QR code
Can you process a QR code payment?,pay via QR code
Make a payment using QR,pay via QR code
Wire 2000 to 1122334455,bank transfer
Scan a QR code to pay,pay via QR code
Can you activate the QR scanner?,open QR code
Can you pay 250 to Bob?,pay via contacts
Can you fetch my payment QR code?,show my QR code
Deposit 750 into 1234567890,bank transfer
Bank transfer 500 to 5566778899,bank transfer
Fund transfer to self ₹200,pay to self
Deposit 250 into 1122334455,bank transfer
Bank transfer 2000 to 1122334455,bank transfer
I need my QR code for transactions,show my QR code
Can you fetch my last payments?,transaction history
Can you pay 2000 to Alice?,pay via contacts
Can you activate the QR scanner?,open QR code
Can you activate the QR scanner?,open QR code
Transfer 250 using alice@upi,pay via UPI ID
Send 500 to Emma,pay via contacts
Can you pay 500 to Bob?,pay via contacts
Can you transfer 2000 to 9876543210?,bank transfer
Show my transaction history,transaction history
Pay using the scanned QR code,pay via QR code
Add ₹10000 to my secondary account,pay to self
Make a UPI payment of 750 to bob@ybl,pay via UPI ID
Scan a QR code to pay,pay via QR code
Can you activate the QR scanner?,open QR code
Fund transfer to self ₹200,pay to self
Transfer 1000 using john@sbi,pay via UPI ID
Make a payment of 250 to Emma,pay via contacts
Transfer money to my own account,pay to self
Show my transaction history,transaction history
Can you process a QR code payment?,pay via QR code
I need to see my past transactions,transaction history
Make a payment using QR,pay via QR code
Make a payment using QR,pay via QR code
Move ₹5500 within my accounts,pay to self
Wire 2000 to 1234567890,bank transfer
I need my QR code for transactions,show my QR code
I need to scan a QR code,open QR code
Make a payment of 2000 to Emma,pay via contacts
Open the QR code scanner,open QR code
Bank transfer 750 to 9876543210,bank transfer
I need to scan a QR code,open QR code
I need to see my past transactions,transaction history
Can you pay 1000 to Alice?,pay via contacts
Transfer 750 using emma@paytm,pay via UPI ID
Show my QR code for payment,show my QR code
I want to pay myself ₹3000,pay to self
Transfer 250 to Bob,pay via contacts
Make a payment using QR,pay via QR code
Show my QR code for payment,show my QR code
Pay 750 via bob@ybl,pay via UPI ID
Can you activate the QR scanner?,open QR code
Send 750 to alice@upi,pay via UPI ID
Display my recent transactions,transaction history
Deposit ₹2000 into my bank account,pay to self
Send ₹3500 from my UPI to my own bank,pay to self
Wire 500 to 1122334455,bank transfer
Can you process a QR code payment?,pay via QR code
Make a UPI payment of 500 to john@sbi,pay via UPI ID
Pay 500 via bob@ybl,pay via UPI ID
Make a payment using QR,pay via QR code
Transfer 1000 using john@sbi,pay via UPI ID
Can you process a QR code payment?,pay via QR code
Make a UPI payment of 2000 to alice@upi,pay via UPI ID
Move ₹5500 within my accounts,pay to self
I need to see my past transactions,transaction history
Bank transfer 500 to 5566778899,bank transfer
Make a UPI payment of 750 to john@sbi,pay via UPI ID
Deposit ₹900 into my account from UPI,pay to self
Bank transfer 1000 to 1122334455,bank transfer
Make a payment of 250 to John,pay via contacts
Can you pay 2000 to John?,pay via contacts
Display my recent transactions,transaction history
Display my QR code,show my QR code
Show my transaction history,transaction history
Send 500 to bob@ybl,pay via UPI ID
I need my QR code for transactions,show my QR code
Can you fetch my payment QR code?,show my QR code
Make a payment using QR,pay via QR code
Can you activate the QR scanner?,open QR code
I need to see my past transactions,transaction history
Display my QR code,show my QR code
Scan a QR code to pay,pay via QR code
Show my transaction history,transaction history
Deposit 2000 into 1122334455,bank transfer
Deposit 500 into 1122334455,bank transfer
Can I transfer ₹5000 to myself?,pay to self
Make a payment using QR,pay via QR code
Display my recent transactions,transaction history
Can you transfer 750 to 5566778899?,bank transfer
Wire 2000 to 5566778899,bank transfer
Send 1000 to bob@ybl,pay via UPI ID
Can you fetch my last payments?,transaction history
Launch the QR code scanner,open QR code
Deposit 2000 into 5566778899,bank transfer
Add ₹100 to my digital wallet,pay to self
Pay using the scanned QR code,pay via QR code
Can you transfer 750 to 1234567890?,bank transfer
Send 1000 to alice@upi,pay via UPI ID
Send 750 to emma@paytm,pay via UPI ID
Deposit ₹2000 into my bank account,pay to self
Scan a QR code to pay,pay via QR code
Can you fetch my last payments?,transaction history
Send 1000 to john@sbi,pay via UPI ID
Display my QR code,show my QR code
Make a payment of 2000 to Alice,pay via contacts
Transfer money to my own account,pay to self
Wire 750 to 5566778899,bank transfer
Send 2000 to Bob,pay via contacts
Send 2000 to John,pay via contacts
Can you fetch my payment QR code?,show my QR code
Pay ₹8000 into my own bank,pay to self
Show my QR code for payment,show my QR code
Launch the QR code scanner,open QR code
Can you fetch my last payments?,transaction history
Can you fetch my payment QR code?,show my QR code
Pay 500 via alice@upi,pay via UPI ID
Pay using the scanned QR code,pay via QR code
Send 500 to john@sbi,pay via UPI ID
Wire 250 to 9876543210,bank transfer
Can you activate the QR scanner?,open QR code
I need to see my past transactions,transaction history
Make a UPI payment of 750 to bob@ybl,pay via UPI ID
Send 1000 to Emma,pay via contacts
Display my QR code,show my QR code
Display my QR code,show my QR code
Pay using the scanned QR code,pay via QR code
Make a payment using QR,pay via QR code
Can you fetch my payment QR code?,show my QR code
Scan a QR code to pay,pay via QR code
Display my recent transactions,transaction history
Transfer 2000 using bob@ybl,pay via UPI ID
Wire 2000 to 5566778899,bank transfer
Display my recent transactions,transaction history
Deposit 750 into 1122334455,bank transfer
I need to see my past transactions,transaction history
Display my recent transactions,transaction history
Transfer 500 to John,pay via contacts
Transfer 250 to Emma,pay via contacts
Can you activate the QR scanner?,open QR code
Wire 750 to 1234567890,bank transfer
Display my recent transactions,transaction history
Can I transfer ₹5000 to myself?,pay to self
Pay using the scanned QR code,pay via QR code
Display my recent transactions,transaction history
Make a UPI payment of 750 to bob@ybl,pay via UPI ID
Scan a QR code to pay,pay via QR code
Show my QR code for payment,show my QR code
Make a UPI payment of 2000 to emma@paytm,pay via UPI ID
Can you process a QR code payment?,pay via QR code
Can you fetch my last payments?,transaction history
Deposit ₹2000 into my bank account,pay to self
Can you fetch my last payments?,transaction history
Make a payment using QR,pay via QR code
Can I send ₹2500 to my own account?,pay to self
Send ₹3500 from my UPI to my own bank,pay to self
Move some funds to my personal account,pay to self
Deposit 1000 into 5566778899,bank transfer
Make a UPI payment of 750 to alice@upi,pay via UPI ID
Can you process a QR code payment?,pay via QR code
Scan a QR code to pay,pay via QR code
Scan a QR code to pay,pay via QR code
Display my QR code,show my QR code
Pay 750 via john@sbi,pay via UPI ID
Transfer 500 to John,pay via contacts
Display my recent transactions,transaction history
Pay 750 via emma@paytm,pay via UPI ID
Deposit ₹2000 into my bank account,pay to self
I want to pay myself ₹3000,pay to self
I need to see my past transactions,transaction history
Show my QR code for payment,show my QR code
Make a payment of 2000 to Alice,pay via contacts
Fund transfer to self ₹200,pay to self
Can you transfer 1000 to 9876543210?,bank transfer
Pay 250 via alice@upi,pay via UPI ID
Pay using the scanned QR code,pay via QR code
I need to move ₹700 to another account of mine,pay to self
Transfer 750 to Emma,pay via contacts
Can you transfer 1000 to 9876543210?,bank transfer
Transfer 2000 using emma@paytm,pay via UPI ID
Open the QR code scanner,open QR code
Display my QR code,show my QR code
Can you transfer 2000 to 5566778899?,bank transfer
Can you fetch my payment QR code?,show my QR code
Can you process a QR code payment?,pay via QR code
Shift ₹4000 to my savings,pay to self
Can you process a QR code payment?,pay via QR code
Can you fetch my last payments?,transaction history
Wire 2000 to 9876543210,bank transfer
Pay using the scanned QR code,pay via QR code
Can you transfer 500 to 1122334455?,bank transfer
Open the QR code scanner,open QR code
Show my transaction history,transaction history
Send 500 to John,pay via contacts
Can you process a QR code payment?,pay via QR code
Show my transaction history,transaction history
Can you fetch my payment QR code?,show my QR code
Send 2000 to bob@ybl,pay via UPI ID
Send ₹500 to my savings account,pay to self
Display my QR code,show my QR code
Can you fetch my last payments?,transaction history
Scan a QR code to pay,pay via QR code
Can you transfer 250 to 9876543210?,bank transfer
Can I send ₹2500 to my own account?,pay to self
Can you transfer 250 to 9876543210?,bank transfer
Send 750 to John,pay via contacts
Show my QR code for payment,show my QR code
Send 500 to John,pay via contacts
Can you process a QR code payment?,pay via QR code
Make a UPI payment of 500 to bob@ybl,pay via UPI ID
Launch the QR code scanner,open QR code
Show my QR code for payment,show my QR code
Show my QR code for payment,show my QR code
I need to scan a QR code,open QR code
Show my QR code for payment,show my QR code
Transfer 500 to Bob,pay via contacts
Scan a QR code to pay,pay via QR code
Make a UPI payment of 250 to john@sbi,pay via UPI ID
I need to see my past transactions,transaction history
Bank transfer 1000 to 5566778899,bank transfer
Pay using the scanned QR code,pay via QR code
Pay using the scanned QR code,pay via QR code
Pay using the scanned QR code,pay via QR code
Can you transfer 750 to 1234567890?,bank transfer
Deposit ₹2000 into my bank account,pay to self
Can you pay 750 to Bob?,pay via contacts
I need to see my past transactions,transaction history
Can you pay 750 to Bob?,pay via contacts
Can you activate the QR scanner?,open QR code
I need to see my past transactions,transaction history
Pay using the scanned QR code,pay via QR code
Can you fetch my last payments?,transaction history
Show my QR code for payment,show my QR code
Show my QR code for payment,show my QR code
Pay 2000 via bob@ybl,pay via UPI ID
Can you transfer 500 to 9876543210?,bank transfer
Show my QR code for payment,show my QR code
Pay using the scanned QR code,pay via QR code
Launch the QR code scanner,open QR code
Add ₹10000 to my secondary account,pay to self
Make a payment using QR,pay via QR code
Can you fetch my last payments?,transaction history
I need my QR code for transactions,show my QR code
Bank transfer 2000 to 1122334455,bank transfer
Can you transfer 1000 to 1122334455?,bank transfer
Can you fetch my last payments?,transaction history
Self-payment of ₹6000,pay to self
I need my QR code for transactions,show my QR code
Can you fetch my last payments?,transaction history
Can you transfer 500 to 9876543210?,bank transfer
Can you pay 250 to Alice?,pay via contacts
Make a payment using QR,pay via QR code
Bank transfer 2000 to 1122334455,bank transfer
Send 250 to Emma,pay via contacts
Fund transfer to self ₹200,pay to self
I need to scan a QR code,open QR code
I need to scan a QR code,open QR code
Transfer 750 to Bob,pay via contacts
Scan a QR code to pay,pay via QR code
I need my QR code for transactions,show my QR code
Send 500 to alice@upi,pay via UPI ID
Launch the QR code scanner,open QR code
Make a payment using QR,pay via QR code
Display my recent transactions,transaction history
Transfer 750 using alice@upi,pay via UPI ID
Pay 2000 via emma@paytm,pay via UPI ID
Scan a QR code to pay,pay via QR code
Make a payment using QR,pay via QR code
Can you activate the QR scanner?,open QR code
Can you transfer 750 to 5566778899?,bank transfer
Transfer 250 using john@sbi,pay via UPI ID
Make a payment using QR,pay via QR code
Can you process a QR code payment?,pay via QR code
I need to see my past transactions,transaction history
Pay 1000 via bob@ybl,pay via UPI ID
Show my transaction history,transaction history
Deposit 500 into 1122334455,bank transfer
Can you pay 1000 to Emma?,pay via contacts
Show my QR code for payment,show my QR code
Make a payment using QR,pay via QR code
Display my QR code,show my QR code
Scan a QR code to pay,pay via QR code
Transfer 2000 using bob@ybl,pay via UPI ID
Make a payment of 2000 to Emma,pay via contacts
Scan a QR code to pay,pay via QR code
I need to see my past transactions,transaction history
I need to move ₹700 to another account of mine,pay to self
Can you activate the QR scanner?,open QR code
Scan a QR code to pay,pay via QR code
Make a UPI payment of 500 to emma@paytm,pay via UPI ID
Make a UPI payment of 2000 to alice@upi,pay via UPI ID
Launch the QR code scanner,open QR code
Send 2000 to alice@upi,pay via UPI ID
Transfer 1000 using emma@paytm,pay via UPI ID
Can you fetch my payment QR code?,show my QR code
Can you fetch my last payments?,transaction history
Pay 1000 via bob@ybl,pay via UPI ID
Add ₹10000 to my secondary account,pay to self
Wire 250 to 5566778899,bank transfer
Send ₹500 to my savings account,pay to self
Transfer 250 using john@sbi,pay via UPI ID
Display my recent transactions,transaction history
Make a payment of 750 to Alice,pay via contacts
Make a UPI payment of 750 to bob@ybl,pay via UPI ID
Move some funds to my personal account,pay to self
Show my transaction history,transaction history
Can you transfer 2000 to 1122334455?,bank transfer
I want to pay myself ₹3000,pay to self
Add ₹100 to my digital wallet,pay to self
Can you fetch my payment QR code?,show my QR code
Show my QR code for payment,show my QR code
Make a UPI payment of 1000 to bob@ybl,pay via UPI ID
Launch the QR code scanner,open QR code
Scan a QR code to pay,pay via QR code
I need to see my past transactions,transaction history
I need to see my past transactions,transaction history
Transfer 500 to Alice,pay via contacts
Launch the QR code scanner,open QR code
Show my transaction history,transaction history
Can you fetch my payment QR code?,show my QR code
Transfer 500 using john@sbi,pay via UPI ID
Scan a QR code to pay,pay via QR code
Move ₹5500 within my accounts,pay to self
Wire 2000 to 5566778899,bank transfer
Can you pay 2000 to Bob?,pay via contacts
Move ₹1000 from checking to savings,pay to self
Can you transfer 1000 to 1234567890?,bank transfer
Can you process a QR code payment?,pay via QR code
I need my QR code for transactions,show my QR code
Wire 250 to 5566778899,bank transfer
Can you process a QR code payment?,pay via QR code
Shift ₹4500 from wallet to bank,pay to self
I need to scan a QR code,open QR code
Open the QR code scanner,open QR code
Can you activate the QR scanner?,open QR code
Can you fetch my last payments?,transaction history
Transfer 750 to Bob,pay via contacts
Fund transfer to self ₹200,pay to self
Can you process a QR code payment?,pay via QR code
Can you activate the QR scanner?,open QR code
Make a payment of 2000 to Bob,pay via contacts
Transfer 500 using emma@paytm,pay via UPI ID
Pay using the scanned QR code,pay via QR code
Launch the QR code scanner,open QR code
Make a payment using QR,pay via QR code
Pay using the scanned QR code,pay via QR code
Wire 1000 to 9876543210,bank transfer
I need my QR code for transactions,show my QR code
Show my QR code for payment,show my QR code
Send 500 to alice@upi,pay via UPI ID
Send 750 to Alice,pay via contacts
Can you pay 2000 to Emma?,pay via contacts
I need to scan a QR code,open QR code
Can you activate the QR scanner?,open QR code
Transfer 750 to Alice,pay via contacts
Can you transfer 750 to 9876543210?,bank transfer
Transfer 2000 using bob@ybl,pay via UPI ID
Scan a QR code to pay,pay via QR code
Transfer 750 to Emma,pay via contacts
Show my QR code for payment,show my QR code
Display my recent transactions,transaction history
Can you transfer 2000 to 1234567890?,bank transfer
Pay 250 via john@sbi,pay via UPI ID
Add ₹100 to my digital wallet,pay to self
I need my QR code for transactions,show my QR code
Wire 1000 to 1122334455,bank transfer
I need my QR code for transactions,show my QR code
Can you fetch my last payments?,transaction history
Transfer 500 using john@sbi,pay via UPI ID
Can you fetch my payment QR code?,show my QR code
Can you pay 250 to Alice?,pay via contacts
Send 500 to bob@ybl,pay via UPI ID
Can you fetch my last payments?,transaction history
Make a payment of 750 to John,pay via contacts
Can you activate the QR scanner?,open QR code
Send 500 to Emma,pay via contacts
Transfer 2000 to Bob,pay via contacts
Transfer 2000 using john@sbi,pay via UPI ID
I need to scan a QR code,open QR code
Can you fetch my payment QR code?,show my QR code
Wire 2000 to 1234567890,bank transfer
Pay using the scanned QR code,pay via QR code
Open the QR code scanner,open QR code
I need my QR code for transactions,show my QR code
Can you activate the QR scanner?,open QR code
Self-payment of ₹6000,pay to self
Transfer 1000 using john@sbi,pay via UPI ID
Can you activate the QR scanner?,open QR code
Pay using the scanned QR code,pay via QR code
Send 1000 to Alice,pay via contacts
Display my QR code,show my QR code
Make a UPI payment of 250 to emma@paytm,pay via UPI ID
Fund transfer to self ₹200,pay to self
Can you fetch my last payments?,transaction history
Wire 250 to 5566778899,bank transfer
Scan a QR code to pay,pay via QR code
I need to see my past transactions,transaction history
Wire 750 to 1122334455,bank transfer
Can you fetch my last payments?,transaction history
I need to see my past transactions,transaction history
Launch the QR code scanner,open QR code
Wire 500 to 9876543210,bank transfer
I need to see my past transactions,transaction history
Pay using the scanned QR code,pay via QR code
Deposit 1000 into 9876543210,bank transfer
Can you process a QR code payment?,pay via QR code
Pay using the scanned QR code,pay via QR code
I need to scan a QR code,open QR code
Launch the QR code scanner,open QR code
Can you fetch my payment QR code?,show my QR code
Bank transfer 1000 to 5566778899,bank transfer
Can you transfer 750 to 5566778899?,bank transfer
Transfer 750 to John,pay via contacts
Can you fetch my payment QR code?,show my QR code
Pay 1000 via bob@ybl,pay via UPI ID
Move ₹1000 from checking to savings,pay to self
Can you activate the QR scanner?,open QR code
Transfer 750 to Bob,pay via contacts
Pay ₹8000 into my own bank,pay to self
Transfer 2000 to John,pay via contacts
Add ₹100 to my digital wallet,pay to self
Transfer money to my own account,pay to self
Launch the QR code scanner,open QR code
Pay using the scanned QR code,pay via QR code
Bank transfer 750 to 1234567890,bank transfer
Scan a QR code to pay,pay via QR code
Pay 2000 via bob@ybl,pay via UPI ID
Can you fetch my last payments?,transaction history
I need to scan a QR code,open QR code
Can you fetch my payment QR code?,show my QR code
Wire 2000 to 1122334455,bank transfer
Can you process a QR code payment?,pay via QR code
Display my QR code,show my QR code
I need to scan a QR code,open QR code
Scan a QR code to pay,pay via QR code
Make a payment of 750 to Alice,pay via contacts
Show my transaction history,transaction history
Make a UPI payment of 2000 to emma@paytm,pay via UPI ID
Shift ₹4500 from wallet to bank,pay to self
Transfer 250 to Bob,pay via contacts
Open the QR code scanner,open QR code
Can you process a QR code payment?,pay via QR code
I need to scan a QR code,open QR code
Make a payment of 2000 to John,pay via contacts
I need to see my past transactions,transaction history
Display my QR code,show my QR code
Transfer 250 using alice@upi,pay via UPI ID
Bank transfer 500 to 1122334455,bank transfer
Open the QR code scanner,open QR code
Bank transfer 1000 to 1122334455,bank transfer
Show my transaction history,transaction history
Scan a QR code to pay,pay via QR code
Send 750 to john@sbi,pay via UPI ID
Can you fetch my last payments?,transaction history
Pay using the scanned QR code,pay via QR code
Show my transaction history,transaction history
Can you pay 250 to Alice?,pay via contacts
Make a payment of 500 to John,pay via contacts
I want to pay myself ₹3000,pay to self
Can you pay 250 to John?,pay via contacts
Transfer 250 to Bob,pay via contacts
Pay 250 via alice@upi,pay via UPI ID
Deposit 750 into 9876543210,bank transfer
Display my recent transactions,transaction history
Display my QR code,show my QR code
Send 2000 to emma@paytm,pay via UPI ID
Deposit ₹2000 into my bank account,pay to self
Make a UPI payment of 500 to bob@ybl,pay via UPI ID
Display my recent transactions,transaction history
I need to see my past transactions,transaction history
Send ₹3500 from my UPI to my own bank,pay to self
Can you activate the QR scanner?,open QR code
Show my transaction history,transaction history
I need to see my past transactions,transaction history
I need to scan a QR code,open QR code
Can I send ₹2500 to my own account?,pay to self
Make a UPI payment of 1000 to emma@paytm,pay via UPI ID
Can you pay 250 to Alice?,pay via contacts
Make a UPI payment of 2000 to alice@upi,pay via UPI ID
Add ₹100 to my digital wallet,pay to self
I need to scan a QR code,open QR code
Move ₹1000 from checking to savings,pay to self
Can you fetch my last payments?,transaction history
Can you pay 1000 to John?,pay via contacts
Scan a QR code to pay,pay via QR code
Pay 250 via bob@ybl,pay via UPI ID
Send ₹3500 from my UPI to my own bank,pay to self
Transfer 500 to Alice,pay via contacts
Can you activate the QR scanner?,open QR code
Make a UPI payment of 500 to bob@ybl,pay via UPI ID
Make a UPI payment of 500 to alice@upi,pay via UPI ID
Make a payment using QR,pay via QR code
I need to see my past transactions,transaction history
Can you activate the QR scanner?,open QR code
Open the QR code scanner,open QR code
Pay using the scanned QR code,pay via QR code
Transfer 500 to Emma,pay via contacts
I need to see my past transactions,transaction history
Can you transfer 750 to 5566778899?,bank transfer
Self-transfer ₹1500,pay to self
Display my recent transactions,transaction history
Send 2000 to bob@ybl,pay via UPI ID
Can you process a QR code payment?,pay via QR code
Transfer 2000 to Bob,pay via contacts
Wire 500 to 9876543210,bank transfer
Can you process a QR code payment?,pay via QR code
Open the QR code scanner,open QR code
Pay using the scanned QR code,pay via QR code
I need my QR code for transactions,show my QR code
Scan a QR code to pay,pay via QR code
Pay 500 via emma@paytm,pay via UPI ID
Send 500 to Alice,pay via contacts
I need to see my past transactions,transaction history
Show my transaction history,transaction history
Shift ₹4500 from wallet to bank,pay to self
Can you transfer 750 to 1234567890?,bank transfer
Can you transfer 2000 to 1234567890?,bank transfer
Transfer money to my own account,pay to self
Show my QR code for payment,show my QR code
Scan a QR code to pay,pay via QR code
Open the QR code scanner,open QR code
Can you fetch my payment QR code?,show my QR code
Display my QR code,show my QR code
Add ₹10000 to my secondary account,pay to self
Can you process a QR code payment?,pay via QR code
Can you fetch my payment QR code?,show my QR code
Launch the QR code scanner,open QR code
Deposit ₹2000 into my bank account,pay to self
Display my recent transactions,transaction history
Move some funds to my personal account,pay to self
Can you transfer 250 to 5566778899?,bank transfer
Display my QR code,show my QR code
Display my QR code,show my QR code
I need to see my past transactions,transaction history
Make a payment using QR,pay via QR code
Can you fetch my payment QR code?,show my QR code
I need my QR code for transactions,show my QR code
Deposit 750 into 9876543210,bank transfer
I want to pay myself ₹3000,pay to self
I need my QR code for transactions,show my QR code
Wire 1000 to 1122334455,bank transfer
Transfer 250 to Emma,pay via contacts
Display my QR code,show my QR code
Show my QR code for payment,show my QR code
Can you process a QR code payment?,pay via QR code
Make a UPI payment of 500 to john@sbi,pay via UPI ID
Pay 250 via alice@upi,pay via UPI ID
Transfer 750 using alice@upi,pay via UPI ID
Bank transfer 1000 to 9876543210,bank transfer
Deposit 500 into 1234567890,bank transfer
Shift ₹4500 from wallet to bank,pay to self
Deposit 750 into 1234567890,bank transfer
Bank transfer 1000 to 5566778899,bank transfer
Launch the QR code scanner,open QR code
Can you fetch my last payments?,transaction history
Scan a QR code to pay,pay via QR code
Launch the QR code scanner,open QR code
Launch the QR code scanner,open QR code
Can you activate the QR scanner?,open QR code
Can you transfer 250 to 5566778899?,bank transfer
Scan a QR code to pay,pay via QR code
Can you pay 250 to Emma?,pay via contacts
Transfer 500 using alice@upi,pay via UPI ID
Scan a QR code to pay,pay via QR code
Make a UPI payment of 500 to alice@upi,pay via UPI ID
I need my QR code for transactions,show my QR code
Send 2000 to Alice,pay via contacts
Make a payment using QR,pay via QR code
Open the QR code scanner,open QR code
Make a payment of 250 to Bob,pay via contacts
Send 2000 to Emma,pay via contacts
Open the QR code scanner,open QR code
Send 500 to Emma,pay via contacts
I need to scan a QR code,open QR code
Send 250 to Alice,pay via contacts
Make a UPI payment of 750 to emma@paytm,pay via UPI ID
I need to see my past transactions,transaction history
Pay using the scanned QR code,pay via QR code
Display my QR code,show my QR code
Send 2000 to bob@ybl,pay via UPI ID
Move ₹5500 within my accounts,pay to self
Can you fetch my payment QR code?,show my QR code
Make a payment using QR,pay via QR code
I need to scan a QR code,open QR code
Make a payment of 250 to Emma,pay via contacts
Pay using the scanned QR code,pay via QR code
Pay 250 via alice@upi,pay via UPI ID
Can you process a QR code payment?,pay via QR code
Shift ₹4500 from wallet to bank,pay to self
Bank transfer 1000 to 1122334455,bank transfer
Self-payment of ₹6000,pay to self
Move ₹1000 from checking to savings,pay to self
Show my QR code for payment,show my QR code
Display my QR code,show my QR code
Make a payment of 2000 to Emma,pay via contacts
Fund transfer to self ₹200,pay to self
I need to scan a QR code,open QR code
Display my recent transactions,transaction history
Deposit ₹900 into my account from UPI,pay to self
Can you fetch my payment QR code?,show my QR code
Make a payment of 750 to Emma,pay via contacts
Can you activate the QR scanner?,open QR code
Display my recent transactions,transaction history
Transfer 500 to Emma,pay via contacts
Add ₹10000 to my secondary account,pay to self
Scan a QR code to pay,pay via QR code
Show my transaction history,transaction history
Can you fetch my last payments?,transaction history
Add ₹100 to my digital wallet,pay to self
I need to move ₹700 to another account of mine,pay to self
Make a UPI payment of 1000 to alice@upi,pay via UPI ID
Show my transaction history,transaction history
Can I transfer ₹5000 to myself?,pay to self
Make a payment using QR,pay via QR code
Make a payment using QR,pay via QR code
Pay 250 via alice@upi,pay via UPI ID
Can you fetch my payment QR code?,show my QR code
Scan a QR code to pay,pay via QR code
Can you process a QR code payment?,pay via QR code
Send 2000 to emma@paytm,pay via UPI ID
I need to see my past transactions,transaction history
Transfer 1000 to Alice,pay via contacts
Can you transfer 2000 to 1122334455?,bank transfer
Pay using the scanned QR code,pay via QR code
Transfer 500 to Alice,pay via contacts
Can you pay 2000 to John?,pay via contacts
Make a UPI payment of 500 to alice@upi,pay via UPI ID
Show my transaction history,transaction history
Can you activate the QR scanner?,open QR code
Deposit ₹900 into my account from UPI,pay to self
I need to scan a QR code,open QR code
I want to pay myself ₹3000,pay to self
Transfer 750 to Emma,pay via contacts
Launch the QR code scanner,open QR code
Send 1000 to alice@upi,pay via UPI ID
Display my QR code,show my QR code
Transfer 1000 to John,pay via contacts
Transfer 1000 to Emma,pay via contacts
I need my QR code for transactions,show my QR code
Make a payment of 1000 to John,pay via contacts
Make a payment of 500 to Emma,pay via contacts
I need to see my past transactions,transaction history
I need my QR code for transactions,show my QR code
I need my QR code for transactions,show my QR code
Send 750 to Alice,pay via contacts
Wire 500 to 1122334455,bank transfer
I need to see my past transactions,transaction history
Can you transfer 500 to 1122334455?,bank transfer
Deposit 750 into 5566778899,bank transfer
Transfer 500 using alice@upi,pay via UPI ID
Pay 1000 via john@sbi,pay via UPI ID
Wire 750 to 9876543210,bank transfer
Wire 250 to 1122334455,bank transfer
Send 250 to Emma,pay via contacts
Bank transfer 2000 to 5566778899,bank transfer
Can you fetch my payment QR code?,show my QR code
Display my QR code,show my QR code
I need to scan a QR code,open QR code
Display my recent transactions,transaction history
Display my recent transactions,transaction history
Display my QR code,show my QR code
Open the QR code scanner,open QR code
Send 2000 to bob@ybl,pay via UPI ID
Show my QR code for payment,show my QR code
Deposit 1000 into 5566778899,bank transfer
Make a payment using QR,pay via QR code
I need to scan a QR code,open QR code
Deposit 2000 into 1234567890,bank transfer
Move some funds to my personal account,pay to self
Make a payment of 2000 to Emma,pay via contacts
Deposit 750 into 9876543210,bank transfer
I need to see my past transactions,transaction history
Pay 250 via john@sbi,pay via UPI ID
Launch the QR code scanner,open QR code
I need to scan a QR code,open QR code
Deposit 2000 into 1122334455,bank transfer
Pay 2000 via john@sbi,pay via UPI ID
Make a payment of 1000 to John,pay via contacts
Display my recent transactions,transaction history
Can you activate the QR scanner?,open QR code
Scan a QR code to pay,pay via QR code
Self-transfer ₹1500,pay to self
I need to move ₹700 to another account of mine,pay to self
Make a payment of 1000 to Alice,pay via contacts
Make a payment of 250 to Alice,pay via contacts
Transfer 250 to John,pay via contacts
Self-transfer ₹1500,pay to self
Wire 750 to 9876543210,bank transfer
I need to scan a QR code,open QR code
Can you pay 1000 to Bob?,pay via contacts
Move ₹5500 within my accounts,pay to self
Make a payment of 250 to Alice,pay via contacts
I need my QR code for transactions,show my QR code
Move ₹1000 from checking to savings,pay to self
Send ₹500 to my savings account,pay to self
Open the QR code scanner,open QR code
Can you fetch my payment QR code?,show my QR code
Can you activate the QR scanner?,open QR code
Send 250 to John,pay via contacts
Deposit 750 into 1234567890,bank transfer
Show my QR code for payment,show my QR code
Can you process a QR code payment?,pay via QR code
Can you pay 2000 to Emma?,pay via contacts
Show my transaction history,transaction history
I need to scan a QR code,open QR code
Display my QR code,show my QR code
Make a UPI payment of 1000 to bob@ybl,pay via UPI ID
I need to see my past transactions,transaction history
Can you process a QR code payment?,pay via QR code
Move ₹1000 from checking to savings,pay to self
Scan a QR code to pay,pay via QR code
Make a UPI payment of 2000 to emma@paytm,pay via UPI ID
Transfer 500 to John,pay via contacts
Launch the QR code scanner,open QR code
Can you activate the QR scanner?,open QR code
Can you process a QR code payment?,pay via QR code
Can you transfer 250 to 1234567890?,bank transfer
I want to pay myself ₹3000,pay to self
Make a payment of 750 to John,pay via contacts
Transfer 750 using bob@ybl,pay via UPI ID
Can you pay 750 to Bob?,pay via contacts
Transfer 2000 using emma@paytm,pay via UPI ID
Self-payment of ₹6000,pay to self
Display my recent transactions,transaction history
Launch the QR code scanner,open QR code
Can you fetch my last payments?,transaction history
Scan a QR code to pay,pay via QR code
I need to see my past transactions,transaction history
Transfer 500 to Emma,pay via contacts
Can you transfer 250 to 1234567890?,bank transfer
Can you activate the QR scanner?,open QR code
Can you pay 500 to Emma?,pay via contacts
Deposit 250 into 5566778899,bank transfer
Can you fetch my payment QR code?,show my QR code
Deposit 500 into 1122334455,bank transfer
I need to scan a QR code,open QR code
Can I transfer ₹5000 to myself?,pay to self
Can you fetch my payment QR code?,show my QR code
Display my recent transactions,transaction history
Wire 2000 to 1122334455,bank transfer
Send 750 to Bob,pay via contacts
Scan a QR code to pay,pay via QR code
Pay using the scanned QR code,pay via QR code
Can you activate the QR scanner?,open QR code
Transfer 1000 using emma@paytm,pay via UPI ID
Open the QR code scanner,open QR code
I need my QR code for transactions,show my QR code
Can you transfer 2000 to 9876543210?,bank transfer
Bank transfer 2000 to 1234567890,bank transfer
Make a payment of 500 to Alice,pay via contacts
Can you fetch my payment QR code?,show my QR code
Bank transfer 500 to 1122334455,bank transfer
I need to see my past transactions,transaction history
Display my QR code,show my QR code
Can I transfer ₹5000 to myself?,pay to self
Can you transfer 750 to 9876543210?,bank transfer
Deposit 500 into 1234567890,bank transfer
I need my QR code for transactions,show my QR code
Can you fetch my payment QR code?,show my QR code
Move ₹5500 within my accounts,pay to self
Show my transaction history,transaction history
Show my transaction history,transaction history
Display my QR code,show my QR code
Can you pay 500 to Alice?,pay via contacts
Pay using the scanned QR code,pay via QR code
Display my recent transactions,transaction history
Bank transfer 1000 to 5566778899,bank transfer
Send ₹3500 from my UPI to my own bank,pay to self
Can I send ₹2500 to my own account?,pay to self
Open the QR code scanner,open QR code
Launch the QR code scanner,open QR code
Can you process a QR code payment?,pay via QR code
Scan a QR code to pay,pay via QR code
Can you transfer 500 to 9876543210?,bank transfer
Can I transfer ₹5000 to myself?,pay to self
Open the QR code scanner,open QR code
Wire 250 to 5566778899,bank transfer
Make a UPI payment of 2000 to emma@paytm,pay via UPI ID
Transfer 1000 to Bob,pay via contacts
Transfer 750 to Alice,pay via contacts
Deposit 1000 into 9876543210,bank transfer
Open the QR code scanner,open QR code
I need my QR code for transactions,show my QR code
Display my QR code,show my QR code
Can you pay 750 to Emma?,pay via contacts
Transfer 500 to Alice,pay via contacts
Can you fetch my last payments?,transaction history
Pay 250 via john@sbi,pay via UPI ID
Send 500 to john@sbi,pay via UPI ID
Scan a QR code to pay,pay via QR code
Can you fetch my payment QR code?,show my QR code
Shift ₹4500 from wallet to bank,pay to self
Add ₹100 to my digital wallet,pay to self
Can you fetch my last payments?,transaction history
Scan a QR code to pay,pay via QR code
Make a UPI payment of 2000 to bob@ybl,pay via UPI ID
Show my transaction history,transaction history
I need my QR code for transactions,show my QR code
Can you pay 750 to John?,pay via contacts
I need my QR code for transactions,show my QR code
Shift ₹4500 from wallet to bank,pay to self
Deposit 250 into 9876543210,bank transfer
Can you transfer 2000 to 5566778899?,bank transfer
Can you pay 250 to Bob?,pay via contacts
Display my recent transactions,transaction history
Can I transfer ₹5000 to myself?,pay to self
Scan a QR code to pay,pay via QR code
I need to see my past transactions,transaction history
Scan a QR code to pay,pay via QR code
Launch the QR code scanner,open QR code
I need to scan a QR code,open QR code
Send 250 to bob@ybl,pay via UPI ID
Show my QR code for payment,show my QR code
I want to pay myself ₹3000,pay to self
Deposit 750 into 9876543210,bank transfer
Send 250 to John,pay via contacts
Show my QR code for payment,show my QR code
Can you transfer 500 to 9876543210?,bank transfer
Transfer 750 using emma@paytm,pay via UPI ID
Show my QR code for payment,show my QR code
Can you pay 750 to Bob?,pay via contacts
I need my QR code for transactions,show my QR code
Show my transaction history,transaction history
Move some funds to my personal account,pay to self
Make a payment using QR,pay via QR code
Transfer money to my own account,pay to self
Wire 250 to 1234567890,bank transfer
Open the QR code scanner,open QR code
Pay using the scanned QR code,pay via QR code
Deposit 750 into 1234567890,bank transfer
Make a UPI payment of 500 to alice@upi,pay via UPI ID
Transfer money to my own account,pay to self
Show my transaction history,transaction history
Can you activate the QR scanner?,open QR code
Pay using the scanned QR code,pay via QR code
Make a UPI payment of 2000 to john@sbi,pay via UPI ID
Wire 250 to 9876543210,bank transfer
Open the QR code scanner,open QR code
Make a UPI payment of 2000 to alice@upi,pay via UPI ID
Display my QR code,show my QR code
Transfer 1000 using alice@upi,pay via UPI ID
I need my QR code for transactions,show my QR code
Deposit 2000 into 1234567890,bank transfer
Transfer 250 using bob@ybl,pay via UPI ID
Pay using the scanned QR code,pay via QR code
I need to see my past transactions,transaction history
Open the QR code scanner,open QR code
I need to move ₹700 to another account of mine,pay to self
Bank transfer 500 to 9876543210,bank transfer
Can I transfer ₹5000 to myself?,pay to self
Wire 500 to 1234567890,bank transfer
Transfer money to my own account,pay to self
Deposit 250 into 9876543210,bank transfer
Transfer 1000 using alice@upi,pay via UPI ID
Deposit 500 into 5566778899,bank transfer
Wire 250 to 9876543210,bank transfer
Deposit 500 into 1122334455,bank transfer
Deposit 500 into 9876543210,bank transfer
Transfer 500 to John,pay via contacts
I need to see my past transactions,transaction history
Transfer 2000 to Alice,pay via contacts
Self-payment of ₹6000,pay to self
Can you process a QR code payment?,pay via QR code
Make a UPI payment of 500 to emma@paytm,pay via UPI ID
Scan a QR code to pay,pay via QR code
Show my QR code for payment,show my QR code
Send 750 to Emma,pay via contacts
Display my recent transactions,transaction history
Add ₹10000 to my secondary account,pay to self
Deposit ₹900 into my account from UPI,pay to self
Can you activate the QR scanner?,open QR code
Can you pay 1000 to John?,pay via contacts
Bank transfer 750 to 5566778899,bank transfer
Send 500 to alice@upi,pay via UPI ID
Open the QR code scanner,open QR code
Can you fetch my payment QR code?,show my QR code
Open the QR code scanner,open QR code
Transfer 250 to Emma,pay via contacts
Can you fetch my last payments?,transaction history
Can you transfer 750 to 1122334455?,bank transfer
Transfer 750 using emma@paytm,pay via UPI ID
Send 1000 to john@sbi,pay via UPI ID
Can you fetch my payment QR code?,show my QR code
Bank transfer 250 to 1122334455,bank transfer
Can you activate the QR scanner?,open QR code
Transfer 750 to Emma,pay via contacts
Add ₹100 to my digital wallet,pay to self
Can you pay 500 to Bob?,pay via contacts
Pay 250 via bob@ybl,pay via UPI ID
Launch the QR code scanner,open QR code
Pay 500 via emma@paytm,pay via UPI ID
Show my transaction history,transaction history
Transfer 500 using alice@upi,pay via UPI ID
Pay ₹8000 into my own bank,pay to self
Open the QR code scanner,open QR code
Can you activate the QR scanner?,open QR code
Can you pay 500 to Bob?,pay via contacts
Send 500 to Bob,pay via contacts
Make a UPI payment of 2000 to bob@ybl,pay via UPI ID
Deposit ₹900 into my account from UPI,pay to self
Transfer 500 using emma@paytm,pay via UPI ID
Move ₹1000 from checking to savings,pay to self
Deposit 500 into 9876543210,bank transfer
Make a UPI payment of 250 to emma@paytm,pay via UPI ID
Can you activate the QR scanner?,open QR code
I need to scan a QR code,open QR code
Can you fetch my last payments?,transaction history
Transfer 1000 using john@sbi,pay via UPI ID
Can you activate the QR scanner?,open QR code
Wire 750 to 9876543210,bank transfer
Make a UPI payment of 750 to emma@paytm,pay via UPI ID
Send 1000 to emma@paytm,pay via UPI ID
Move ₹5500 within my accounts,pay to self
Open the QR code scanner,open QR code
Bank transfer 750 to 1234567890,bank transfer
I need to scan a QR code,open QR code
Transfer 1000 to Alice,pay via contacts
Pay 250 via alice@upi,pay via UPI ID
Can you fetch my last payments?,transaction history
Transfer 750 to Alice,pay via contacts
Launch the QR code scanner,open QR code
Make a payment of 500 to Bob,pay via contacts
Open the QR code scanner,open QR code
Can you activate the QR scanner?,open QR code
Send 750 to John,pay via contacts
Transfer 500 to Emma,pay via contacts
Make a UPI payment of 750 to bob@ybl,pay via UPI ID
Deposit ₹900 into my account from UPI,pay to self
Send 500 to alice@upi,pay via UPI ID
Make a UPI payment of 2000 to alice@upi,pay via UPI ID
Can you fetch my last payments?,transaction history
Launch the QR code scanner,open QR code
Transfer 2000 to Alice,pay via contacts
Move ₹5500 within my accounts,pay to self
Transfer 250 using emma@paytm,pay via UPI ID
I need to see my past transactions,transaction history
Can you process a QR code payment?,pay via QR code
Pay 750 via bob@ybl,pay via UPI ID
Open the QR code scanner,open QR code
I need my QR code for transactions,show my QR code
I need to see my past transactions,transaction history
Deposit 750 into 1234567890,bank transfer
Scan a QR code to pay,pay via QR code
Scan a QR code to pay,pay via QR code
Pay 1000 via john@sbi,pay via UPI ID
Launch the QR code scanner,open QR code
Scan a QR code to pay,pay via QR code
Pay ₹8000 into my own bank,pay to self
Bank transfer 250 to 9876543210,bank transfer
Send 250 to alice@upi,pay via UPI ID
I need my QR code for transactions,show my QR code
Can you fetch my payment QR code?,show my QR code
Send 2000 to Bob,pay via contacts
Display my recent transactions,transaction history
Deposit 2000 into 9876543210,bank transfer
Pay using the scanned QR code,pay via QR code
I want to pay myself ₹3000,pay to self
Transfer money to my own account,pay to self
Send 250 to john@sbi,pay via UPI ID
Bank transfer 500 to 9876543210,bank transfer
Send 250 to emma@paytm,pay via UPI ID
Scan a QR code to pay,pay via QR code
Deposit 2000 into 9876543210,bank transfer
Wire 500 to 1234567890,bank transfer
Display my recent transactions,transaction history
Show my transaction history,transaction history
Show my QR code for payment,show my QR code
I need to scan a QR code,open QR code
Can you activate the QR scanner?,open QR code
Pay 250 via bob@ybl,pay via UPI ID
Transfer 500 to Bob,pay via contacts
I need to scan a QR code,open QR code
Can you fetch my last payments?,transaction history
I need to scan a QR code,open QR code
Make a UPI payment of 250 to john@sbi,pay via UPI ID
Pay using the scanned QR code,pay via QR code
Can you fetch my payment QR code?,show my QR code
Send 250 to john@sbi,pay via UPI ID
Can you activate the QR scanner?,open QR code
Can you activate the QR scanner?,open QR code
I need to see my past transactions,transaction history
Can you fetch my payment QR code?,show my QR code
Make a payment using QR,pay via QR code
Show my QR code for payment,show my QR code
Transfer 750 using bob@ybl,pay via UPI ID
Wire 1000 to 9876543210,bank transfer
Display my QR code,show my QR code
I need my QR code for transactions,show my QR code
Transfer 750 using bob@ybl,pay via UPI ID
Show my QR code for payment,show my QR code
Bank transfer 500 to 1234567890,bank transfer
Scan a QR code to pay,pay via QR code
Open the QR code scanner,open QR code
I need to scan a QR code,open QR code
Display my QR code,show my QR code
Display my recent transactions,transaction history
Open the QR code scanner,open QR code
Show my QR code for payment,show my QR code
Make a UPI payment of 250 to emma@paytm,pay via UPI ID
Make a UPI payment of 250 to emma@paytm,pay via UPI ID
Deposit 2000 into 1234567890,bank transfer
Pay ₹8000 into my own bank,pay to self
Transfer 1000 to Bob,pay via contacts
Pay using the scanned QR code,pay via QR code
Can you activate the QR scanner?,open QR code
Self-payment of ₹6000,pay to self
Deposit 1000 into 1234567890,bank transfer
Bank transfer 250 to 1234567890,bank transfer
Show my transaction history,transaction history
Move ₹1000 from checking to savings,pay to self
Can you transfer 250 to 5566778899?,bank transfer
Deposit 750 into 5566778899,bank transfer
Show my QR code for payment,show my QR code
Open the QR code scanner,open QR code
Pay using the scanned QR code,pay via QR code
Make a payment of 1000 to John,pay via contacts
Open the QR code scanner,open QR code
Pay 750 via john@sbi,pay via UPI ID
Can you activate the QR scanner?,open QR code
Shift ₹4000 to my savings,pay to self
Show my QR code for payment,show my QR code
Can you fetch my last payments?,transaction history
Show my QR code for payment,show my QR code
Can you process a QR code payment?,pay via QR code
Wire 2000 to 5566778899,bank transfer
Can you pay 250 to Emma?,pay via contacts
Can you fetch my payment QR code?,show my QR code
Send 1000 to alice@upi,pay via UPI ID
I need my QR code for transactions,show my QR code
Transfer 750 using alice@upi,pay via UPI ID
Make a payment of 500 to Emma,pay via contacts
Pay 250 via bob@ybl,pay via UPI ID
Send 500 to emma@paytm,pay via UPI ID
Scan a QR code to pay,pay via QR code
Can you transfer 1000 to 1234567890?,bank transfer
Transfer 2000 to Bob,pay via contacts
Can you fetch my last payments?,transaction history
Make a UPI payment of 1000 to emma@paytm,pay via UPI ID
Transfer 750 using emma@paytm,pay via UPI ID
Transfer money to my own account,pay to self
Can you pay 2000 to John?,pay via contacts
Can you process a QR code payment?,pay via QR code
Can you fetch my payment QR code?,show my QR code
Make a payment using QR,pay via QR code
Show my QR code for payment,show my QR code
Can you pay 250 to Emma?,pay via contacts
Pay ₹8000 into my own bank,pay to self
Can you pay 1000 to John?,pay via contacts
Launch the QR code scanner,open QR code
Can you transfer 1000 to 1122334455?,bank transfer
Deposit 500 into 9876543210,bank transfer
I need to move ₹700 to another account of mine,pay to self
Pay 250 via emma@paytm,pay via UPI ID
I need my QR code for transactions,show my QR code
Open the QR code scanner,open QR code
Make a UPI payment of 250 to alice@upi,pay via UPI ID
Open the QR code scanner,open QR code
Transfer money to my own account,pay to self
Make a payment of 500 to Bob,pay via contacts
Display my QR code,show my QR code
Shift ₹4000 to my savings,pay to self
Can you fetch my payment QR code?,show my QR code
Can I transfer ₹5000 to myself?,pay to self
Launch the QR code scanner,open QR code
Show my transaction history,transaction history
Self-transfer ₹1500,pay to self
Can you pay 2000 to John?,pay via contacts
Transfer 1000 to John,pay via contacts
Make a payment of 2000 to Bob,pay via contacts
Transfer 2000 to Emma,pay via contacts
Bank transfer 1000 to 1122334455,bank transfer
Can you process a QR code payment?,pay via QR code
Scan a QR code to pay,pay via QR code
Can you transfer 250 to 1122334455?,bank transfer
Can you process a QR code payment?,pay via QR code
Scan a QR code to pay,pay via QR code
Transfer 250 to Alice,pay via contacts
Show my QR code for payment,show my QR code
Open the QR code scanner,open QR code
Transfer 500 to John,pay via contacts
I need my QR code for transactions,show my QR code
Can I send ₹2500 to my own account?,pay to self
I need to scan a QR code,open QR code
Deposit ₹2000 into my bank account,pay to self
Can you activate the QR scanner?,open QR code
I need to see my past transactions,transaction history
Scan a QR code to pay,pay via QR code
Show my transaction history,transaction history
Make a payment using QR,pay via QR code
Can you transfer 250 to 9876543210?,bank transfer
Can you transfer 750 to 1122334455?,bank transfer
Make a payment of 2000 to Alice,pay via contacts
Display my QR code,show my QR code
Pay using the scanned QR code,pay via QR code
I need to scan a QR code,open QR code
Pay 1000 via alice@upi,pay via UPI ID
Make a payment using QR,pay via QR code
Pay using the scanned QR code,pay via QR code
Add ₹100 to my digital wallet,pay to self
Can you fetch my payment QR code?,show my QR code
Bank transfer 2000 to 1122334455,bank transfer
Transfer 2000 to Bob,pay via contacts
Open the QR code scanner,open QR code
I need to see my past transactions,transaction history
Bank transfer 1000 to 9876543210,bank transfer
Transfer 2000 to Bob,pay via contacts
Launch the QR code scanner,open QR code
Open the QR code scanner,open QR code
I need to see my past transactions,transaction history
Can you fetch my last payments?,transaction history
Wire 1000 to 1234567890,bank transfer
I need my QR code for transactions,show my QR code
Can you process a QR code payment?,pay via QR code
Make a payment of 1000 to John,pay via contacts
Send 750 to Alice,pay via contacts
Bank transfer 2000 to 5566778899,bank transfer
Pay 1000 via alice@upi,pay via UPI ID
I need to scan a QR code,open QR code
Launch the QR code scanner,open QR code
Display my QR code,show my QR code
Can you pay 250 to John?,pay via contacts
Launch the QR code scanner,open QR code
Can you process a QR code payment?,pay via QR code
Can you process a QR code payment?,pay via QR code
Scan a QR code to pay,pay via QR code
Display my recent transactions,transaction history
Can you transfer 2000 to 5566778899?,bank transfer
Show my transaction history,transaction history
Show my QR code for payment,show my QR code
Can you activate the QR scanner?,open QR code
Fund transfer to self ₹200,pay to self
Self-payment of ₹6000,pay to self
Send 2000 to Alice,pay via contacts
Scan a QR code to pay,pay via QR code
Send ₹3500 from my UPI to my own bank,pay to self
Display my recent transactions,transaction history
Transfer 1000 using emma@paytm,pay via UPI ID
Can you transfer 1000 to 9876543210?,bank transfer
Make a UPI payment of 250 to bob@ybl,pay via UPI ID
Wire 750 to 5566778899,bank transfer
Can you pay 1000 to John?,pay via contacts
I need to see my past transactions,transaction history
Display my recent transactions,transaction history
Make a UPI payment of 500 to bob@ybl,pay via UPI ID
Send 500 to John,pay via contacts
Display my QR code,show my QR code
Make a payment of 1000 to John,pay via contacts
Can you transfer 2000 to 5566778899?,bank transfer
Can you activate the QR scanner?,open QR code
Show my QR code for payment,show my QR code
Can you activate the QR scanner?,open QR code
Pay 500 via emma@paytm,pay via UPI ID
I need to see my past transactions,transaction history
I need my QR code for transactions,show my QR code
Send 2000 to alice@upi,pay via UPI ID
Make a UPI payment of 2000 to emma@paytm,pay via UPI ID
Open the QR code scanner,open QR code
Can you process a QR code payment?,pay via QR code
Can you activate the QR scanner?,open QR code
Scan a QR code to pay,pay via QR code
Can I send ₹2500 to my own account?,pay to self
Transfer 250 using emma@paytm,pay via UPI ID
Transfer 500 using bob@ybl,pay via UPI ID
Pay ₹8000 into my own bank,pay to self
Display my QR code,show my QR code
Can you fetch my payment QR code?,show my QR code
Move some funds to my personal account,pay to self
Move some funds to my personal account,pay to self
I need to see my past transactions,transaction history
Can you process a QR code payment?,pay via QR code
Transfer 250 using alice@upi,pay via UPI ID
Display my QR code,show my QR code
Show my transaction history,transaction history
Can you activate the QR scanner?,open QR code
Make a UPI payment of 1000 to emma@paytm,pay via UPI ID
Show my transaction history,transaction history
Show my transaction history,transaction history
I need to scan a QR code,open QR code
Can you fetch my last payments?,transaction history
Add ₹10000 to my secondary account,pay to self
Display my recent transactions,transaction history
Transfer 1000 to Emma,pay via contacts
Send 1000 to alice@upi,pay via UPI ID
Can you fetch my payment QR code?,show my QR code
Show my transaction history,transaction history
Transfer 750 to Emma,pay via contacts
Can you fetch my last payments?,transaction history
Make a payment using QR,pay via QR code
Can you fetch my payment QR code?,show my QR code
Can you transfer 250 to 1234567890?,bank transfer
Can you activate the QR scanner?,open QR code
Make a payment using QR,pay via QR code
Make a UPI payment of 2000 to bob@ybl,pay via UPI ID
Scan a QR code to pay,pay via QR code
Deposit 2000 into 9876543210,bank transfer
Wire 750 to 9876543210,bank transfer
Open the QR code scanner,open QR code
Pay 500 via emma@paytm,pay via UPI ID
Can you fetch my payment QR code?,show my QR code
Pay 1000 via john@sbi,pay via UPI ID
I need to see my past transactions,transaction history
Make a payment using QR,pay via QR code
Show my transaction history,transaction history
Can you process a QR code payment?,pay via QR code
Transfer 750 to Emma,pay via contacts
Display my recent transactions,transaction history
Deposit ₹900 into my account from UPI,pay to self
Can you process a QR code payment?,pay via QR code
Pay using the scanned QR code,pay via QR code
Self-payment of ₹6000,pay to self
Can you process a QR code payment?,pay via QR code
Pay using the scanned QR code,pay via QR code
Move ₹1000 from checking to savings,pay to self
Pay 1000 via john@sbi,pay via UPI ID
Display my QR code,show my QR code
I need my QR code for transactions,show my QR code
Pay using the scanned QR code,pay via QR code
Can you pay 1000 to John?,pay via contacts
Deposit 500 into 5566778899,bank transfer
Display my QR code,show my QR code
Show my transaction history,transaction history
Pay using the scanned QR code,pay via QR code
Display my QR code,show my QR code
I need my QR code for transactions,show my QR code
Can you pay 250 to Bob?,pay via contacts
Make a payment of 500 to Alice,pay via contacts
Make a UPI payment of 500 to alice@upi,pay via UPI ID
Can I send ₹2500 to my own account?,pay to self
Pay ₹8000 into my own bank,pay to self
Transfer money to my own account,pay to self
Transfer 2000 using emma@paytm,pay via UPI ID
Pay using the scanned QR code,pay via QR code
Can I transfer ₹5000 to myself?,pay to self
Pay ₹8000 into my own bank,pay to self
Move some funds to my personal account,pay to self
Shift ₹4000 to my savings,pay to self
Wire 250 to 5566778899,bank transfer
Self-payment of ₹6000,pay to self
Deposit 500 into 5566778899,bank transfer
Transfer 250 to Emma,pay via contacts
Can you fetch my last payments?,transaction history
Transfer 500 using alice@upi,pay via UPI ID
Can you transfer 750 to 9876543210?,bank transfer
Can I transfer ₹5000 to myself?,pay to self
Display my QR code,show my QR code
Make a payment using QR,pay via QR code
Transfer 250 to Bob,pay via contacts
Show my transaction history,transaction history
Send ₹500 to my savings account,pay to self
Can you transfer 750 to 1122334455?,bank transfer
Can you activate the QR scanner?,open QR code
Transfer 2000 using bob@ybl,pay via UPI ID
Launch the QR code scanner,open QR code
Move ₹5500 within my accounts,pay to self
Can you pay 1000 to Emma?,pay via contacts
Can you pay 750 to John?,pay via contacts
Can I send ₹2500 to my own account?,pay to self
Send 2000 to emma@paytm,pay via UPI ID
Open the QR code scanner,open QR code
Can you process a QR code payment?,pay via QR code
Add ₹10000 to my secondary account,pay to self
Self-payment of ₹6000,pay to self
Can you fetch my last payments?,transaction history
Shift ₹4500 from wallet to bank,pay to self
Open the QR code scanner,open QR code
Pay ₹8000 into my own bank,pay to self
Make a payment of 500 to Emma,pay via contacts
Send 500 to Alice,pay via contacts
Can you fetch my last payments?,transaction history
Can you activate the QR scanner?,open QR code
I need to scan a QR code,open QR code
Launch the QR code scanner,open QR code
Send ₹3500 from my UPI to my own bank,pay to self
Display my QR code,show my QR code
Make a UPI payment of 1000 to alice@upi,pay via UPI ID
Make a payment of 2000 to John,pay via contacts
Can I send ₹2500 to my own account?,pay to self
Can you fetch my last payments?,transaction history
Can you activate the QR scanner?,open QR code
Open the QR code scanner,open QR code
Transfer 1000 to Alice,pay via contacts
I need my QR code for transactions,show my QR code
Bank transfer 500 to 9876543210,bank transfer
Make a payment of 500 to Bob,pay via contacts
Make a payment of 1000 to John,pay via contacts
Make a payment using QR,pay via QR code
Bank transfer 750 to 1122334455,bank transfer
Can you activate the QR scanner?,open QR code
Move ₹1000 from checking to savings,pay to self
Launch the QR code scanner,open QR code
Send 500 to bob@ybl,pay via UPI ID
Make a payment of 500 to Bob,pay via contacts
Can you process a QR code payment?,pay via QR code
Display my recent transactions,transaction history
Add ₹100 to my digital wallet,pay to self
Launch the QR code scanner,open QR code
Pay 500 via emma@paytm,pay via UPI ID
Can I send ₹2500 to my own account?,pay to self
Wire 250 to 5566778899,bank transfer
Bank transfer 500 to 1234567890,bank transfer
Can you activate the QR scanner?,open QR code
Make a payment of 500 to Alice,pay via contacts
Transfer 1000 to Emma,pay via contacts
Deposit 500 into 5566778899,bank transfer
Display my recent transactions,transaction history
Scan a QR code to pay,pay via QR code
Show my transaction history,transaction history
Bank transfer 2000 to 9876543210,bank transfer
Show my QR code for payment,show my QR code
Can you pay 500 to Alice?,pay via contacts
I need to scan a QR code,open QR code
Display my recent transactions,transaction history
Deposit 750 into 1122334455,bank transfer
Show my QR code for payment,show my QR code
Shift ₹4000 to my savings,pay to self
Can you transfer 1000 to 5566778899?,bank transfer
Can you pay 500 to Alice?,pay via contacts
Display my QR code,show my QR code
Deposit 750 into 9876543210,bank transfer
Show my transaction history,transaction history
I need to scan a QR code,open QR code
Can you fetch my payment QR code?,show my QR code
Display my QR code,show my QR code
I need my QR code for transactions,show my QR code
Can you transfer 500 to 5566778899?,bank transfer
Can you process a QR code payment?,pay via QR code
Display my QR code,show my QR code
Can you process a QR code payment?,pay via QR code
Can you fetch my last payments?,transaction history
Send 2000 to Emma,pay via contacts
Send 1000 to John,pay via contacts
Make a payment of 250 to Bob,pay via contacts
Transfer 250 to Bob,pay via contacts
Send ₹500 to my savings account,pay to self
Deposit 250 into 1122334455,bank transfer
Pay 1000 via bob@ybl,pay via UPI ID
Fund transfer to self ₹200,pay to self
I need to scan a QR code,open QR code
Can you fetch my payment QR code?,show my QR code
Pay ₹8000 into my own bank,pay to self
Open the QR code scanner,open QR code
Make a payment of 1000 to Bob,pay via contacts
Show my QR code for payment,show my QR code
I need my QR code for transactions,show my QR code
Bank transfer 1000 to 5566778899,bank transfer
Can you fetch my last payments?,transaction history
I need to see my past transactions,transaction history
Send 2000 to emma@paytm,pay via UPI ID
Send ₹500 to my savings account,pay to self
Transfer 1000 using bob@ybl,pay via UPI ID
Self-payment of ₹6000,pay to self
Display my recent transactions,transaction history
Scan a QR code to pay,pay via QR code
Move ₹1000 from checking to savings,pay to self
Can you pay 250 to John?,pay via contacts
Launch the QR code scanner,open QR code
I need to see my past transactions,transaction history
Self-transfer ₹1500,pay to self
Make a UPI payment of 2000 to alice@upi,pay via UPI ID
Send ₹500 to my savings account,pay to self
Can you fetch my last payments?,transaction history
Shift ₹4000 to my savings,pay to self
Launch the QR code scanner,open QR code
Display my recent transactions,transaction history
Transfer 750 to John,pay via contacts
Can you fetch my payment QR code?,show my QR code
Launch the QR code scanner,open QR code
Pay using the scanned QR code,pay via QR code
Open the QR code scanner,open QR code
Add ₹10000 to my secondary account,pay to self
Can you transfer 750 to 9876543210?,bank transfer
Launch the QR code scanner,open QR code
Scan a QR code to pay,pay via QR code
Launch the QR code scanner,open QR code
Deposit 750 into 1122334455,bank transfer
Deposit 1000 into 1234567890,bank transfer
Can you fetch my last payments?,transaction history
Show my transaction history,transaction history
Bank transfer 250 to 1122334455,bank transfer
Make a UPI payment of 2000 to bob@ybl,pay via UPI ID
Make a payment using QR,pay via QR code
Make a UPI payment of 2000 to emma@paytm,pay via UPI ID
Deposit 2000 into 5566778899,bank transfer
Can you transfer 500 to 1122334455?,bank transfer
Move ₹1000 from checking to savings,pay to self
Make a UPI payment of 750 to bob@ybl,pay via UPI ID
Wire 250 to 9876543210,bank transfer
I need my QR code for transactions,show my QR code
Launch the QR code scanner,open QR code
Can you pay 750 to Emma?,pay via contacts
I need to see my past transactions,transaction history
Open the QR code scanner,open QR code
Make a UPI payment of 750 to john@sbi,pay via UPI ID
I need my QR code for transactions,show my QR code
Show my QR code for payment,show my QR code
Pay using the scanned QR code,pay via QR code
Transfer 2000 to Emma,pay via contacts
Can you pay 750 to Bob?,pay via contacts
Send 250 to Bob,pay via contacts
Can you process a QR code payment?,pay via QR code
Self-payment of ₹6000,pay to self
Scan a QR code to pay,pay via QR code
Show my transaction history,transaction history
Scan a QR code to pay,pay via QR code
Can you process a QR code payment?,pay via QR code
Make a payment using QR,pay via QR code
Can you transfer 500 to 9876543210?,bank transfer
I need to scan a QR code,open QR code
Make a UPI payment of 250 to john@sbi,pay via UPI ID
Transfer 250 using bob@ybl,pay via UPI ID
Open the QR code scanner,open QR code
Transfer 250 to Emma,pay via contacts
Add ₹100 to my digital wallet,pay to self
I need my QR code for transactions,show my QR code
Display my recent transactions,transaction history
Scan a QR code to pay,pay via QR code
Deposit ₹900 into my account from UPI,pay to self
Deposit 250 into 1122334455,bank transfer
I need to scan a QR code,open QR code
Bank transfer 2000 to 1234567890,bank transfer
Can you process a QR code payment?,pay via QR code
Display my recent transactions,transaction history
Can you pay 750 to Alice?,pay via contacts
Wire 500 to 9876543210,bank transfer
Make a payment using QR,pay via QR code
Scan a QR code to pay,pay via QR code
I need my QR code for transactions,show my QR code
Can you process a QR code payment?,pay via QR code
Display my QR code,show my QR code
Wire 500 to 5566778899,bank transfer
Pay 500 via john@sbi,pay via UPI ID
Can you fetch my last payments?,transaction history
Wire 500 to 1122334455,bank transfer
Make a payment using QR,pay via QR code
Can you activate the QR scanner?,open QR code
Deposit ₹900 into my account from UPI,pay to self
Can you pay 500 to Emma?,pay via contacts
Add ₹10000 to my secondary account,pay to self
Transfer 750 using john@sbi,pay via UPI ID
Pay using the scanned QR code,pay via QR code
Make a payment of 750 to Emma,pay via contacts
Transfer 1000 to Alice,pay via contacts
Display my recent transactions,transaction history
I need my QR code for transactions,show my QR code
Pay using the scanned QR code,pay via QR code
Display my recent transactions,transaction history
Make a UPI payment of 250 to emma@paytm,pay via UPI ID
Move some funds to my personal account,pay to self
Can you fetch my last payments?,transaction history
Show my QR code for payment,show my QR code
Make a payment using QR,pay via QR code
Make a payment using QR,pay via QR code
Show my transaction history,transaction history
Send 500 to Bob,pay via contacts
Pay 500 via emma@paytm,pay via UPI ID
I need to see my past transactions,transaction history
Wire 1000 to 9876543210,bank transfer
Make a UPI payment of 750 to bob@ybl,pay via UPI ID
Can you fetch my last payments?,transaction history
Send ₹3500 from my UPI to my own bank,pay to self
Pay using the scanned QR code,pay via QR code
Can you process a QR code payment?,pay via QR code
Show my transaction history,transaction history
Move ₹1000 from checking to savings,pay to self
Can you transfer 250 to 9876543210?,bank transfer
Deposit 500 into 5566778899,bank transfer
Transfer 2000 to Alice,pay via contacts
Open the QR code scanner,open QR code
Make a payment using QR,pay via QR code
Make a payment using QR,pay via QR code
Pay 2000 via alice@upi,pay via UPI ID
Make a payment of 250 to John,pay via contacts
Transfer 2000 to Bob,pay via contacts
I need to see my past transactions,transaction history
Pay 750 via alice@upi,pay via UPI ID
Launch the QR code scanner,open QR code
Send 750 to Alice,pay via contacts
Pay ₹8000 into my own bank,pay to self
Shift ₹4500 from wallet to bank,pay to self
Make a payment using QR,pay via QR code
Can you fetch my last payments?,transaction history
I need to see my past transactions,transaction history
Display my recent transactions,transaction history
Pay 750 via john@sbi,pay via UPI ID
Deposit 1000 into 1122334455,bank transfer
Send 2000 to bob@ybl,pay via UPI ID
Make a UPI payment of 2000 to alice@upi,pay via UPI ID
Scan a QR code to pay,pay via QR code
Make a payment of 750 to Bob,pay via contacts
Send 250 to John,pay via contacts
I need to scan a QR code,open QR code
Display my QR code,show my QR code
Self-payment of ₹6000,pay to self
Pay using the scanned QR code,pay via QR code
Display my QR code,show my QR code
I need to scan a QR code,open QR code
I need my QR code for transactions,show my QR code
Make a payment using QR,pay via QR code
Open the QR code scanner,open QR code
Deposit 500 into 5566778899,bank transfer
Launch the QR code scanner,open QR code
Display my QR code,show my QR code
Can you fetch my last payments?,transaction history
Move ₹5500 within my accounts,pay to self
Show my QR code for payment,show my QR code
Can you pay 1000 to Alice?,pay via contacts
Deposit 2000 into 9876543210,bank transfer
Deposit 250 into 1122334455,bank transfer
Make a payment using QR,pay via QR code
Show my QR code for payment,show my QR code
Display my QR code,show my QR code
Display my recent transactions,transaction history
Scan a QR code to pay,pay via QR code
Pay using the scanned QR code,pay via QR code
Transfer 500 using john@sbi,pay via UPI ID
Bank transfer 500 to 1122334455,bank transfer
Can you fetch my payment QR code?,show my QR code
I need to see my past transactions,transaction history
Can you transfer 2000 to 9876543210?,bank transfer
Move ₹1000 from checking to savings,pay to self
Transfer 750 using bob@ybl,pay via UPI ID
Can you activate the QR scanner?,open QR code
Self-payment of ₹6000,pay to self
Make a payment using QR,pay via QR code
Make a payment using QR,pay via QR code
Display my recent transactions,transaction history
I need to scan a QR code,open QR code
Can I transfer ₹5000 to myself?,pay to self
Can you fetch my payment QR code?,show my QR code
Make a payment using QR,pay via QR code
Pay using the scanned QR code,pay via QR code
I need my QR code for transactions,show my QR code
Show my QR code for payment,show my QR code
Self-transfer ₹1500,pay to self
Show my transaction history,transaction history
I want to pay myself ₹3000,pay to self
Make a payment using QR,pay via QR code
Make a payment of 500 to Alice,pay via contacts
I need to see my past transactions,transaction history
Make a UPI payment of 250 to bob@ybl,pay via UPI ID
Send 750 to Emma,pay via contacts
Launch the QR code scanner,open QR code
Display my recent transactions,transaction history
Can you process a QR code payment?,pay via QR code
Pay 1000 via emma@paytm,pay via UPI ID
Scan a QR code to pay,pay via QR code
Scan a QR code to pay,pay via QR code
Display my recent transactions,transaction history
Can you process a QR code payment?,pay via QR code
Make a UPI payment of 1000 to bob@ybl,pay via UPI ID
Display my QR code,show my QR code
Make a payment of 250 to Bob,pay via contacts
Can you process a QR code payment?,pay via QR code
Can you activate the QR scanner?,open QR code
Pay 1000 via john@sbi,pay via UPI ID
I need to see my past transactions,transaction history
Display my QR code,show my QR code
Transfer 750 using john@sbi,pay via UPI ID
Pay 2000 via john@sbi,pay via UPI ID
Open the QR code scanner,open QR code
I need to scan a QR code,open QR code
Send ₹500 to my savings account,pay to self
Display my recent transactions,transaction history
Can you fetch my payment QR code?,show my QR code
Make a payment of 500 to Alice,pay via contacts
Pay using the scanned QR code,pay via QR code
Pay 750 via john@sbi,pay via UPI ID
Wire 500 to 1234567890,bank transfer
Transfer 250 to Alice,pay via contacts
I need to scan a QR code,open QR code
I need to see my past transactions,transaction history
I need to scan a QR code,open QR code
Display my recent transactions,transaction history
Display my QR code,show my QR code
Pay 250 via bob@ybl,pay via UPI ID
Can you transfer 500 to 9876543210?,bank transfer
Pay using the scanned QR code,pay via QR code
Transfer 500 to Bob,pay via contacts
Transfer 1000 using john@sbi,pay via UPI ID
Pay using the scanned QR code,pay via QR code
Scan a QR code to pay,pay via QR code
Make a payment of 250 to Emma,pay via contacts
Deposit ₹2000 into my bank account,pay to self
Pay using the scanned QR code,pay via QR code
Open the QR code scanner,open QR code
Can you process a QR code payment?,pay via QR code
Send 500 to alice@upi,pay via UPI ID
I need my QR code for transactions,show my QR code
Bank transfer 250 to 5566778899,bank transfer
Launch the QR code scanner,open QR code
Send ₹500 to my savings account,pay to self
Deposit 1000 into 5566778899,bank transfer
Send 250 to John,pay via contacts
I need my QR code for transactions,show my QR code
Can you activate the QR scanner?,open QR code
Display my recent transactions,transaction history
Transfer 1000 using bob@ybl,pay via UPI ID
Open the QR code scanner,open QR code
Make a payment using QR,pay via QR code
Make a payment using QR,pay via QR code
I need my QR code for transactions,show my QR code
Pay 750 via alice@upi,pay via UPI ID
Display my QR code,show my QR code
I need to scan a QR code,open QR code
Transfer 2000 using alice@upi,pay via UPI ID
Deposit ₹2000 into my bank account,pay to self
I need to see my past transactions,transaction history
I need to scan a QR code,open QR code
Pay using the scanned QR code,pay via QR code
Send 250 to Alice,pay via contacts
I need to see my past transactions,transaction history
Transfer 1000 using john@sbi,pay via UPI ID
Show my QR code for payment,show my QR code
Display my recent transactions,transaction history
Show my QR code for payment,show my QR code
Make a payment using QR,pay via QR code
Wire 1000 to 9876543210,bank transfer
Send 250 to Bob,pay via contacts
Display my recent transactions,transaction history
Self-payment of ₹6000,pay to self
Pay 2000 via emma@paytm,pay via UPI ID
Pay 500 via alice@upi,pay via UPI ID
Can you fetch my payment QR code?,show my QR code
Launch the QR code scanner,open QR code
Can you pay 250 to John?,pay via contacts
Shift ₹4500 from wallet to bank,pay to self
Wire 2000 to 1234567890,bank transfer
Transfer 250 to Emma,pay via contacts
Shift ₹4500 from wallet to bank,pay to self
Transfer 750 to Emma,pay via contacts
Display my recent transactions,transaction history
Can you pay 250 to Bob?,pay via contacts
Move ₹1000 from checking to savings,pay to self
Send 2000 to Alice,pay via contacts
Wire 250 to 9876543210,bank transfer
Can you fetch my payment QR code?,show my QR code
Can you fetch my payment QR code?,show my QR code
Scan a QR code to pay,pay via QR code
Can you pay 1000 to Emma?,pay via contacts
Open the QR code scanner,open QR code
Show my transaction history,transaction history
I need to scan a QR code,open QR code
Can you pay 750 to John?,pay via contacts
Deposit 2000 into 5566778899,bank transfer
I need to scan a QR code,open QR code
Scan a QR code to pay,pay via QR code
Can you activate the QR scanner?,open QR code
Can you transfer 1000 to 1122334455?,bank transfer
Pay using the scanned QR code,pay via QR code
Can you process a QR code payment?,pay via QR code
Open the QR code scanner,open QR code
Pay 250 via john@sbi,pay via UPI ID
Transfer 1000 using bob@ybl,pay via UPI ID
Can you pay 2000 to John?,pay via contacts
Can you transfer 2000 to 1234567890?,bank transfer
Make a payment of 1000 to Emma,pay via contacts
Can you activate the QR scanner?,open QR code
Make a payment using QR,pay via QR code
Show my QR code for payment,show my QR code
Move ₹5500 within my accounts,pay to self
I need to move ₹700 to another account of mine,pay to self
Can you transfer 2000 to 1122334455?,bank transfer
Display my QR code,show my QR code
Can you transfer 250 to 5566778899?,bank transfer
Send 500 to Bob,pay via contacts
Can you pay 750 to Alice?,pay via contacts
Can I transfer ₹5000 to myself?,pay to self
Can you transfer 2000 to 1122334455?,bank transfer
Make a payment using QR,pay via QR code
Wire 750 to 9876543210,bank transfer
Can you pay 1000 to Bob?,pay via contacts
Deposit 250 into 1122334455,bank transfer
Make a payment using QR,pay via QR code
Display my QR code,show my QR code
Self-payment of ₹6000,pay to self
Pay using the scanned QR code,pay via QR code
Open the QR code scanner,open QR code
I need to see my past transactions,transaction history
Send 750 to Emma,pay via contacts
Pay using the scanned QR code,pay via QR code
Can you transfer 1000 to 1234567890?,bank transfer
Move some funds to my personal account,pay to self
Make a payment of 2000 to Emma,pay via contacts
Display my recent transactions,transaction history
Show my transaction history,transaction history
Send 500 to john@sbi,pay via UPI ID
Scan a QR code to pay,pay via QR code
I need to scan a QR code,open QR code
Can you pay 2000 to Emma?,pay via contacts
Can you process a QR code payment?,pay via QR code
Display my QR code,show my QR code
Can I send ₹2500 to my own account?,pay to self
Bank transfer 750 to 1234567890,bank transfer
Launch the QR code scanner,open QR code
Deposit ₹2000 into my bank account,pay to self
Pay 2000 via john@sbi,pay via UPI ID
Bank transfer 750 to 5566778899,bank transfer
Can you fetch my payment QR code?,show my QR code
Make a payment of 1000 to Alice,pay via contacts
Bank transfer 1000 to 1122334455,bank transfer
Open the QR code scanner,open QR code
Can you fetch my last payments?,transaction history
Display my QR code,show my QR code
Shift ₹4500 from wallet to bank,pay to self
I need my QR code for transactions,show my QR code
Self-transfer ₹1500,pay to self
Can you fetch my payment QR code?,show my QR code
Send ₹500 to my savings account,pay to self
I need my QR code for transactions,show my QR code
Can you transfer 2000 to 5566778899?,bank transfer
Can you activate the QR scanner?,open QR code
Send 750 to alice@upi,pay via UPI ID
I need to see my past transactions,transaction history
Display my recent transactions,transaction history
Deposit 750 into 5566778899,bank transfer
Can you process a QR code payment?,pay via QR code
Send ₹3500 from my UPI to my own bank,pay to self
Send 750 to john@sbi,pay via UPI ID
Transfer 1000 to Alice,pay via contacts
Pay 1000 via alice@upi,pay via UPI ID
Show my QR code for payment,show my QR code
Wire 500 to 1122334455,bank transfer
I need to see my past transactions,transaction history
Can you fetch my last payments?,transaction history
Can you fetch my last payments?,transaction history
Send 2000 to emma@paytm,pay via UPI ID
Show my QR code for payment,show my QR code
Make a UPI payment of 250 to alice@upi,pay via UPI ID
Launch the QR code scanner,open QR code
Make a payment of 750 to Emma,pay via contacts
Display my recent transactions,transaction history
Scan a QR code to pay,pay via QR code
Transfer 1000 to Bob,pay via contacts
Bank transfer 1000 to 9876543210,bank transfer
Make a UPI payment of 750 to john@sbi,pay via UPI ID
Transfer 1000 to Emma,pay via contacts
Can you fetch my payment QR code?,show my QR code
Transfer 500 to Alice,pay via contacts
Bank transfer 500 to 1122334455,bank transfer
Send 2000 to John,pay via contacts
Wire 1000 to 1234567890,bank transfer
Open the QR code scanner,open QR code
I need my QR code for transactions,show my QR code
Can you fetch my last payments?,transaction history
Launch the QR code scanner,open QR code
Can you pay 500 to Alice?,pay via contacts
Pay 1000 via emma@paytm,pay via UPI ID
Scan a QR code to pay,pay via QR code
Can you fetch my payment QR code?,show my QR code
Transfer 1000 using emma@paytm,pay via UPI ID
Can you fetch my last payments?,transaction history
Scan a QR code to pay,pay via QR code
Pay ₹8000 into my own bank,pay to self
Can you process a QR code payment?,pay via QR code
Make a UPI payment of 500 to alice@upi,pay via UPI ID
Scan a QR code to pay,pay via QR code
Launch the QR code scanner,open QR code
Send 1000 to alice@upi,pay via UPI ID
Scan a QR code to pay,pay via QR code
Can you fetch my last payments?,transaction history
Fund transfer to self ₹200,pay to self
Show my transaction history,transaction history
Make a payment of 250 to Bob,pay via contacts
Show my QR code for payment,show my QR code
Make a UPI payment of 2000 to alice@upi,pay via UPI ID
Make a payment using QR,pay via QR code
Can you fetch my last payments?,transaction history
Display my QR code,show my QR code
Wire 750 to 1234567890,bank transfer
Pay using the scanned QR code,pay via QR code
Can you fetch my last payments?,transaction history
Wire 500 to 9876543210,bank transfer
Show my transaction history,transaction history
Show my QR code for payment,show my QR code
I need to see my past transactions,transaction history
Wire 250 to 1122334455,bank transfer
Deposit ₹2000 into my bank account,pay to self
Can you fetch my last payments?,transaction history
Transfer 500 using bob@ybl,pay via UPI ID
I need my QR code for transactions,show my QR code
Launch the QR code scanner,open QR code
Can you activate the QR scanner?,open QR code
I need my QR code for transactions,show my QR code
Open the QR code scanner,open QR code
Wire 250 to 9876543210,bank transfer
I want to pay myself ₹3000,pay to self
Send 1000 to alice@upi,pay via UPI ID
I need to scan a QR code,open QR code
Send 750 to john@sbi,pay via UPI ID
Show my transaction history,transaction history
Open the QR code scanner,open QR code
Can you fetch my last payments?,transaction history
Bank transfer 500 to 1234567890,bank transfer
Fund transfer to self ₹200,pay to self
Make a payment of 2000 to Bob,pay via contacts
Can you fetch my last payments?,transaction history
Move ₹1000 from checking to savings,pay to self
Display my QR code,show my QR code
Bank transfer 2000 to 1234567890,bank transfer
Can you activate the QR scanner?,open QR code
Can you pay 2000 to Alice?,pay via contacts
Pay using the scanned QR code,pay via QR code
Display my QR code,show my QR code
Transfer 500 to John,pay via contacts
Fund transfer to self ₹200,pay to self
Transfer 2000 to John,pay via contacts
Launch the QR code scanner,open QR code
Send 250 to Bob,pay via contacts
Can you pay 250 to Bob?,pay via contacts
Show my QR code for payment,show my QR code
Pay 750 via bob@ybl,pay via UPI ID
Move ₹1000 from checking to savings,pay to self
Can you pay 500 to Bob?,pay via contacts
Can you pay 1000 to John?,pay via contacts
Show my QR code for payment,show my QR code
Can you activate the QR scanner?,open QR code
Show my QR code for payment,show my QR code
Transfer 500 to Emma,pay via contacts
Send 750 to Bob,pay via contacts
Can I transfer ₹5000 to myself?,pay to self
Transfer 500 to John,pay via contacts
Can you pay 750 to Alice?,pay via contacts
Send 250 to Alice,pay via contacts
Deposit 250 into 1122334455,bank transfer
Transfer 500 to Alice,pay via contacts
Transfer 1000 to Bob,pay via contacts
Can you activate the QR scanner?,open QR code
Send ₹3500 from my UPI to my own bank,pay to self
Wire 500 to 9876543210,bank transfer
Display my QR code,show my QR code
Can I transfer ₹5000 to myself?,pay to self
Can you pay 1000 to Emma?,pay via contacts
Can you pay 250 to Bob?,pay via contacts
Make a payment using QR,pay via QR code
Can you fetch my last payments?,transaction history
Send 2000 to Emma,pay via contacts
Pay using the scanned QR code,pay via QR code
Transfer 250 using bob@ybl,pay via UPI ID
Show my transaction history,transaction history
Transfer 1000 to Emma,pay via contacts
Can you activate the QR scanner?,open QR code
Make a payment using QR,pay via QR code
I need to move ₹700 to another account of mine,pay to self
Pay ₹8000 into my own bank,pay to self
Display my recent transactions,transaction history
Send ₹3500 from my UPI to my own bank,pay to self
Can you fetch my payment QR code?,show my QR code
Send 2000 to Alice,pay via contacts
Can you activate the QR scanner?,open QR code
Send 750 to alice@upi,pay via UPI ID
Transfer 2000 to Emma,pay via contacts
Deposit 2000 into 1234567890,bank transfer
Can you activate the QR scanner?,open QR code
Display my recent transactions,transaction history
I want to pay myself ₹3000,pay to self
Wire 2000 to 9876543210,bank transfer
Show my transaction history,transaction history
Pay 250 via emma@paytm,pay via UPI ID
Can you transfer 750 to 1122334455?,bank transfer
Scan a QR code to pay,pay via QR code
I need my QR code for transactions,show my QR code
Move some funds to my personal account,pay to self
Scan a QR code to pay,pay via QR code
Pay 1000 via john@sbi,pay via UPI ID
Shift ₹4500 from wallet to bank,pay to self
Launch the QR code scanner,open QR code
Pay 1000 via alice@upi,pay via UPI ID
Can you transfer 750 to 1122334455?,bank transfer
Can you process a QR code payment?,pay via QR code
Can you activate the QR scanner?,open QR code
Can you activate the QR scanner?,open QR code
Deposit 1000 into 5566778899,bank transfer
Pay ₹8000 into my own bank,pay to self
Can you fetch my payment QR code?,show my QR code
Move some funds to my personal account,pay to self
Transfer 250 to Alice,pay via contacts
Make a UPI payment of 1000 to bob@ybl,pay via UPI ID
Can you fetch my payment QR code?,show my QR code
Open the QR code scanner,open QR code
Show my QR code for payment,show my QR code
Can you pay 750 to Bob?,pay via contacts
Can you transfer 1000 to 5566778899?,bank transfer
Self-payment of ₹6000,pay to self
Transfer 250 using john@sbi,pay via UPI ID
Can you transfer 1000 to 9876543210?,bank transfer
Move ₹1000 from checking to savings,pay to self
Can you fetch my payment QR code?,show my QR code
Pay using the scanned QR code,pay via QR code
Make a payment of 750 to Bob,pay via contacts
Launch the QR code scanner,open QR code
Can you transfer 2000 to 9876543210?,bank transfer
Launch the QR code scanner,open QR code
Can you transfer 250 to 1122334455?,bank transfer
Can you fetch my payment QR code?,show my QR code
Add ₹10000 to my secondary account,pay to self
Deposit 2000 into 1122334455,bank transfer
Display my recent transactions,transaction history
Can you transfer 1000 to 1234567890?,bank transfer
Bank transfer 1000 to 9876543210,bank transfer
Send 500 to John,pay via contacts
Shift ₹4500 from wallet to bank,pay to self
Can you fetch my payment QR code?,show my QR code
Wire 750 to 5566778899,bank transfer
Move ₹5500 within my accounts,pay to self
Show my QR code for payment,show my QR code
Scan a QR code to pay,pay via QR code
Scan a QR code to pay,pay via QR code
Send 1000 to Alice,pay via contacts
Deposit 500 into 1234567890,bank transfer
Move ₹5500 within my accounts,pay to self
Display my recent transactions,transaction history
Deposit 750 into 5566778899,bank transfer
Send 250 to Emma,pay via contacts
Make a payment of 2000 to Emma,pay via contacts
Can you pay 250 to Alice?,pay via contacts
Show my transaction history,transaction history
Transfer 2000 to John,pay via contacts
Can you transfer 750 to 1234567890?,bank transfer
Wire 2000 to 1234567890,bank transfer
Send 1000 to Bob,pay via contacts
Send 500 to Bob,pay via contacts
Deposit ₹2000 into my bank account,pay to self
Transfer 1000 using john@sbi,pay via UPI ID
Show my QR code for payment,show my QR code
Bank transfer 250 to 9876543210,bank transfer
Send 500 to Alice,pay via contacts
Transfer 500 to Bob,pay via contacts
Can you fetch my payment QR code?,show my QR code
Can you process a QR code payment?,pay via QR code
Fund transfer to self ₹200,pay to self
Bank transfer 1000 to 1234567890,bank transfer
Send 2000 to Emma,pay via contacts
Can I send ₹2500 to my own account?,pay to self
Make a payment using QR,pay via QR code
Show my transaction history,transaction history
Show my transaction history,transaction history
Add ₹10000 to my secondary account,pay to self
Wire 750 to 1234567890,bank transfer
Can you fetch my last payments?,transaction history
Can you fetch my payment QR code?,show my QR code
Display my recent transactions,transaction history
Bank transfer 1000 to 9876543210,bank transfer
Bank transfer 500 to 9876543210,bank transfer
Scan a QR code to pay,pay via QR code
Display my QR code,show my QR code
Add ₹100 to my digital wallet,pay to self
Display my QR code,show my QR code
I need to see my past transactions,transaction history
Display my QR code,show my QR code
Make a payment of 1000 to Alice,pay via contacts
Show my transaction history,transaction history
Can you fetch my payment QR code?,show my QR code
Transfer 2000 using john@sbi,pay via UPI ID
Show my QR code for payment,show my QR code
Show my QR code for payment,show my QR code
Can you fetch my last payments?,transaction history
I need to see my past transactions,transaction history
Transfer 1000 using john@sbi,pay via UPI ID
Launch the QR code scanner,open QR code
Display my recent transactions,transaction history
Pay using the scanned QR code,pay via QR code
Display my QR code,show my QR code
Make a UPI payment of 750 to emma@paytm,pay via UPI ID
Make a UPI payment of 500 to john@sbi,pay via UPI ID
Open the QR code scanner,open QR code
Add ₹100 to my digital wallet,pay to self
Can you fetch my payment QR code?,show my QR code
Deposit 250 into 5566778899,bank transfer
Show my transaction history,transaction history
Send ₹3500 from my UPI to my own bank,pay to self
Can I send ₹2500 to my own account?,pay to self
Transfer 1000 to Bob,pay via contacts
Transfer 1000 to John,pay via contacts
Can you fetch my payment QR code?,show my QR code
Self-payment of ₹6000,pay to self
Open the QR code scanner,open QR code
Send 750 to John,pay via contacts
Make a UPI payment of 500 to bob@ybl,pay via UPI ID
Make a payment using QR,pay via QR code
Can you activate the QR scanner?,open QR code
Move ₹1000 from checking to savings,pay to self
Make a payment of 250 to Emma,pay via contacts
Can you pay 500 to Bob?,pay via contacts
Pay using the scanned QR code,pay via QR code
Display my recent transactions,transaction history
Pay 1000 via alice@upi,pay via UPI ID
Wire 2000 to 5566778899,bank transfer
Can you fetch my payment QR code?,show my QR code
Pay 1000 via bob@ybl,pay via UPI ID
I need my QR code for transactions,show my QR code
Make a payment using QR,pay via QR code
Make a UPI payment of 250 to john@sbi,pay via UPI ID
Open the QR code scanner,open QR code
Add ₹10000 to my secondary account,pay to self
I need my QR code for transactions,show my QR code
Open the QR code scanner,open QR code
Deposit 2000 into 1234567890,bank transfer
Make a payment of 750 to Bob,pay via contacts
Wire 1000 to 1122334455,bank transfer
Pay using the scanned QR code,pay via QR code
Open the QR code scanner,open QR code
Transfer 500 to John,pay via contacts
Scan a QR code to pay,pay via QR code
Shift ₹4500 from wallet to bank,pay to self
Shift ₹4500 from wallet to bank,pay to self
Pay using the scanned QR code,pay via QR code
Show my transaction history,transaction history
Open the QR code scanner,open QR code
I need to scan a QR code,open QR code
Add ₹100 to my digital wallet,pay to self
Can you fetch my payment QR code?,show my QR code
Bank transfer 2000 to 1234567890,bank transfer
Display my QR code,show my QR code
Pay ₹8000 into my own bank,pay to self
Transfer 500 using alice@upi,pay via UPI ID
Can you fetch my last payments?,transaction history
Pay ₹8000 into my own bank,pay to self
Pay using the scanned QR code,pay via QR code
Send 2000 to John,pay via contacts
Can you pay 750 to Emma?,pay via contacts
Can you pay 750 to John?,pay via contacts
Pay 1000 via bob@ybl,pay via UPI ID
Send 500 to john@sbi,pay via UPI ID
Display my QR code,show my QR code
Scan a QR code to pay,pay via QR code
Pay 750 via john@sbi,pay via UPI ID
I need to scan a QR code,open QR code
Make a payment of 1000 to Bob,pay via contacts
Pay 750 via bob@ybl,pay via UPI ID
Can you process a QR code payment?,pay via QR code
Make a UPI payment of 250 to emma@paytm,pay via UPI ID
Can you activate the QR scanner?,open QR code
I need to see my past transactions,transaction history
Transfer 750 using emma@paytm,pay via UPI ID
Can you fetch my payment QR code?,show my QR code
Make a UPI payment of 500 to john@sbi,pay via UPI ID
Send ₹500 to my savings account,pay to self
Pay 1000 via bob@ybl,pay via UPI ID
Bank transfer 2000 to 1122334455,bank transfer
Display my recent transactions,transaction history
Transfer 2000 using emma@paytm,pay via UPI ID
Move ₹5500 within my accounts,pay to self
Send 500 to bob@ybl,pay via UPI ID
Send 500 to Bob,pay via contacts
Can you transfer 2000 to 1234567890?,bank transfer
Can you transfer 2000 to 1234567890?,bank transfer
Show my transaction history,transaction history
Make a UPI payment of 750 to emma@paytm,pay via UPI ID
I want to pay myself ₹3000,pay to self
Can you fetch my last payments?,transaction history
Fund transfer to self ₹200,pay to self
Launch the QR code scanner,open QR code
Open the QR code scanner,open QR code
Show my QR code for payment,show my QR code
Make a payment using QR,pay via QR code
Can I transfer ₹5000 to myself?,pay to self
Pay 1000 via john@sbi,pay via UPI ID
I need to see my past transactions,transaction history
Transfer 2000 to Emma,pay via contacts
Pay 1000 via john@sbi,pay via UPI ID
Can you fetch my last payments?,transaction history
Can you fetch my payment QR code?,show my QR code
Make a UPI payment of 500 to emma@paytm,pay via UPI ID
Make a payment of 2000 to John,pay via contacts
Fund transfer to self ₹200,pay to self
Open the QR code scanner,open QR code
Shift ₹4500 from wallet to bank,pay to self
Scan a QR code to pay,pay via QR code
Make a UPI payment of 250 to emma@paytm,pay via UPI ID
Self-transfer ₹1500,pay to self
Can you pay 2000 to Alice?,pay via contacts
Self-payment of ₹6000,pay to self
Show my transaction history,transaction history
Deposit 250 into 9876543210,bank transfer
Pay ₹8000 into my own bank,pay to self
Send 2000 to john@sbi,pay via UPI ID
Open the QR code scanner,open QR code
Can you fetch my last payments?,transaction history
Open the QR code scanner,open QR code
Can you fetch my last payments?,transaction history
Pay using the scanned QR code,pay via QR code
Display my QR code,show my QR code
Make a UPI payment of 2000 to emma@paytm,pay via UPI ID
Make a payment of 1000 to Alice,pay via contacts
Display my QR code,show my QR code
Wire 250 to 1234567890,bank transfer
Display my QR code,show my QR code
Bank transfer 750 to 5566778899,bank transfer
Fund transfer to self ₹200,pay to self
Make a payment of 750 to John,pay via contacts
Can you pay 250 to Emma?,pay via contacts
Make a payment of 250 to Emma,pay via contacts
Can you fetch my payment QR code?,show my QR code
Can you transfer 750 to 1122334455?,bank transfer
Bank transfer 1000 to 1122334455,bank transfer
Transfer 250 to Emma,pay via contacts
Can you process a QR code payment?,pay via QR code
Can you transfer 1000 to 1234567890?,bank transfer
Transfer 500 using john@sbi,pay via UPI ID
Transfer 250 to John,pay via contacts
Can you fetch my last payments?,transaction history
Pay ₹8000 into my own bank,pay to self
Send 500 to emma@paytm,pay via UPI ID
Pay 500 via john@sbi,pay via UPI ID
Pay 250 via john@sbi,pay via UPI ID
Can you fetch my last payments?,transaction history
I need to see my past transactions,transaction history
Deposit 750 into 1122334455,bank transfer
Deposit 1000 into 5566778899,bank transfer
Launch the QR code scanner,open QR code
Launch the QR code scanner,open QR code
Can you transfer 500 to 1234567890?,bank transfer
Can you transfer 1000 to 1122334455?,bank transfer
Move some funds to my personal account,pay to self
Add ₹100 to my digital wallet,pay to self
Can you fetch my last payments?,transaction history
Send 250 to emma@paytm,pay via UPI ID
Can you fetch my payment QR code?,show my QR code
Launch the QR code scanner,open QR code
I need to scan a QR code,open QR code
Make a payment using QR,pay via QR code
Wire 1000 to 1122334455,bank transfer
Deposit 1000 into 1122334455,bank transfer
Make a UPI payment of 2000 to emma@paytm,pay via UPI ID
Deposit 500 into 5566778899,bank transfer
I need to scan a QR code,open QR code
Show my QR code for payment,show my QR code
Make a payment of 2000 to Bob,pay via contacts
Make a payment of 250 to Alice,pay via contacts
Bank transfer 500 to 1122334455,bank transfer
Open the QR code scanner,open QR code
I need my QR code for transactions,show my QR code
Scan a QR code to pay,pay via QR code
Wire 1000 to 9876543210,bank transfer
Add ₹10000 to my secondary account,pay to self
Pay 1000 via bob@ybl,pay via UPI ID
Send 500 to bob@ybl,pay via UPI ID
Show my transaction history,transaction history
Make a payment using QR,pay via QR code
I want to pay myself ₹3000,pay to self
Move ₹5500 within my accounts,pay to self
Make a UPI payment of 500 to bob@ybl,pay via UPI ID
Pay using the scanned QR code,pay via QR code
I need to scan a QR code,open QR code
Can you process a QR code payment?,pay via QR code
Show my transaction history,transaction history
Scan a QR code to pay,pay via QR code
Can you fetch my last payments?,transaction history
Transfer money to my own account,pay to self
I want to pay myself ₹3000,pay to self
Pay 750 via alice@upi,pay via UPI ID
Transfer 1000 to John,pay via contacts
Send 2000 to bob@ybl,pay via UPI ID
Deposit ₹2000 into my bank account,pay to self
Open the QR code scanner,open QR code
Open the QR code scanner,open QR code
Display my QR code,show my QR code
Wire 250 to 1234567890,bank transfer
Can you process a QR code payment?,pay via QR code
Show my transaction history,transaction history
Can you activate the QR scanner?,open QR code
Deposit 2000 into 1234567890,bank transfer
Make a UPI payment of 500 to alice@upi,pay via UPI ID
Show my transaction history,transaction history
Can you activate the QR scanner?,open QR code
Can you pay 750 to Emma?,pay via contacts
Make a payment of 500 to Emma,pay via contacts
Add ₹10000 to my secondary account,pay to self
Make a payment using QR,pay via QR code
Transfer 2000 to Bob,pay via contacts
Can you fetch my last payments?,transaction history
Display my QR code,show my QR code
Bank transfer 1000 to 1234567890,bank transfer
Can you pay 750 to Bob?,pay via contacts
Launch the QR code scanner,open QR code
Display my QR code,show my QR code
Open the QR code scanner,open QR code
Make a UPI payment of 500 to emma@paytm,pay via UPI ID
Can you fetch my payment QR code?,show my QR code
Send 2000 to emma@paytm,pay via UPI ID
Wire 500 to 1234567890,bank transfer
Pay using the scanned QR code,pay via QR code
Show my transaction history,transaction history
Show my QR code for payment,show my QR code
Can you transfer 250 to 9876543210?,bank transfer
Move ₹5500 within my accounts,pay to self
Can you process a QR code payment?,pay via QR code
Can I send ₹2500 to my own account?,pay to self
Send ₹3500 from my UPI to my own bank,pay to self
Display my QR code,show my QR code
Launch the QR code scanner,open QR code
Wire 2000 to 1122334455,bank transfer
Show my QR code for payment,show my QR code
Pay using the scanned QR code,pay via QR code
Pay using the scanned QR code,pay via QR code
Pay ₹8000 into my own bank,pay to self
Transfer 2000 to John,pay via contacts
Display my recent transactions,transaction history
Can you pay 750 to Bob?,pay via contacts
Display my recent transactions,transaction history
Can you transfer 500 to 5566778899?,bank transfer
Launch the QR code scanner,open QR code
Display my QR code,show my QR code
Deposit ₹900 into my account from UPI,pay to self
Can you transfer 2000 to 1234567890?,bank transfer
Display my recent transactions,transaction history
Launch the QR code scanner,open QR code
Move some funds to my personal account,pay to self
I need my QR code for transactions,show my QR code
I need to see my past transactions,transaction history
Can you transfer 500 to 5566778899?,bank transfer
Launch the QR code scanner,open QR code
I need to see my past transactions,transaction history
I need to scan a QR code,open QR code
Can you transfer 250 to 1234567890?,bank transfer
Transfer 500 using bob@ybl,pay via UPI ID
Pay using the scanned QR code,pay via QR code
Wire 2000 to 5566778899,bank transfer
I need to scan a QR code,open QR code
Transfer 750 to Alice,pay via contacts
I need to see my past transactions,transaction history
Scan a QR code to pay,pay via QR code
Can you process a QR code payment?,pay via QR code
Display my recent transactions,transaction history
Transfer 2000 using bob@ybl,pay via UPI ID
Can you transfer 250 to 9876543210?,bank transfer
Open the QR code scanner,open QR code
Can you pay 1000 to John?,pay via contacts
Send 750 to john@sbi,pay via UPI ID
Open the QR code scanner,open QR code
Can you fetch my payment QR code?,show my QR code
Send 250 to bob@ybl,pay via UPI ID
Make a UPI payment of 750 to alice@upi,pay via UPI ID
Display my recent transactions,transaction history
Send 250 to Emma,pay via contacts
Send 250 to Emma,pay via contacts
Add ₹10000 to my secondary account,pay to self
Make a payment of 250 to Alice,pay via contacts
Can you fetch my payment QR code?,show my QR code
Show my QR code for payment,show my QR code
Can you process a QR code payment?,pay via QR code
Show my QR code for payment,show my QR code
Open the QR code scanner,open QR code
Can you transfer 250 to 1234567890?,bank transfer
Display my recent transactions,transaction history
Launch the QR code scanner,open QR code
Wire 500 to 1122334455,bank transfer
I need my QR code for transactions,show my QR code
Send 250 to Bob,pay via contacts
Show my transaction history,transaction history
Shift ₹4000 to my savings,pay to self
Display my recent transactions,transaction history
I need to scan a QR code,open QR code
Wire 500 to 9876543210,bank transfer
Display my QR code,show my QR code
Transfer 2000 using john@sbi,pay via UPI ID
Can you process a QR code payment?,pay via QR code
Wire 250 to 9876543210,bank transfer
Send 500 to alice@upi,pay via UPI ID
Shift ₹4000 to my savings,pay to self
Transfer 250 using alice@upi,pay via UPI ID
Open the QR code scanner,open QR code
Wire 1000 to 5566778899,bank transfer
Show my transaction history,transaction history
Make a payment of 750 to John,pay via contacts
Can you fetch my payment QR code?,show my QR code
Deposit 250 into 9876543210,bank transfer
Transfer 750 to Bob,pay via contacts
Make a UPI payment of 250 to alice@upi,pay via UPI ID
Send 1000 to Emma,pay via contacts
Make a payment of 2000 to Alice,pay via contacts
Transfer 2000 using bob@ybl,pay via UPI ID
I need to scan a QR code,open QR code
Pay 500 via john@sbi,pay via UPI ID
Transfer 2000 using john@sbi,pay via UPI ID
Can you pay 750 to Bob?,pay via contacts
Pay 750 via alice@upi,pay via UPI ID
Move ₹1000 from checking to savings,pay to self
Display my recent transactions,transaction history
Pay 2000 via john@sbi,pay via UPI ID
Bank transfer 2000 to 9876543210,bank transfer
Make a UPI payment of 2000 to john@sbi,pay via UPI ID
Send 1000 to john@sbi,pay via UPI ID
Display my recent transactions,transaction history
Send ₹3500 from my UPI to my own bank,pay to self
Can you pay 750 to Alice?,pay via contacts
Pay using the scanned QR code,pay via QR code
Can you transfer 250 to 5566778899?,bank transfer
Scan a QR code to pay,pay via QR code
Can you transfer 250 to 5566778899?,bank transfer
Can you transfer 250 to 5566778899?,bank transfer
Can you fetch my last payments?,transaction history
Transfer 500 to Alice,pay via contacts
Send 250 to Bob,pay via contacts
Pay 2000 via bob@ybl,pay via UPI ID
I need my QR code for transactions,show my QR code
Can I transfer ₹5000 to myself?,pay to self
Launch the QR code scanner,open QR code
Can you activate the QR scanner?,open QR code
Move some funds to my personal account,pay to self
Deposit 750 into 1234567890,bank transfer
Pay 750 via alice@upi,pay via UPI ID
Show my QR code for payment,show my QR code
Pay using the scanned QR code,pay via QR code
Send 500 to Bob,pay via contacts
Transfer 500 to Alice,pay via contacts
Show my QR code for payment,show my QR code
Bank transfer 250 to 1122334455,bank transfer
Can you fetch my last payments?,transaction history
Make a payment using QR,pay via QR code
Move some funds to my personal account,pay to self
Transfer 250 to John,pay via contacts
Send 250 to emma@paytm,pay via UPI ID
Make a UPI payment of 2000 to emma@paytm,pay via UPI ID
I need my QR code for transactions,show my QR code
Fund transfer to self ₹200,pay to self
Bank transfer 500 to 1122334455,bank transfer
Deposit 250 into 1122334455,bank transfer
Display my recent transactions,transaction history
Display my recent transactions,transaction history
Can you activate the QR scanner?,open QR code
Can you pay 1000 to Alice?,pay via contacts
I need to see my past transactions,transaction history
Transfer 250 to Bob,pay via contacts
Display my QR code,show my QR code
Bank transfer 1000 to 5566778899,bank transfer
Can you transfer 2000 to 1234567890?,bank transfer
I need my QR code for transactions,show my QR code
Deposit 500 into 1122334455,bank transfer
Launch the QR code scanner,open QR code
Transfer 750 using bob@ybl,pay via UPI ID
Can you activate the QR scanner?,open QR code
Make a payment using QR,pay via QR code
Can you process a QR code payment?,pay via QR code
I need my QR code for transactions,show my QR code
I need my QR code for transactions,show my QR code
Can you activate the QR scanner?,open QR code
Can you fetch my last payments?,transaction history
Transfer 750 to Alice,pay via contacts
Make a payment using QR,pay via QR code
Scan a QR code to pay,pay via QR code
Can you activate the QR scanner?,open QR code
I need to move ₹700 to another account of mine,pay to self
Send 2000 to Emma,pay via contacts
Add ₹100 to my digital wallet,pay to self
Open the QR code scanner,open QR code
I need my QR code for transactions,show my QR code
Send 1000 to emma@paytm,pay via UPI ID
I need to scan a QR code,open QR code
Deposit 1000 into 5566778899,bank transfer
Make a payment using QR,pay via QR code
Can you activate the QR scanner?,open QR code
Wire 250 to 9876543210,bank transfer
Deposit ₹2000 into my bank account,pay to self
Can you pay 2000 to John?,pay via contacts
Can I send ₹2500 to my own account?,pay to self
I need my QR code for transactions,show my QR code
I need my QR code for transactions,show my QR code
Can you pay 2000 to Alice?,pay via contacts
I need to scan a QR code,open QR code
Can you transfer 1000 to 1122334455?,bank transfer
I need to see my past transactions,transaction history
Can you fetch my last payments?,transaction history
Can you activate the QR scanner?,open QR code
I need to see my past transactions,transaction history
Can you pay 750 to Alice?,pay via contacts
Send 750 to Emma,pay via contacts
Display my QR code,show my QR code
Show my QR code for payment,show my QR code
Self-transfer ₹1500,pay to self
I need to scan a QR code,open QR code
Scan a QR code to pay,pay via QR code
Can you activate the QR scanner?,open QR code
I need to see my past transactions,transaction history
Send 2000 to John,pay via contacts
Can I transfer ₹5000 to myself?,pay to self
Bank transfer 500 to 1234567890,bank transfer
Wire 500 to 1234567890,bank transfer
Display my recent transactions,transaction history
Move ₹1000 from checking to savings,pay to self
Wire 250 to 9876543210,bank transfer
Send 250 to john@sbi,pay via UPI ID
Make a UPI payment of 1000 to alice@upi,pay via UPI ID
Deposit 1000 into 5566778899,bank transfer
Open the QR code scanner,open QR code
Pay using the scanned QR code,pay via QR code
Make a UPI payment of 750 to emma@paytm,pay via UPI ID
Show my QR code for payment,show my QR code
Transfer 250 to Emma,pay via contacts
Can you fetch my payment QR code?,show my QR code
Pay 750 via alice@upi,pay via UPI ID
Transfer 2000 using emma@paytm,pay via UPI ID
Can you fetch my last payments?,transaction history
Make a payment of 750 to Emma,pay via contacts
Can you fetch my last payments?,transaction history
Bank transfer 250 to 1234567890,bank transfer
Transfer 250 using bob@ybl,pay via UPI ID
Can you activate the QR scanner?,open QR code
Open the QR code scanner,open QR code
Pay 500 via john@sbi,pay via UPI ID
Can you activate the QR scanner?,open QR code
Scan a QR code to pay,pay via QR code
Add ₹10000 to my secondary account,pay to self
Display my recent transactions,transaction history
Display my recent transactions,transaction history
Wire 250 to 9876543210,bank transfer
Scan a QR code to pay,pay via QR code
Move ₹1000 from checking to savings,pay to self
Move some funds to my personal account,pay to self
Can you pay 750 to Emma?,pay via contacts
Can you transfer 250 to 5566778899?,bank transfer
Make a UPI payment of 2000 to alice@upi,pay via UPI ID
Can you pay 2000 to Emma?,pay via contacts
Can you fetch my last payments?,transaction history
Show my QR code for payment,show my QR code
Can you fetch my payment QR code?,show my QR code
Can you process a QR code payment?,pay via QR code
Scan a QR code to pay,pay via QR code
Display my recent transactions,transaction history
Scan a QR code to pay,pay via QR code
Pay 2000 via john@sbi,pay via UPI ID
Launch the QR code scanner,open QR code
Can you fetch my payment QR code?,show my QR code
Can I send ₹2500 to my own account?,pay to self
I need to see my past transactions,transaction history
I need to see my past transactions,transaction history
Make a payment using QR,pay via QR code
I need to see my past transactions,transaction history
Wire 500 to 5566778899,bank transfer
Can you transfer 750 to 1122334455?,bank transfer
Send 500 to alice@upi,pay via UPI ID
Pay 250 via alice@upi,pay via UPI ID
I need my QR code for transactions,show my QR code
Transfer 750 to Bob,pay via contacts
Deposit ₹2000 into my bank account,pay to self
Shift ₹4000 to my savings,pay to self
Self-payment of ₹6000,pay to self
Deposit ₹900 into my account from UPI,pay to self
Wire 500 to 1122334455,bank transfer
I want to pay myself ₹3000,pay to self
Pay 250 via bob@ybl,pay via UPI ID
I need to see my past transactions,transaction history
Send ₹500 to my savings account,pay to self
Open the QR code scanner,open QR code
Launch the QR code scanner,open QR code
Pay 1000 via john@sbi,pay via UPI ID
Display my QR code,show my QR code
Can you activate the QR scanner?,open QR code
Transfer 1000 using emma@paytm,pay via UPI ID
Display my recent transactions,transaction history
I need to scan a QR code,open QR code
Send ₹3500 from my UPI to my own bank,pay to self
Show my QR code for payment,show my QR code
Make a payment of 500 to Emma,pay via contacts
Make a payment using QR,pay via QR code
Can you fetch my payment QR code?,show my QR code
Can you process a QR code payment?,pay via QR code
Move some funds to my personal account,pay to self
Transfer 750 using emma@paytm,pay via UPI ID
Can you process a QR code payment?,pay via QR code
Show my transaction history,transaction history
Display my recent transactions,transaction history
Can you fetch my last payments?,transaction history
Can you pay 1000 to Bob?,pay via contacts
Transfer 750 using john@sbi,pay via UPI ID
Deposit ₹2000 into my bank account,pay to self
I need to see my past transactions,transaction history
Can you transfer 750 to 1122334455?,bank transfer
Can you activate the QR scanner?,open QR code
Pay 750 via alice@upi,pay via UPI ID
Pay using the scanned QR code,pay via QR code
Can you activate the QR scanner?,open QR code
Transfer 750 using alice@upi,pay via UPI ID
Transfer 750 to Bob,pay via contacts
Display my recent transactions,transaction history
Make a payment using QR,pay via QR code
Can I send ₹2500 to my own account?,pay to self
Can you activate the QR scanner?,open QR code
Transfer 1000 using john@sbi,pay via UPI ID
Display my recent transactions,transaction history
I need to see my past transactions,transaction history
Open the QR code scanner,open QR code
Make a payment of 250 to John,pay via contacts
Send 250 to Emma,pay via contacts
I need to see my past transactions,transaction history
Can you pay 1000 to Alice?,pay via contacts
Make a payment using QR,pay via QR code
Bank transfer 1000 to 5566778899,bank transfer
Deposit 1000 into 1122334455,bank transfer
Pay using the scanned QR code,pay via QR code
Scan a QR code to pay,pay via QR code
Can you pay 1000 to Bob?,pay via contacts
Can you activate the QR scanner?,open QR code
Can I send ₹2500 to my own account?,pay to self
Can you activate the QR scanner?,open QR code
Can you activate the QR scanner?,open QR code
Send 250 to Bob,pay via contacts
Pay ₹8000 into my own bank,pay to self
I need to see my past transactions,transaction history
Launch the QR code scanner,open QR code
Move ₹1000 from checking to savings,pay to self
Show my QR code for payment,show my QR code
Scan a QR code to pay,pay via QR code
Deposit 250 into 5566778899,bank transfer
Display my recent transactions,transaction history
Bank transfer 500 to 1122334455,bank transfer
Send 500 to Bob,pay via contacts
Make a UPI payment of 1000 to emma@paytm,pay via UPI ID
Pay 500 via emma@paytm,pay via UPI ID
Open the QR code scanner,open QR code
Display my QR code,show my QR code
Move ₹1000 from checking to savings,pay to self
Launch the QR code scanner,open QR code
Can you fetch my payment QR code?,show my QR code
Bank transfer 500 to 1122334455,bank transfer
Send 750 to emma@paytm,pay via UPI ID
Transfer 1000 using john@sbi,pay via UPI ID
Pay using the scanned QR code,pay via QR code
Bank transfer 500 to 9876543210,bank transfer
Show my QR code for payment,show my QR code
Send ₹3500 from my UPI to my own bank,pay to self
Show my transaction history,transaction history
Make a payment using QR,pay via QR code
Display my recent transactions,transaction history
Scan a QR code to pay,pay via QR code
I need to scan a QR code,open QR code
Display my recent transactions,transaction history
Transfer 500 using bob@ybl,pay via UPI ID
I need my QR code for transactions,show my QR code
Launch the QR code scanner,open QR code
Move ₹5500 within my accounts,pay to self
Can you pay 250 to Emma?,pay via contacts
Wire 250 to 1234567890,bank transfer
Make a payment using QR,pay via QR code
Send ₹3500 from my UPI to my own bank,pay to self
I need my QR code for transactions,show my QR code
I need my QR code for transactions,show my QR code
Transfer 1000 to Alice,pay via contacts
Bank transfer 1000 to 1234567890,bank transfer
Can you fetch my payment QR code?,show my QR code
Transfer 2000 using bob@ybl,pay via UPI ID
Pay using the scanned QR code,pay via QR code
Show my transaction history,transaction history
Pay 2000 via emma@paytm,pay via UPI ID
Can you pay 750 to Bob?,pay via contacts
Can you activate the QR scanner?,open QR code
Make a payment using QR,pay via QR code
Self-transfer ₹1500,pay to self
Send 1000 to Emma,pay via contacts
Wire 750 to 1234567890,bank transfer
I need my QR code for transactions,show my QR code
Can you activate the QR scanner?,open QR code
Bank transfer 250 to 1122334455,bank transfer
Send 250 to Emma,pay via contacts
Launch the QR code scanner,open QR code
Deposit 750 into 5566778899,bank transfer
I need to see my past transactions,transaction history
I need to see my past transactions,transaction history
Make a payment using QR,pay via QR code
Can you process a QR code payment?,pay via QR code
Transfer 250 to John,pay via contacts
Pay 250 via emma@paytm,pay via UPI ID
Transfer 750 to Bob,pay via contacts
Can you transfer 2000 to 1122334455?,bank transfer
Can you pay 2000 to Bob?,pay via contacts
Display my recent transactions,transaction history
Send 750 to bob@ybl,pay via UPI ID
I need to scan a QR code,open QR code
Display my recent transactions,transaction history
Can you activate the QR scanner?,open QR code
Make a UPI payment of 2000 to emma@paytm,pay via UPI ID
Send ₹3500 from my UPI to my own bank,pay to self
Scan a QR code to pay,pay via QR code
Display my QR code,show my QR code
Make a payment using QR,pay via QR code
Shift ₹4500 from wallet to bank,pay to self
Can you fetch my last payments?,transaction history
Can you pay 500 to John?,pay via contacts
Pay 250 via alice@upi,pay via UPI ID
Scan a QR code to pay,pay via QR code
Make a UPI payment of 750 to emma@paytm,pay via UPI ID
I need to scan a QR code,open QR code
Send ₹500 to my savings account,pay to self
Display my QR code,show my QR code
Scan a QR code to pay,pay via QR code
Transfer 500 using bob@ybl,pay via UPI ID
I need to see my past transactions,transaction history
Bank transfer 250 to 5566778899,bank transfer
Self-payment of ₹6000,pay to self
Pay using the scanned QR code,pay via QR code
Can you pay 1000 to Bob?,pay via contacts
Bank transfer 2000 to 9876543210,bank transfer
I need my QR code for transactions,show my QR code
Open the QR code scanner,open QR code
Make a UPI payment of 1000 to john@sbi,pay via UPI ID
Launch the QR code scanner,open QR code
Show my QR code for payment,show my QR code
Can you activate the QR scanner?,open QR code
I need to see my past transactions,transaction history
Deposit ₹2000 into my bank account,pay to self
I need my QR code for transactions,show my QR code
Make a payment of 750 to John,pay via contacts
Bank transfer 1000 to 9876543210,bank transfer
Make a UPI payment of 750 to alice@upi,pay via UPI ID
Can you transfer 750 to 1122334455?,bank transfer
I need to scan a QR code,open QR code
Send 2000 to alice@upi,pay via UPI ID
Launch the QR code scanner,open QR code
Deposit ₹2000 into my bank account,pay to self
I need to see my past transactions,transaction history
Transfer 1000 to Emma,pay via contacts
Display my QR code,show my QR code
Show my transaction history,transaction history
Transfer 500 using bob@ybl,pay via UPI ID
Show my QR code for payment,show my QR code
I need my QR code for transactions,show my QR code
Pay 750 via john@sbi,pay via UPI ID
Wire 1000 to 1122334455,bank transfer
Make a UPI payment of 500 to john@sbi,pay via UPI ID
I need to see my past transactions,transaction history
Display my recent transactions,transaction history
Transfer 250 to John,pay via contacts
Send ₹500 to my savings account,pay to self
Pay using the scanned QR code,pay via QR code
I need to see my past transactions,transaction history
Show my QR code for payment,show my QR code
I need to see my past transactions,transaction history
Send 1000 to Alice,pay via contacts
Can you pay 1000 to Bob?,pay via contacts
I need my QR code for transactions,show my QR code
Display my QR code,show my QR code
Can you pay 250 to Emma?,pay via contacts
Send 250 to Alice,pay via contacts
Scan a QR code to pay,pay via QR code
Show my QR code for payment,show my QR code
Pay 750 via alice@upi,pay via UPI ID
Pay 750 via alice@upi,pay via UPI ID
Make a payment of 750 to John,pay via contacts
Can you activate the QR scanner?,open QR code
Display my QR code,show my QR code
Display my QR code,show my QR code
Scan a QR code to pay,pay via QR code
Show my transaction history,transaction history
Can you fetch my payment QR code?,show my QR code
Can you transfer 1000 to 5566778899?,bank transfer
Pay using the scanned QR code,pay via QR code
Display my recent transactions,transaction history
Can you pay 750 to John?,pay via contacts
I need to see my past transactions,transaction history
Deposit 750 into 9876543210,bank transfer
Can you transfer 1000 to 5566778899?,bank transfer
Can you fetch my payment QR code?,show my QR code
Can you process a QR code payment?,pay via QR code
Display my QR code,show my QR code
I need to see my past transactions,transaction history
Pay 750 via john@sbi,pay via UPI ID
Deposit 500 into 9876543210,bank transfer
I need to see my past transactions,transaction history
Send 750 to John,pay via contacts
Send 2000 to Emma,pay via contacts
Can you fetch my last payments?,transaction history
Launch the QR code scanner,open QR code
Can you pay 750 to Bob?,pay via contacts
I need to scan a QR code,open QR code
I need to see my past transactions,transaction history
Deposit ₹2000 into my bank account,pay to self
Pay using the scanned QR code,pay via QR code
I need to see my past transactions,transaction history
Wire 500 to 9876543210,bank transfer
Pay using the scanned QR code,pay via QR code
I need to scan a QR code,open QR code
Deposit 750 into 5566778899,bank transfer
Move ₹1000 from checking to savings,pay to self
Can you activate the QR scanner?,open QR code
Can you process a QR code payment?,pay via QR code
Deposit 500 into 9876543210,bank transfer
Make a UPI payment of 1000 to alice@upi,pay via UPI ID
Deposit 500 into 1234567890,bank transfer
I need my QR code for transactions,show my QR code
I need to move ₹700 to another account of mine,pay to self
Move ₹1000 from checking to savings,pay to self
Send 750 to john@sbi,pay via UPI ID
Make a payment using QR,pay via QR code
Send 2000 to emma@paytm,pay via UPI ID
Scan a QR code to pay,pay via QR code
Launch the QR code scanner,open QR code
I need to move ₹700 to another account of mine,pay to self
Send ₹500 to my savings account,pay to self
Pay 2000 via john@sbi,pay via UPI ID
I need my QR code for transactions,show my QR code
Scan a QR code to pay,pay via QR code
Shift ₹4500 from wallet to bank,pay to self
Transfer 750 using alice@upi,pay via UPI ID
Scan a QR code to pay,pay via QR code
Move ₹5500 within my accounts,pay to self
Make a payment using QR,pay via QR code
I need my QR code for transactions,show my QR code
Bank transfer 250 to 1234567890,bank transfer
Make a payment of 750 to Emma,pay via contacts
I need to scan a QR code,open QR code
Make a payment of 500 to Emma,pay via contacts
Open the QR code scanner,open QR code
Can you transfer 500 to 1122334455?,bank transfer
Bank transfer 250 to 5566778899,bank transfer
I need my QR code for transactions,show my QR code
Can you pay 750 to John?,pay via contacts
Scan a QR code to pay,pay via QR code
Can you process a QR code payment?,pay via QR code
Pay ₹8000 into my own bank,pay to self
I want to pay myself ₹3000,pay to self
Wire 750 to 1234567890,bank transfer
Can you activate the QR scanner?,open QR code
Transfer 1000 to Bob,pay via contacts
Transfer 2000 to Bob,pay via contacts
Can you fetch my last payments?,transaction history
Transfer 2000 to Bob,pay via contacts
Can you pay 500 to John?,pay via contacts
Display my recent transactions,transaction history
Transfer 250 using bob@ybl,pay via UPI ID
I need my QR code for transactions,show my QR code
I need to see my past transactions,transaction history
Can you pay 500 to Bob?,pay via contacts
Show my transaction history,transaction history
Show my transaction history,transaction history
Wire 750 to 5566778899,bank transfer
Can you fetch my payment QR code?,show my QR code
Can you process a QR code payment?,pay via QR code
I need my QR code for transactions,show my QR code
Fund transfer to self ₹200,pay to self
Transfer money to my own account,pay to self
Bank transfer 1000 to 5566778899,bank transfer
I need to scan a QR code,open QR code
Fund transfer to self ₹200,pay to self
Can you pay 250 to Alice?,pay via contacts
Make a UPI payment of 2000 to alice@upi,pay via UPI ID
Can you transfer 750 to 1122334455?,bank transfer
Can you activate the QR scanner?,open QR code
Transfer money to my own account,pay to self
Display my QR code,show my QR code
Display my recent transactions,transaction history
I need to see my past transactions,transaction history
Fund transfer to self ₹200,pay to self
Transfer 500 to Bob,pay via contacts
Can you process a QR code payment?,pay via QR code
Display my recent transactions,transaction history
Shift ₹4000 to my savings,pay to self
Send 1000 to bob@ybl,pay via UPI ID
Pay ₹8000 into my own bank,pay to self
Pay 2000 via alice@upi,pay via UPI ID
I need to scan a QR code,open QR code
Display my QR code,show my QR code
Move some funds to my personal account,pay to self
Make a payment using QR,pay via QR code
Can you transfer 2000 to 1122334455?,bank transfer
Send 250 to emma@paytm,pay via UPI ID
Display my QR code,show my QR code
Can you pay 2000 to Emma?,pay via contacts
Can you transfer 750 to 1122334455?,bank transfer
Scan a QR code to pay,pay via QR code
Launch the QR code scanner,open QR code
Make a UPI payment of 250 to emma@paytm,pay via UPI ID
Wire 500 to 1234567890,bank transfer
Can you pay 750 to Bob?,pay via contacts
Send ₹500 to my savings account,pay to self
Show my transaction history,transaction history
Make a payment using QR,pay via QR code
Make a payment of 750 to Bob,pay via contacts
Display my recent transactions,transaction history
I need to see my past transactions,transaction history
Transfer money to my own account,pay to self
Can you pay 750 to Alice?,pay via contacts
Launch the QR code scanner,open QR code
Display my recent transactions,transaction history
Can you pay 1000 to Bob?,pay via contacts
Display my QR code,show my QR code
I need to scan a QR code,open QR code
I need to see my past transactions,transaction history
Bank transfer 500 to 9876543210,bank transfer
Wire 1000 to 1122334455,bank transfer
Transfer 250 to Emma,pay via contacts
Make a payment using QR,pay via QR code
Can you process a QR code payment?,pay via QR code
Transfer 500 to Bob,pay via contacts
Make a UPI payment of 1000 to bob@ybl,pay via UPI ID
Can you activate the QR scanner?,open QR code
Transfer 750 using bob@ybl,pay via UPI ID
I need to see my past transactions,transaction history
Wire 250 to 1122334455,bank transfer
Display my recent transactions,transaction history
Move ₹1000 from checking to savings,pay to self
Scan a QR code to pay,pay via QR code
Show my QR code for payment,show my QR code
Send 2000 to Alice,pay via contacts
Can you fetch my payment QR code?,show my QR code
Pay 1000 via bob@ybl,pay via UPI ID
I need my QR code for transactions,show my QR code
Can you process a QR code payment?,pay via QR code
Transfer 750 using alice@upi,pay via UPI ID
I need to scan a QR code,open QR code
Send ₹500 to my savings account,pay to self
Can you process a QR code payment?,pay via QR code
Can you transfer 500 to 1122334455?,bank transfer
Can you pay 250 to Bob?,pay via contacts
Can you fetch my payment QR code?,show my QR code
Transfer 1000 to John,pay via contacts
Show my transaction history,transaction history
I need to see my past transactions,transaction history
Make a payment of 500 to John,pay via contacts
I need to move ₹700 to another account of mine,pay to self
I need to see my past transactions,transaction history
Can you pay 250 to John?,pay via contacts
Can you process a QR code payment?,pay via QR code
Send 250 to bob@ybl,pay via UPI ID
Open the QR code scanner,open QR code
Transfer 500 to Alice,pay via contacts
Transfer 1000 using bob@ybl,pay via UPI ID
Fund transfer to self ₹200,pay to self
Add ₹10000 to my secondary account,pay to self
Pay using the scanned QR code,pay via QR code
Can you process a QR code payment?,pay via QR code
I need my QR code for transactions,show my QR code
Can I send ₹2500 to my own account?,pay to self
Pay using the scanned QR code,pay via QR code
I need to scan a QR code,open QR code
Launch the QR code scanner,open QR code
Transfer 2000 using john@sbi,pay via UPI ID
Self-payment of ₹6000,pay to self
Send 1000 to bob@ybl,pay via UPI ID
Add ₹10000 to my secondary account,pay to self
Bank transfer 250 to 1122334455,bank transfer
Can you activate the QR scanner?,open QR code
Transfer money to my own account,pay to self
Show my transaction history,transaction history
Launch the QR code scanner,open QR code
Make a payment of 250 to Bob,pay via contacts
Bank transfer 750 to 1234567890,bank transfer
Bank transfer 750 to 5566778899,bank transfer
Can you pay 750 to Alice?,pay via contacts
Deposit ₹900 into my account from UPI,pay to self
Transfer 2000 using bob@ybl,pay via UPI ID
Show my transaction history,transaction history
Move ₹5500 within my accounts,pay to self
Send ₹3500 from my UPI to my own bank,pay to self
Can I transfer ₹5000 to myself?,pay to self
Bank transfer 500 to 5566778899,bank transfer
Pay 2000 via emma@paytm,pay via UPI ID
Move ₹5500 within my accounts,pay to self
Send 750 to emma@paytm,pay via UPI ID
I need to see my past transactions,transaction history
Show my transaction history,transaction history
Can you pay 750 to Emma?,pay via contacts
Can you activate the QR scanner?,open QR code
Scan a QR code to pay,pay via QR code
Launch the QR code scanner,open QR code
I need to scan a QR code,open QR code
Show my transaction history,transaction history
Make a payment of 250 to Alice,pay via contacts
Pay ₹8000 into my own bank,pay to self
I need to see my past transactions,transaction history
Move some funds to my personal account,pay to self
Open the QR code scanner,open QR code
Transfer 750 to Alice,pay via contacts
Show my QR code for payment,show my QR code
Show my transaction history,transaction history
I need my QR code for transactions,show my QR code
I need my QR code for transactions,show my QR code
I need to scan a QR code,open QR code
Make a payment of 500 to Alice,pay via contacts
Make a UPI payment of 750 to alice@upi,pay via UPI ID
Open the QR code scanner,open QR code
Deposit 2000 into 1234567890,bank transfer
Make a UPI payment of 2000 to alice@upi,pay via UPI ID
I need my QR code for transactions,show my QR code
Bank transfer 750 to 5566778899,bank transfer
Can you fetch my last payments?,transaction history
Make a payment using QR,pay via QR code
Launch the QR code scanner,open QR code
Make a payment of 250 to John,pay via contacts
Can you fetch my payment QR code?,show my QR code
I need to move ₹700 to another account of mine,pay to self
Send 1000 to alice@upi,pay via UPI ID
Can I transfer ₹5000 to myself?,pay to self
Send 500 to Bob,pay via contacts
Wire 2000 to 1122334455,bank transfer
I need to scan a QR code,open QR code
Wire 750 to 1234567890,bank transfer
Bank transfer 500 to 1234567890,bank transfer
Wire 2000 to 9876543210,bank transfer
Can you fetch my last payments?,transaction history
I need my QR code for transactions,show my QR code
Transfer 2000 using john@sbi,pay via UPI ID
Add ₹100 to my digital wallet,pay to self
I need my QR code for transactions,show my QR code
Transfer 250 using alice@upi,pay via UPI ID
I need to see my past transactions,transaction history
Can you pay 2000 to Emma?,pay via contacts
Display my recent transactions,transaction history
I need to see my past transactions,transaction history
Make a payment using QR,pay via QR code
Wire 1000 to 5566778899,bank transfer
I need my QR code for transactions,show my QR code
Pay 2000 via john@sbi,pay via UPI ID
Can you activate the QR scanner?,open QR code
Can I send ₹2500 to my own account?,pay to self
Can you fetch my last payments?,transaction history
Send ₹3500 from my UPI to my own bank,pay to self
Deposit 250 into 5566778899,bank transfer
Deposit ₹900 into my account from UPI,pay to self
Can you pay 250 to Alice?,pay via contacts
Move some funds to my personal account,pay to self
Make a payment using QR,pay via QR code
Display my recent transactions,transaction history
Deposit 250 into 5566778899,bank transfer
Can you fetch my last payments?,transaction history
Send 2000 to Bob,pay via contacts
Launch the QR code scanner,open QR code
Pay ₹8000 into my own bank,pay to self
Show my transaction history,transaction history
Display my recent transactions,transaction history
Make a payment of 500 to John,pay via contacts
Show my transaction history,transaction history
Pay using the scanned QR code,pay via QR code
Can you activate the QR scanner?,open QR code
Show my transaction history,transaction history
Can you activate the QR scanner?,open QR code
I need my QR code for transactions,show my QR code
Can you activate the QR scanner?,open QR code
Can you fetch my last payments?,transaction history
Transfer money to my own account,pay to self
Send 250 to Emma,pay via contacts
Can you process a QR code payment?,pay via QR code
Wire 250 to 9876543210,bank transfer
Show my QR code for payment,show my QR code
Show my QR code for payment,show my QR code
Pay 2000 via john@sbi,pay via UPI ID
Launch the QR code scanner,open QR code
Send 500 to alice@upi,pay via UPI ID
Make a payment of 500 to Emma,pay via contacts
Make a payment of 1000 to Alice,pay via contacts
Transfer 2000 to Alice,pay via contacts
Make a payment of 1000 to John,pay via contacts
Make a payment of 2000 to John,pay via contacts
Pay using the scanned QR code,pay via QR code
Wire 500 to 9876543210,bank transfer
Can you process a QR code payment?,pay via QR code
Send 2000 to bob@ybl,pay via UPI ID
Display my recent transactions,transaction history
Make a payment using QR,pay via QR code
Move some funds to my personal account,pay to self
Can you transfer 2000 to 1122334455?,bank transfer
Pay 1000 via emma@paytm,pay via UPI ID
Deposit 250 into 9876543210,bank transfer
Deposit ₹2000 into my bank account,pay to self
Transfer 750 to Alice,pay via contacts
Display my QR code,show my QR code
Can you process a QR code payment?,pay via QR code
Launch the QR code scanner,open QR code
Transfer 250 to Bob,pay via contacts
I need my QR code for transactions,show my QR code
Can you activate the QR scanner?,open QR code
Shift ₹4500 from wallet to bank,pay to self
Can you activate the QR scanner?,open QR code
Can you transfer 750 to 1122334455?,bank transfer
Scan a QR code to pay,pay via QR code
Can you fetch my payment QR code?,show my QR code
Can you process a QR code payment?,pay via QR code
Display my QR code,show my QR code
Make a UPI payment of 1000 to emma@paytm,pay via UPI ID
I need to move ₹700 to another account of mine,pay to self
Move ₹1000 from checking to savings,pay to self
Open the QR code scanner,open QR code
Can you pay 750 to Alice?,pay via contacts
Pay using the scanned QR code,pay via QR code
I need to move ₹700 to another account of mine,pay to self
I need to scan a QR code,open QR code
Show my transaction history,transaction history
Bank transfer 500 to 1122334455,bank transfer
I need to scan a QR code,open QR code
I need to see my past transactions,transaction history
Transfer 250 using alice@upi,pay via UPI ID
Send ₹500 to my savings account,pay to self
Pay 2000 via alice@upi,pay via UPI ID
Scan a QR code to pay,pay via QR code
Self-transfer ₹1500,pay to self
Can you fetch my last payments?,transaction history
I need my QR code for transactions,show my QR code
Can you fetch my last payments?,transaction history
Can you process a QR code payment?,pay via QR code
Open the QR code scanner,open QR code
Launch the QR code scanner,open QR code
Transfer 1000 using john@sbi,pay via UPI ID
Make a payment using QR,pay via QR code
Deposit ₹900 into my account from UPI,pay to self
Show my transaction history,transaction history
Display my recent transactions,transaction history
Pay using the scanned QR code,pay via QR code
Launch the QR code scanner,open QR code
Deposit 500 into 5566778899,bank transfer
Show my QR code for payment,show my QR code
Pay 1000 via john@sbi,pay via UPI ID
Pay using the scanned QR code,pay via QR code
Pay using the scanned QR code,pay via QR code
Can you fetch my last payments?,transaction history
Show my QR code for payment,show my QR code
Transfer 2000 using bob@ybl,pay via UPI ID
Pay 250 via alice@upi,pay via UPI ID
Can you activate the QR scanner?,open QR code
Add ₹10000 to my secondary account,pay to self
Transfer 2000 using john@sbi,pay via UPI ID
Scan a QR code to pay,pay via QR code
Can you pay 1000 to Bob?,pay via contacts
Display my QR code,show my QR code
Wire 750 to 5566778899,bank transfer
Pay using the scanned QR code,pay via QR code
Can you process a QR code payment?,pay via QR code
Self-transfer ₹1500,pay to self
Wire 500 to 9876543210,bank transfer
Make a payment of 250 to John,pay via contacts
Can you pay 250 to Alice?,pay via contacts
Display my QR code,show my QR code
Pay using the scanned QR code,pay via QR code
Pay 2000 via bob@ybl,pay via UPI ID
Make a payment using QR,pay via QR code
Deposit ₹2000 into my bank account,pay to self
Display my recent transactions,transaction history
Pay using the scanned QR code,pay via QR code
Send 750 to emma@paytm,pay via UPI ID
Send 1000 to john@sbi,pay via UPI ID
Launch the QR code scanner,open QR code
Can you transfer 750 to 5566778899?,bank transfer
Show my QR code for payment,show my QR code
Send 1000 to bob@ybl,pay via UPI ID
Bank transfer 250 to 1122334455,bank transfer
Open the QR code scanner,open QR code
Open the QR code scanner,open QR code
Deposit 750 into 1122334455,bank transfer
Add ₹10000 to my secondary account,pay to self
Transfer 1000 using bob@ybl,pay via UPI ID
Show my QR code for payment,show my QR code
Transfer 750 using john@sbi,pay via UPI ID
Pay 250 via bob@ybl,pay via UPI ID
Can you fetch my last payments?,transaction history
Can you activate the QR scanner?,open QR code
Send ₹500 to my savings account,pay to self
Make a payment of 2000 to Alice,pay via contacts
Fund transfer to self ₹200,pay to self
Can you fetch my last payments?,transaction history
Display my recent transactions,transaction history
Move ₹5500 within my accounts,pay to self
Launch the QR code scanner,open QR code
Deposit 250 into 9876543210,bank transfer
Self-transfer ₹1500,pay to self
Launch the QR code scanner,open QR code
Make a UPI payment of 1000 to emma@paytm,pay via UPI ID
Make a UPI payment of 2000 to john@sbi,pay via UPI ID
Bank transfer 500 to 9876543210,bank transfer
Transfer 1000 using john@sbi,pay via UPI ID
Pay 1000 via john@sbi,pay via UPI ID
Make a payment of 500 to Alice,pay via contacts
Make a payment using QR,pay via QR code
I need to see my past transactions,transaction history
Can you process a QR code payment?,pay via QR code
Can you pay 2000 to Emma?,pay via contacts
Can you fetch my payment QR code?,show my QR code
Make a payment using QR,pay via QR code
Send 2000 to alice@upi,pay via UPI ID
Self-payment of ₹6000,pay to self
Send 2000 to john@sbi,pay via UPI ID
Display my QR code,show my QR code
I need to scan a QR code,open QR code
Transfer 750 to John,pay via contacts
Show my transaction history,transaction history
Can you fetch my payment QR code?,show my QR code
Self-payment of ₹6000,pay to self
Can you process a QR code payment?,pay via QR code
Can you fetch my payment QR code?,show my QR code
Bank transfer 1000 to 1234567890,bank transfer
Wire 2000 to 5566778899,bank transfer
Can you fetch my payment QR code?,show my QR code
Send 500 to emma@paytm,pay via UPI ID
Can you pay 500 to Alice?,pay via contacts
Deposit 1000 into 1122334455,bank transfer
I need to see my past transactions,transaction history
Transfer 1000 using emma@paytm,pay via UPI ID
Send 2000 to John,pay via contacts
Transfer 250 using bob@ybl,pay via UPI ID
Send 750 to john@sbi,pay via UPI ID
Pay using the scanned QR code,pay via QR code
Open the QR code scanner,open QR code
Scan a QR code to pay,pay via QR code
Show my QR code for payment,show my QR code
Make a UPI payment of 1000 to bob@ybl,pay via UPI ID
Make a UPI payment of 750 to bob@ybl,pay via UPI ID
Bank transfer 250 to 5566778899,bank transfer
Bank transfer 2000 to 5566778899,bank transfer
Transfer 1000 using bob@ybl,pay via UPI ID
Shift ₹4000 to my savings,pay to self
Transfer 250 using bob@ybl,pay via UPI ID
Wire 750 to 1122334455,bank transfer
I need to see my past transactions,transaction history
Make a payment using QR,pay via QR code
Can I send ₹2500 to my own account?,pay to self
Fund transfer to self ₹200,pay to self
Make a UPI payment of 2000 to emma@paytm,pay via UPI ID
Pay using the scanned QR code,pay via QR code
Send ₹3500 from my UPI to my own bank,pay to self
Bank transfer 2000 to 5566778899,bank transfer
Move ₹5500 within my accounts,pay to self
Show my transaction history,transaction history
Show my transaction history,transaction history
I need to see my past transactions,transaction history
Show my QR code for payment,show my QR code
Bank transfer 500 to 5566778899,bank transfer
I need to move ₹700 to another account of mine,pay to self
Pay 500 via emma@paytm,pay via UPI ID
Can you pay 500 to Bob?,pay via contacts
Scan a QR code to pay,pay via QR code
Can you fetch my last payments?,transaction history
Deposit 250 into 1234567890,bank transfer
Transfer 750 using alice@upi,pay via UPI ID
Display my recent transactions,transaction history
Make a UPI payment of 250 to bob@ybl,pay via UPI ID
Move ₹1000 from checking to savings,pay to self
Deposit 750 into 1234567890,bank transfer
Self-payment of ₹6000,pay to self
Display my recent transactions,transaction history
Display my recent transactions,transaction history
Shift ₹4000 to my savings,pay to self
Transfer 1000 to John,pay via contacts
Can you fetch my payment QR code?,show my QR code
Can you pay 750 to Alice?,pay via contacts
Can I transfer ₹5000 to myself?,pay to self
Can you pay 500 to Alice?,pay via contacts
Pay using the scanned QR code,pay via QR code
Can you transfer 750 to 9876543210?,bank transfer
Send 500 to alice@upi,pay via UPI ID
I need to scan a QR code,open QR code
Can you process a QR code payment?,pay via QR code
Send 500 to Emma,pay via contacts
Make a payment of 250 to John,pay via contacts
Can I send ₹2500 to my own account?,pay to self
Can you activate the QR scanner?,open QR code
Wire 250 to 5566778899,bank transfer
Wire 2000 to 1234567890,bank transfer
Open the QR code scanner,open QR code
Can you fetch my payment QR code?,show my QR code
Send 1000 to Alice,pay via contacts
Send 750 to Emma,pay via contacts
Wire 250 to 1234567890,bank transfer
Make a UPI payment of 250 to emma@paytm,pay via UPI ID
Can you fetch my last payments?,transaction history
Deposit 250 into 5566778899,bank transfer
Pay 2000 via emma@paytm,pay via UPI ID
I need to scan a QR code,open QR code
Make a payment using QR,pay via QR code
Can you fetch my last payments?,transaction history
Can you pay 500 to Bob?,pay via contacts
Show my transaction history,transaction history
Display my recent transactions,transaction history
Bank transfer 750 to 1122334455,bank transfer
Can you fetch my payment QR code?,show my QR code
Can you fetch my last payments?,transaction history
Can you transfer 250 to 9876543210?,bank transfer
I need to scan a QR code,open QR code
Pay using the scanned QR code,pay via QR code
I need my QR code for transactions,show my QR code
Transfer 1000 to Bob,pay via contacts
Can you transfer 1000 to 1122334455?,bank transfer
Deposit 2000 into 5566778899,bank transfer
I need to scan a QR code,open QR code
Can you process a QR code payment?,pay via QR code
Pay 500 via alice@upi,pay via UPI ID
Pay using the scanned QR code,pay via QR code
Show my QR code for payment,show my QR code
Scan a QR code to pay,pay via QR code
Can you transfer 250 to 1122334455?,bank transfer
Can I transfer ₹5000 to myself?,pay to self
Transfer 750 to Bob,pay via contacts
Transfer 750 to Alice,pay via contacts
Send 1000 to John,pay via contacts
Scan a QR code to pay,pay via QR code
Can you activate the QR scanner?,open QR code
Pay using the scanned QR code,pay via QR code
Scan a QR code to pay,pay via QR code
Scan a QR code to pay,pay via QR code
Self-transfer ₹1500,pay to self
Pay using the scanned QR code,pay via QR code
Open the QR code scanner,open QR code
Pay 2000 via emma@paytm,pay via UPI ID
Pay 250 via bob@ybl,pay via UPI ID
Display my recent transactions,transaction history
Can you transfer 750 to 9876543210?,bank transfer
Scan a QR code to pay,pay via QR code
Can you fetch my last payments?,transaction history
Display my QR code,show my QR code
Can you pay 250 to Bob?,pay via contacts
Send 250 to emma@paytm,pay via UPI ID
Transfer 750 to Alice,pay via contacts
Show my QR code for payment,show my QR code
I need my QR code for transactions,show my QR code
Can you pay 750 to John?,pay via contacts
Deposit 250 into 5566778899,bank transfer
Pay 1000 via bob@ybl,pay via UPI ID
Pay 750 via emma@paytm,pay via UPI ID
Show my QR code for payment,show my QR code
Make a UPI payment of 500 to bob@ybl,pay via UPI ID
Add ₹10000 to my secondary account,pay to self
Deposit 1000 into 1234567890,bank transfer
Send 750 to emma@paytm,pay via UPI ID
Show my transaction history,transaction history
I need to see my past transactions,transaction history
Make a payment using QR,pay via QR code
I want to pay myself ₹3000,pay to self
Wire 750 to 9876543210,bank transfer
Can you fetch my payment QR code?,show my QR code
Display my QR code,show my QR code
Move ₹1000 from checking to savings,pay to self
Show my transaction history,transaction history
Show my QR code for payment,show my QR code
Transfer 1000 to Alice,pay via contacts
Can you activate the QR scanner?,open QR code
I need my QR code for transactions,show my QR code
Wire 750 to 1122334455,bank transfer
Make a UPI payment of 500 to emma@paytm,pay via UPI ID
Send 1000 to alice@upi,pay via UPI ID
I need my QR code for transactions,show my QR code
Can you process a QR code payment?,pay via QR code
I need to scan a QR code,open QR code
Can you fetch my last payments?,transaction history
Show my transaction history,transaction history
Transfer 500 to John,pay via contacts
Display my recent transactions,transaction history
Open the QR code scanner,open QR code
Open the QR code scanner,open QR code
Add ₹100 to my digital wallet,pay to self
Can you fetch my last payments?,transaction history
Make a UPI payment of 2000 to bob@ybl,pay via UPI ID
Bank transfer 1000 to 1122334455,bank transfer
Send 2000 to alice@upi,pay via UPI ID
Transfer 500 to Bob,pay via contacts
Display my recent transactions,transaction history
I need to see my past transactions,transaction history
Can you activate the QR scanner?,open QR code
Add ₹10000 to my secondary account,pay to self
Launch the QR code scanner,open QR code
Can you pay 250 to Emma?,pay via contacts
Pay 500 via john@sbi,pay via UPI ID
Display my recent transactions,transaction history
Move ₹5500 within my accounts,pay to self
Make a UPI payment of 250 to alice@upi,pay via UPI ID
Display my recent transactions,transaction history
Make a payment using QR,pay via QR code
Transfer 2000 to Bob,pay via contacts
Open the QR code scanner,open QR code
Show my transaction history,transaction history
Send 1000 to john@sbi,pay via UPI ID
Deposit ₹2000 into my bank account,pay to self
Can you fetch my payment QR code?,show my QR code
Send ₹500 to my savings account,pay to self
Display my QR code,show my QR code
Send 500 to emma@paytm,pay via UPI ID
Display my QR code,show my QR code
Launch the QR code scanner,open QR code
Add ₹10000 to my secondary account,pay to self
Deposit 1000 into 9876543210,bank transfer
I need my QR code for transactions,show my QR code
Move some funds to my personal account,pay to self
Deposit 250 into 9876543210,bank transfer
Can you fetch my last payments?,transaction history
Scan a QR code to pay,pay via QR code
Can you pay 500 to Bob?,pay via contacts
Transfer 750 to Bob,pay via contacts
Pay using the scanned QR code,pay via QR code
Bank transfer 500 to 9876543210,bank transfer
Deposit ₹2000 into my bank account,pay to self
Pay using the scanned QR code,pay via QR code
Make a payment using QR,pay via QR code
Make a UPI payment of 2000 to john@sbi,pay via UPI ID
Show my transaction history,transaction history
Make a payment using QR,pay via QR code
Deposit 500 into 1234567890,bank transfer
Show my transaction history,transaction history
Can you fetch my last payments?,transaction history
Deposit 1000 into 5566778899,bank transfer
I want to pay myself ₹3000,pay to self
Show my transaction history,transaction history
Can you transfer 500 to 1234567890?,bank transfer
Send 500 to john@sbi,pay via UPI ID
Make a payment of 2000 to Emma,pay via contacts
Can you activate the QR scanner?,open QR code
Show my QR code for payment,show my QR code
I need to scan a QR code,open QR code
Show my transaction history,transaction history
Fund transfer to self ₹200,pay to self
Launch the QR code scanner,open QR code
Transfer 250 using emma@paytm,pay via UPI ID
Can you fetch my payment QR code?,show my QR code
Pay using the scanned QR code,pay via QR code
I need to see my past transactions,transaction history
I need to scan a QR code,open QR code
Send 2000 to Bob,pay via contacts
Open the QR code scanner,open QR code
Bank transfer 750 to 9876543210,bank transfer
I need to scan a QR code,open QR code
Open the QR code scanner,open QR code
Scan a QR code to pay,pay via QR code
Display my recent transactions,transaction history
Make a UPI payment of 250 to emma@paytm,pay via UPI ID
Pay ₹8000 into my own bank,pay to self
Send 500 to emma@paytm,pay via UPI ID
Transfer 500 using alice@upi,pay via UPI ID
Wire 1000 to 9876543210,bank transfer
Deposit 1000 into 5566778899,bank transfer
Send 500 to John,pay via contacts
Deposit 1000 into 9876543210,bank transfer
Make a payment using QR,pay via QR code
Make a UPI payment of 1000 to john@sbi,pay via UPI ID
Open the QR code scanner,open QR code
Can you process a QR code payment?,pay via QR code
Make a payment of 1000 to Bob,pay via contacts
Add ₹10000 to my secondary account,pay to self
Deposit ₹2000 into my bank account,pay to self
Add ₹10000 to my secondary account,pay to self
Display my QR code,show my QR code
I want to pay myself ₹3000,pay to self
Deposit 750 into 5566778899,bank transfer
Wire 2000 to 1234567890,bank transfer
Can you pay 1000 to John?,pay via contacts
Can you fetch my payment QR code?,show my QR code
Make a payment using QR,pay via QR code
Bank transfer 2000 to 1122334455,bank transfer
Can you transfer 250 to 1122334455?,bank transfer
Bank transfer 2000 to 1234567890,bank transfer
Can you activate the QR scanner?,open QR code
Transfer 750 using alice@upi,pay via UPI ID
Transfer 750 to Bob,pay via contacts
Can you process a QR code payment?,pay via QR code
Can you fetch my payment QR code?,show my QR code
Send 2000 to John,pay via contacts
Send 750 to Alice,pay via contacts
Wire 250 to 5566778899,bank transfer
Wire 1000 to 1234567890,bank transfer
I need my QR code for transactions,show my QR code
Can you fetch my last payments?,transaction history
Pay 2000 via john@sbi,pay via UPI ID
Make a UPI payment of 2000 to bob@ybl,pay via UPI ID
Scan a QR code to pay,pay via QR code
Transfer 500 using john@sbi,pay via UPI ID
Move ₹1000 from checking to savings,pay to self
Display my QR code,show my QR code
Wire 2000 to 5566778899,bank transfer
Can you transfer 1000 to 5566778899?,bank transfer
Make a payment of 500 to Bob,pay via contacts
I need to scan a QR code,open QR code
Deposit 750 into 9876543210,bank transfer
Make a payment of 500 to Bob,pay via contacts
Pay 250 via john@sbi,pay via UPI ID
Add ₹100 to my digital wallet,pay to self
Can you activate the QR scanner?,open QR code
Make a payment of 1000 to John,pay via contacts
Transfer 750 using emma@paytm,pay via UPI ID
Make a payment of 500 to Alice,pay via contacts
I need to scan a QR code,open QR code
Can you activate the QR scanner?,open QR code
Can you fetch my last payments?,transaction history
Wire 500 to 9876543210,bank transfer
Launch the QR code scanner,open QR code
Show my transaction history,transaction history
Shift ₹4500 from wallet to bank,pay to self
I need my QR code for transactions,show my QR code
Can I send ₹2500 to my own account?,pay to self
Bank transfer 1000 to 1234567890,bank transfer
Make a payment using QR,pay via QR code
Make a payment of 1000 to Bob,pay via contacts
Scan a QR code to pay,pay via QR code
Launch the QR code scanner,open QR code
Show my transaction history,transaction history
I need to see my past transactions,transaction history
Display my recent transactions,transaction history
Display my QR code,show my QR code
I need my QR code for transactions,show my QR code
Can you activate the QR scanner?,open QR code
Show my transaction history,transaction history
Can you fetch my last payments?,transaction history
Pay using the scanned QR code,pay via QR code
Make a payment using QR,pay via QR code
Make a payment of 1000 to Bob,pay via contacts
Can you process a QR code payment?,pay via QR code
Self-payment of ₹6000,pay to self
Send 1000 to Emma,pay via contacts
Deposit 1000 into 9876543210,bank transfer
Send 1000 to Bob,pay via contacts
Launch the QR code scanner,open QR code
Pay 750 via bob@ybl,pay via UPI ID
Can you pay 500 to Alice?,pay via contacts
Show my transaction history,transaction history
Pay using the scanned QR code,pay via QR code
Can you fetch my payment QR code?,show my QR code
Transfer 500 using john@sbi,pay via UPI ID
Can you fetch my last payments?,transaction history
Send 500 to Bob,pay via contacts
Send 2000 to John,pay via contacts
Make a UPI payment of 250 to alice@upi,pay via UPI ID
Show my QR code for payment,show my QR code
Pay 750 via john@sbi,pay via UPI ID
Can you transfer 2000 to 9876543210?,bank transfer
Can you transfer 500 to 9876543210?,bank transfer
I need my QR code for transactions,show my QR code
Bank transfer 250 to 1122334455,bank transfer
Send ₹3500 from my UPI to my own bank,pay to self
Move ₹5500 within my accounts,pay to self
Can you fetch my payment QR code?,show my QR code
Open the QR code scanner,open QR code
I need to see my past transactions,transaction history
Add ₹100 to my digital wallet,pay to self
Open the QR code scanner,open QR code
Can you pay 500 to Alice?,pay via contacts
Move ₹1000 from checking to savings,pay to self
Can you fetch my payment QR code?,show my QR code
Can you activate the QR scanner?,open QR code
Launch the QR code scanner,open QR code
Launch the QR code scanner,open QR code
I need to move ₹700 to another account of mine,pay to self
Launch the QR code scanner,open QR code
Make a payment using QR,pay via QR code
Can you activate the QR scanner?,open QR code
Open the QR code scanner,open QR code
Transfer 250 to Alice,pay via contacts
Show my transaction history,transaction history
Show my transaction history,transaction history
Pay ₹8000 into my own bank,pay to self
Show my QR code for payment,show my QR code
I need to move ₹700 to another account of mine,pay to self
Transfer money to my own account,pay to self
Deposit 1000 into 1234567890,bank transfer
Can you fetch my payment QR code?,show my QR code
Make a payment using QR,pay via QR code
I need to see my past transactions,transaction history
Display my recent transactions,transaction history
Can you fetch my last payments?,transaction history
Send 750 to Bob,pay via contacts
I need my QR code for transactions,show my QR code
Can you fetch my last payments?,transaction history
Make a payment of 500 to Bob,pay via contacts
Can you activate the QR scanner?,open QR code
Pay using the scanned QR code,pay via QR code
Open the QR code scanner,open QR code
Can you fetch my last payments?,transaction history
Send 250 to alice@upi,pay via UPI ID
I need to see my past transactions,transaction history
Can you activate the QR scanner?,open QR code
I need to scan a QR code,open QR code
Add ₹100 to my digital wallet,pay to self
Scan a QR code to pay,pay via QR code
Can you activate the QR scanner?,open QR code
I need to scan a QR code,open QR code
I need to scan a QR code,open QR code
Open the QR code scanner,open QR code
Make a payment of 500 to Alice,pay via contacts
Can I transfer ₹5000 to myself?,pay to self
Can you pay 750 to Emma?,pay via contacts
Make a payment of 1000 to Alice,pay via contacts
Can you transfer 1000 to 9876543210?,bank transfer
Transfer 750 using emma@paytm,pay via UPI ID
Pay 1000 via bob@ybl,pay via UPI ID
Show my transaction history,transaction history
Can you fetch my payment QR code?,show my QR code
Show my QR code for payment,show my QR code
Scan a QR code to pay,pay via QR code
Can you fetch my last payments?,transaction history
Can you transfer 500 to 1122334455?,bank transfer
Pay 250 via bob@ybl,pay via UPI ID
Transfer 2000 using bob@ybl,pay via UPI ID
Can you pay 750 to Emma?,pay via contacts
Transfer 250 to John,pay via contacts
Send ₹500 to my savings account,pay to self
Send ₹500 to my savings account,pay to self
Send 500 to john@sbi,pay via UPI ID
Can you transfer 250 to 1234567890?,bank transfer
Send 750 to john@sbi,pay via UPI ID
Move some funds to my personal account,pay to self
Open the QR code scanner,open QR code
Can you activate the QR scanner?,open QR code
Can you pay 250 to John?,pay via contacts
Display my recent transactions,transaction history
Make a payment using QR,pay via QR code
Can I send ₹2500 to my own account?,pay to self
Can you activate the QR scanner?,open QR code
Can I send ₹2500 to my own account?,pay to self
Display my recent transactions,transaction history
Make a UPI payment of 500 to bob@ybl,pay via UPI ID
Send ₹500 to my savings account,pay to self
Open the QR code scanner,open QR code
I need to see my past transactions,transaction history
Can you process a QR code payment?,pay via QR code
I need my QR code for transactions,show my QR code
Pay 750 via john@sbi,pay via UPI ID
Pay using the scanned QR code,pay via QR code
Display my QR code,show my QR code
Show my QR code for payment,show my QR code
Wire 2000 to 9876543210,bank transfer
Launch the QR code scanner,open QR code
Can you fetch my last payments?,transaction history
Send 250 to alice@upi,pay via UPI ID
Can you activate the QR scanner?,open QR code
Make a UPI payment of 2000 to john@sbi,pay via UPI ID
I need my QR code for transactions,show my QR code
Deposit ₹2000 into my bank account,pay to self
Make a payment of 750 to John,pay via contacts
Self-payment of ₹6000,pay to self
Transfer 250 using john@sbi,pay via UPI ID
Scan a QR code to pay,pay via QR code
Bank transfer 2000 to 1122334455,bank transfer
Wire 250 to 5566778899,bank transfer
Make a payment using QR,pay via QR code
Make a payment using QR,pay via QR code
Can you pay 750 to Emma?,pay via contacts
Launch the QR code scanner,open QR code
Scan a QR code to pay,pay via QR code
Make a UPI payment of 250 to john@sbi,pay via UPI ID
Wire 2000 to 1234567890,bank transfer
Can you pay 750 to Emma?,pay via contacts
Pay using the scanned QR code,pay via QR code
Deposit 500 into 1234567890,bank transfer
Show my transaction history,transaction history
Make a payment of 250 to Alice,pay via contacts
Pay using the scanned QR code,pay via QR code
Bank transfer 2000 to 9876543210,bank transfer
Can you process a QR code payment?,pay via QR code
Can you fetch my payment QR code?,show my QR code
Can you transfer 1000 to 5566778899?,bank transfer
Wire 1000 to 9876543210,bank transfer
Show my QR code for payment,show my QR code
Send ₹500 to my savings account,pay to self
Can you activate the QR scanner?,open QR code
Bank transfer 2000 to 5566778899,bank transfer
Can you activate the QR scanner?,open QR code
Can you process a QR code payment?,pay via QR code
Show my QR code for payment,show my QR code
Bank transfer 1000 to 1234567890,bank transfer
Can I transfer ₹5000 to myself?,pay to self
Can you transfer 2000 to 1122334455?,bank transfer
Can you process a QR code payment?,pay via QR code
Self-transfer ₹1500,pay to self
Can you pay 500 to Alice?,pay via contacts
Display my recent transactions,transaction history
Bank transfer 250 to 1234567890,bank transfer
Send 500 to john@sbi,pay via UPI ID
I need to scan a QR code,open QR code
Display my QR code,show my QR code
Open the QR code scanner,open QR code
Can you fetch my last payments?,transaction history
Can you activate the QR scanner?,open QR code
Pay 2000 via emma@paytm,pay via UPI ID
Can you activate the QR scanner?,open QR code
I need to scan a QR code,open QR code
Transfer 250 to Bob,pay via contacts
Make a UPI payment of 500 to emma@paytm,pay via UPI ID
Move some funds to my personal account,pay to self
I need to see my past transactions,transaction history
Display my QR code,show my QR code
Send 250 to john@sbi,pay via UPI ID
I want to pay myself ₹3000,pay to self
Show my transaction history,transaction history
Pay using the scanned QR code,pay via QR code
Can you fetch my last payments?,transaction history
Shift ₹4000 to my savings,pay to self
I need to see my past transactions,transaction history
Deposit ₹2000 into my bank account,pay to self
Can you fetch my last payments?,transaction history
Wire 1000 to 1234567890,bank transfer
Bank transfer 250 to 9876543210,bank transfer
Can you process a QR code payment?,pay via QR code
Can you activate the QR scanner?,open QR code
I need to see my past transactions,transaction history
Make a payment using QR,pay via QR code
Send 1000 to Alice,pay via contacts
Add ₹10000 to my secondary account,pay to self
Launch the QR code scanner,open QR code
Wire 1000 to 1122334455,bank transfer
Can you transfer 250 to 5566778899?,bank transfer
Transfer 500 to Alice,pay via contacts
I need my QR code for transactions,show my QR code
Can you transfer 750 to 9876543210?,bank transfer
Make a payment using QR,pay via QR code
Can you activate the QR scanner?,open QR code
Pay using the scanned QR code,pay via QR code
Can you transfer 750 to 9876543210?,bank transfer
Display my QR code,show my QR code
Can you fetch my last payments?,transaction history
Make a payment of 750 to Bob,pay via contacts
I need to see my past transactions,transaction history
Can you process a QR code payment?,pay via QR code
Scan a QR code to pay,pay via QR code
I need my QR code for transactions,show my QR code
Bank transfer 750 to 1122334455,bank transfer
Can you pay 750 to John?,pay via contacts
Wire 1000 to 1234567890,bank transfer
I need to see my past transactions,transaction history
Pay using the scanned QR code,pay via QR code
Scan a QR code to pay,pay via QR code
Transfer 500 to Alice,pay via contacts
Pay using the scanned QR code,pay via QR code
Launch the QR code scanner,open QR code
Bank transfer 750 to 9876543210,bank transfer
Can you fetch my last payments?,transaction history
Can you pay 500 to Emma?,pay via contacts
Can I send ₹2500 to my own account?,pay to self
I need to scan a QR code,open QR code
Make a UPI payment of 500 to john@sbi,pay via UPI ID
Add ₹100 to my digital wallet,pay to self
Can I send ₹2500 to my own account?,pay to self
Pay 1000 via emma@paytm,pay via UPI ID
I need to scan a QR code,open QR code
Launch the QR code scanner,open QR code
Pay 500 via emma@paytm,pay via UPI ID
Make a payment using QR,pay via QR code
I need my QR code for transactions,show my QR code
Make a payment of 750 to John,pay via contacts
Pay 250 via bob@ybl,pay via UPI ID
Shift ₹4000 to my savings,pay to self
Can you transfer 2000 to 1122334455?,bank transfer
Display my QR code,show my QR code
Show my QR code for payment,show my QR code
Make a UPI payment of 1000 to bob@ybl,pay via UPI ID
Display my QR code,show my QR code
Wire 250 to 9876543210,bank transfer
Pay 2000 via emma@paytm,pay via UPI ID
Can you fetch my payment QR code?,show my QR code
Shift ₹4500 from wallet to bank,pay to self
Send 2000 to John,pay via contacts
I need to scan a QR code,open QR code
Transfer 750 to John,pay via contacts
Launch the QR code scanner,open QR code
Scan a QR code to pay,pay via QR code
Make a UPI payment of 250 to alice@upi,pay via UPI ID
Transfer 750 to Alice,pay via contacts
Can I send ₹2500 to my own account?,pay to self
Pay using the scanned QR code,pay via QR code
Can you process a QR code payment?,pay via QR code
Make a UPI payment of 2000 to john@sbi,pay via UPI ID
Add ₹100 to my digital wallet,pay to self
I need my QR code for transactions,show my QR code
I need to scan a QR code,open QR code
Scan a QR code to pay,pay via QR code
Add ₹10000 to my secondary account,pay to self
Send ₹3500 from my UPI to my own bank,pay to self
Make a payment of 2000 to John,pay via contacts
Make a payment using QR,pay via QR code
Can you fetch my last payments?,transaction history
I need to move ₹700 to another account of mine,pay to self
I want to pay myself ₹3000,pay to self
Display my recent transactions,transaction history
I need my QR code for transactions,show my QR code
Can you transfer 250 to 1122334455?,bank transfer
Show my transaction history,transaction history
Show my QR code for payment,show my QR code
Self-transfer ₹1500,pay to self
Send 2000 to john@sbi,pay via UPI ID
I need my QR code for transactions,show my QR code
Open the QR code scanner,open QR code
Can you pay 2000 to Emma?,pay via contacts
Make a UPI payment of 1000 to john@sbi,pay via UPI ID
Show my QR code for payment,show my QR code
Make a UPI payment of 250 to john@sbi,pay via UPI ID
Show my QR code for payment,show my QR code
Can you fetch my last payments?,transaction history
Show my QR code for payment,show my QR code
Make a payment using QR,pay via QR code
Send 250 to bob@ybl,pay via UPI ID
Can you activate the QR scanner?,open QR code
Transfer 500 using emma@paytm,pay via UPI ID
Can you activate the QR scanner?,open QR code
Show my QR code for payment,show my QR code
Display my recent transactions,transaction history
Move some funds to my personal account,pay to self
I need to scan a QR code,open QR code
Open the QR code scanner,open QR code
Can I transfer ₹5000 to myself?,pay to self
Can you fetch my last payments?,transaction history
Transfer 500 to Bob,pay via contacts
Can you pay 500 to John?,pay via contacts
I need my QR code for transactions,show my QR code
Display my recent transactions,transaction history
Can you pay 750 to Alice?,pay via contacts
Bank transfer 2000 to 5566778899,bank transfer
Pay using the scanned QR code,pay via QR code
Send 250 to Emma,pay via contacts
Pay 250 via alice@upi,pay via UPI ID
Send 750 to emma@paytm,pay via UPI ID
I need to scan a QR code,open QR code
I need to see my past transactions,transaction history
Open the QR code scanner,open QR code
Can you pay 1000 to Emma?,pay via contacts
Display my recent transactions,transaction history
I need my QR code for transactions,show my QR code
Wire 500 to 5566778899,bank transfer
Transfer 2000 to John,pay via contacts
Open the QR code scanner,open QR code
Display my QR code,show my QR code
I need to see my past transactions,transaction history
Show my transaction history,transaction history
Deposit 750 into 1234567890,bank transfer
Send 2000 to bob@ybl,pay via UPI ID
Make a payment of 250 to Emma,pay via contacts
I need my QR code for transactions,show my QR code
Display my QR code,show my QR code
Open the QR code scanner,open QR code
Shift ₹4000 to my savings,pay to self
Open the QR code scanner,open QR code
Make a payment using QR,pay via QR code
Can you process a QR code payment?,pay via QR code
Send 1000 to Emma,pay via contacts
Display my recent transactions,transaction history
I need my QR code for transactions,show my QR code
Bank transfer 2000 to 9876543210,bank transfer
Display my QR code,show my QR code
Make a payment using QR,pay via QR code
Add ₹10000 to my secondary account,pay to self
Bank transfer 750 to 1234567890,bank transfer
I need to see my past transactions,transaction history
Pay ₹8000 into my own bank,pay to self
Can you activate the QR scanner?,open QR code
Scan a QR code to pay,pay via QR code
I need to scan a QR code,open QR code
I need to see my past transactions,transaction history
Pay 2000 via bob@ybl,pay via UPI ID
Send 250 to alice@upi,pay via UPI ID
Can you fetch my payment QR code?,show my QR code
Shift ₹4500 from wallet to bank,pay to self
Show my QR code for payment,show my QR code
Self-payment of ₹6000,pay to self
Bank transfer 500 to 9876543210,bank transfer
Send 250 to Bob,pay via contacts
Transfer money to my own account,pay to self
Deposit 500 into 5566778899,bank transfer
Can you pay 2000 to John?,pay via contacts
Wire 750 to 1122334455,bank transfer
Show my QR code for payment,show my QR code
Can you fetch my payment QR code?,show my QR code
Show my QR code for payment,show my QR code
I need to see my past transactions,transaction history
Transfer 250 using emma@paytm,pay via UPI ID
Can you transfer 2000 to 1234567890?,bank transfer
Move ₹1000 from checking to savings,pay to self
Open the QR code scanner,open QR code
Can you transfer 1000 to 1234567890?,bank transfer
Display my QR code,show my QR code
Send 2000 to Emma,pay via contacts
Make a payment of 2000 to Bob,pay via contacts
Scan a QR code to pay,pay via QR code
I need my QR code for transactions,show my QR code
I need to scan a QR code,open QR code
I need to see my past transactions,transaction history
Send 750 to alice@upi,pay via UPI ID
Deposit 750 into 9876543210,bank transfer
Send 500 to John,pay via contacts
Bank transfer 500 to 9876543210,bank transfer
I need my QR code for transactions,show my QR code
Can you pay 750 to Bob?,pay via contacts
Can you process a QR code payment?,pay via QR code
Can you pay 500 to Alice?,pay via contacts
Pay using the scanned QR code,pay via QR code
Can you pay 500 to Bob?,pay via contacts
Show my transaction history,transaction history
Make a payment of 1000 to Bob,pay via contacts
Display my QR code,show my QR code
Wire 250 to 1122334455,bank transfer
Pay ₹8000 into my own bank,pay to self
Display my QR code,show my QR code
Transfer 2000 to Emma,pay via contacts
I need to scan a QR code,open QR code
Can you fetch my payment QR code?,show my QR code
Show my QR code for payment,show my QR code
Transfer 750 using bob@ybl,pay via UPI ID
Can I transfer ₹5000 to myself?,pay to self
Display my QR code,show my QR code
Display my QR code,show my QR code
Can you transfer 500 to 1122334455?,bank transfer
Can you pay 1000 to Emma?,pay via contacts
I need my QR code for transactions,show my QR code
Send 750 to Alice,pay via contacts
Send 2000 to Emma,pay via contacts
Move ₹1000 from checking to savings,pay to self
Can you fetch my last payments?,transaction history
Make a payment using QR,pay via QR code
Can you pay 250 to John?,pay via contacts
Scan a QR code to pay,pay via QR code
Pay using the scanned QR code,pay via QR code
Can you fetch my payment QR code?,show my QR code
Transfer 250 using john@sbi,pay via UPI ID
Pay 1000 via alice@upi,pay via UPI ID
Can you fetch my last payments?,transaction history
Display my recent transactions,transaction history
Display my QR code,show my QR code
Send ₹500 to my savings account,pay to self
Show my QR code for payment,show my QR code
I need my QR code for transactions,show my QR code
Show my transaction history,transaction history
I need to scan a QR code,open QR code
Can you process a QR code payment?,pay via QR code
Transfer 500 using alice@upi,pay via UPI ID
Send 2000 to alice@upi,pay via UPI ID
Display my QR code,show my QR code
Bank transfer 1000 to 1234567890,bank transfer
Can you transfer 750 to 9876543210?,bank transfer
Pay 500 via bob@ybl,pay via UPI ID
Send 250 to Alice,pay via contacts
I need to see my past transactions,transaction history
Make a UPI payment of 2000 to bob@ybl,pay via UPI ID
Pay using the scanned QR code,pay via QR code
Send 750 to Emma,pay via contacts
Can you pay 500 to Bob?,pay via contacts
Transfer 250 using bob@ybl,pay via UPI ID
Transfer 500 to Alice,pay via contacts
I need my QR code for transactions,show my QR code
Can you transfer 2000 to 5566778899?,bank transfer
I need to see my past transactions,transaction history
Show my transaction history,transaction history
Show my transaction history,transaction history
Can you process a QR code payment?,pay via QR code
Show my QR code for payment,show my QR code
Display my recent transactions,transaction history
Deposit 750 into 1122334455,bank transfer
Make a payment of 2000 to Bob,pay via contacts
Wire 1000 to 1122334455,bank transfer
Make a payment using QR,pay via QR code
Display my QR code,show my QR code
Deposit 500 into 1234567890,bank transfer
Self-transfer ₹1500,pay to self
Pay ₹8000 into my own bank,pay to self
Can you transfer 250 to 1122334455?,bank transfer
Can you transfer 750 to 1234567890?,bank transfer
Can you fetch my last payments?,transaction history
Launch the QR code scanner,open QR code
Launch the QR code scanner,open QR code
Make a payment using QR,pay via QR code
Can you transfer 500 to 5566778899?,bank transfer
Display my recent transactions,transaction history
Open the QR code scanner,open QR code
Make a payment using QR,pay via QR code
Send 250 to John,pay via contacts
Display my recent transactions,transaction history
Can you process a QR code payment?,pay via QR code
I need to see my past transactions,transaction history
Wire 1000 to 1122334455,bank transfer
Make a payment using QR,pay via QR code
I need my QR code for transactions,show my QR code
Can I transfer ₹5000 to myself?,pay to self
Show my transaction history,transaction history
I need to scan a QR code,open QR code
Can I send ₹2500 to my own account?,pay to self
I need my QR code for transactions,show my QR code
Self-payment of ₹6000,pay to self
Show my transaction history,transaction history
Can you pay 500 to Bob?,pay via contacts
Make a UPI payment of 1000 to alice@upi,pay via UPI ID
I need to scan a QR code,open QR code
I need to move ₹700 to another account of mine,pay to self
Can you fetch my payment QR code?,show my QR code
Can you fetch my last payments?,transaction history
Show my QR code for payment,show my QR code
Can you activate the QR scanner?,open QR code
Can you fetch my last payments?,transaction history
Transfer 250 using emma@paytm,pay via UPI ID
Scan a QR code to pay,pay via QR code
Pay 1000 via emma@paytm,pay via UPI ID
Pay 500 via john@sbi,pay via UPI ID
Wire 250 to 1234567890,bank transfer
Transfer 1000 to Bob,pay via contacts
Send ₹500 to my savings account,pay to self
Shift ₹4500 from wallet to bank,pay to self
Display my recent transactions,transaction history
Make a UPI payment of 1000 to bob@ybl,pay via UPI ID
I want to pay myself ₹3000,pay to self
Self-payment of ₹6000,pay to self
Pay ₹8000 into my own bank,pay to self
I need to move ₹700 to another account of mine,pay to self
Send 500 to Bob,pay via contacts
I need my QR code for transactions,show my QR code
Scan a QR code to pay,pay via QR code
Bank transfer 2000 to 5566778899,bank transfer
Pay 250 via john@sbi,pay via UPI ID
Can you fetch my last payments?,transaction history
Can you activate the QR scanner?,open QR code
Wire 750 to 5566778899,bank transfer
Make a UPI payment of 500 to alice@upi,pay via UPI ID
Send 500 to Bob,pay via contacts
Can you process a QR code payment?,pay via QR code
Make a payment of 750 to John,pay via contacts
Open the QR code scanner,open QR code
Can you pay 1000 to Bob?,pay via contacts
Show my transaction history,transaction history
Pay using the scanned QR code,pay via QR code
Show my QR code for payment,show my QR code
Pay using the scanned QR code,pay via QR code
Make a payment of 250 to John,pay via contacts
Can you fetch my last payments?,transaction history
I want to pay myself ₹3000,pay to self
Transfer 500 using john@sbi,pay via UPI ID
Bank transfer 750 to 5566778899,bank transfer
Show my QR code for payment,show my QR code
Display my recent transactions,transaction history
Add ₹100 to my digital wallet,pay to self
I need to see my past transactions,transaction history
I need to move ₹700 to another account of mine,pay to self
Make a payment using QR,pay via QR code
Can you transfer 250 to 1122334455?,bank transfer
Display my QR code,show my QR code
Pay using the scanned QR code,pay via QR code
I need to scan a QR code,open QR code
Send 500 to Bob,pay via contacts
I need my QR code for transactions,show my QR code
Can you activate the QR scanner?,open QR code
Display my recent transactions,transaction history
Transfer 250 using emma@paytm,pay via UPI ID
Send 500 to john@sbi,pay via UPI ID
I need my QR code for transactions,show my QR code
I need my QR code for transactions,show my QR code
Launch the QR code scanner,open QR code
Can you pay 750 to Bob?,pay via contacts
Can you activate the QR scanner?,open QR code
I need to see my past transactions,transaction history
Can you process a QR code payment?,pay via QR code
I need to scan a QR code,open QR code
Can I transfer ₹5000 to myself?,pay to self
Show my QR code for payment,show my QR code
Can you transfer 250 to 5566778899?,bank transfer
Make a payment using QR,pay via QR code
I need to see my past transactions,transaction history
Launch the QR code scanner,open QR code
Bank transfer 500 to 9876543210,bank transfer
Add ₹10000 to my secondary account,pay to self
Can you fetch my last payments?,transaction history
Make a payment using QR,pay via QR code
Show my QR code for payment,show my QR code
Transfer 250 using emma@paytm,pay via UPI ID
Pay using the scanned QR code,pay via QR code
Transfer 250 to Alice,pay via contacts
Self-payment of ₹6000,pay to self
Deposit 250 into 5566778899,bank transfer
Send 1000 to Emma,pay via contacts
Pay using the scanned QR code,pay via QR code
Can you fetch my last payments?,transaction history
Scan a QR code to pay,pay via QR code
Can you activate the QR scanner?,open QR code
Launch the QR code scanner,open QR code
Make a payment of 500 to Emma,pay via contacts
Show my transaction history,transaction history
Can you transfer 750 to 5566778899?,bank transfer
Deposit 2000 into 1122334455,bank transfer
I need to scan a QR code,open QR code
Show my transaction history,transaction history
Can you activate the QR scanner?,open QR code
Display my recent transactions,transaction history
Scan a QR code to pay,pay via QR code
I need to see my past transactions,transaction history
Can you activate the QR scanner?,open QR code
Make a UPI payment of 2000 to alice@upi,pay via UPI ID
Display my QR code,show my QR code
Move some funds to my personal account,pay to self
I need my QR code for transactions,show my QR code
Bank transfer 2000 to 9876543210,bank transfer
I need my QR code for transactions,show my QR code
Make a UPI payment of 750 to alice@upi,pay via UPI ID
Make a payment using QR,pay via QR code
Pay 250 via alice@upi,pay via UPI ID
Send 2000 to bob@ybl,pay via UPI ID
Pay 2000 via bob@ybl,pay via UPI ID
Show my transaction history,transaction history
Display my QR code,show my QR code
Can you activate the QR scanner?,open QR code
Make a UPI payment of 1000 to john@sbi,pay via UPI ID
Can I send ₹2500 to my own account?,pay to self
Make a payment using QR,pay via QR code
Pay using the scanned QR code,pay via QR code
Deposit 500 into 9876543210,bank transfer
Pay 250 via alice@upi,pay via UPI ID
Can you fetch my last payments?,transaction history
Open the QR code scanner,open QR code
Open the QR code scanner,open QR code
Bank transfer 250 to 1122334455,bank transfer
Move ₹5500 within my accounts,pay to self
Can you pay 500 to Alice?,pay via contacts
Move some funds to my personal account,pay to self
Send 1000 to John,pay via contacts
Add ₹100 to my digital wallet,pay to self
Launch the QR code scanner,open QR code
Open the QR code scanner,open QR code
Open the QR code scanner,open QR code
Open the QR code scanner,open QR code
Deposit ₹2000 into my bank account,pay to self
Pay 250 via alice@upi,pay via UPI ID
Display my recent transactions,transaction history
Show my QR code for payment,show my QR code
Bank transfer 500 to 1234567890,bank transfer
Can you transfer 750 to 5566778899?,bank transfer
I need my QR code for transactions,show my QR code
Make a UPI payment of 1000 to emma@paytm,pay via UPI ID
Can you fetch my payment QR code?,show my QR code
Send 1000 to john@sbi,pay via UPI ID
Send 750 to emma@paytm,pay via UPI ID
Can you transfer 250 to 5566778899?,bank transfer
Deposit 1000 into 1122334455,bank transfer
Transfer 250 to John,pay via contacts
Send 2000 to Emma,pay via contacts
Can you fetch my last payments?,transaction history
Can you fetch my payment QR code?,show my QR code
Open the QR code scanner,open QR code
Make a payment using QR,pay via QR code
Move ₹1000 from checking to savings,pay to self
Pay 2000 via john@sbi,pay via UPI ID
Transfer 250 to Emma,pay via contacts
I need my QR code for transactions,show my QR code
Bank transfer 250 to 5566778899,bank transfer
Can you fetch my last payments?,transaction history
Launch the QR code scanner,open QR code
Send 250 to Emma,pay via contacts
Can you process a QR code payment?,pay via QR code
Open the QR code scanner,open QR code
Can you fetch my last payments?,transaction history
Can you activate the QR scanner?,open QR code
Show my QR code for payment,show my QR code
Show my QR code for payment,show my QR code
Pay using the scanned QR code,pay via QR code
Make a UPI payment of 500 to bob@ybl,pay via UPI ID
Display my recent transactions,transaction history
I need my QR code for transactions,show my QR code
Can you fetch my payment QR code?,show my QR code
Pay 750 via bob@ybl,pay via UPI ID
Can you fetch my last payments?,transaction history
Can you activate the QR scanner?,open QR code
I need to see my past transactions,transaction history
I need to see my past transactions,transaction history
Fund transfer to self ₹200,pay to self
I need my QR code for transactions,show my QR code
Move ₹5500 within my accounts,pay to self
Deposit 750 into 1122334455,bank transfer
Bank transfer 2000 to 1122334455,bank transfer
Scan a QR code to pay,pay via QR code
Scan a QR code to pay,pay via QR code
Can you fetch my last payments?,transaction history
Make a payment of 250 to Alice,pay via contacts
Make a payment of 750 to Bob,pay via contacts
Display my QR code,show my QR code
Transfer 1000 using bob@ybl,pay via UPI ID
Make a payment using QR,pay via QR code
Can you process a QR code payment?,pay via QR code
Send 500 to emma@paytm,pay via UPI ID
Deposit ₹900 into my account from UPI,pay to self
Send 1000 to Alice,pay via contacts
Pay 1000 via alice@upi,pay via UPI ID
Can you transfer 250 to 1122334455?,bank transfer
Make a payment of 1000 to John,pay via contacts
Show my transaction history,transaction history
Pay 250 via john@sbi,pay via UPI ID
Pay 250 via bob@ybl,pay via UPI ID
Can you activate the QR scanner?,open QR code
Can you fetch my payment QR code?,show my QR code
Scan a QR code to pay,pay via QR code
Display my recent transactions,transaction history
Show my transaction history,transaction history
Can you transfer 1000 to 9876543210?,bank transfer
Transfer 2000 using john@sbi,pay via UPI ID
Bank transfer 500 to 1122334455,bank transfer
Can you transfer 750 to 5566778899?,bank transfer
Scan a QR code to pay,pay via QR code
Deposit 2000 into 1122334455,bank transfer
Launch the QR code scanner,open QR code
Make a payment using QR,pay via QR code
I need to scan a QR code,open QR code
I need to see my past transactions,transaction history
I need to scan a QR code,open QR code
Can you fetch my payment QR code?,show my QR code
Bank transfer 500 to 9876543210,bank transfer
Display my QR code,show my QR code
Pay using the scanned QR code,pay via QR code
Send 1000 to emma@paytm,pay via UPI ID
Display my recent transactions,transaction history
Add ₹10000 to my secondary account,pay to self
Move ₹5500 within my accounts,pay to self
Pay using the scanned QR code,pay via QR code
Show my transaction history,transaction history
Make a payment using QR,pay via QR code
I need to scan a QR code,open QR code
Can you fetch my payment QR code?,show my QR code
Deposit ₹2000 into my bank account,pay to self
Launch the QR code scanner,open QR code
Show my transaction history,transaction history
Send 250 to Alice,pay via contacts
Wire 500 to 9876543210,bank transfer
Make a payment using QR,pay via QR code
Show my QR code for payment,show my QR code
Pay using the scanned QR code,pay via QR code
Send ₹500 to my savings account,pay to self
Transfer 2000 to Alice,pay via contacts
Show my transaction history,transaction history
Show my transaction history,transaction history
Deposit 750 into 1122334455,bank transfer
Display my recent transactions,transaction history
Show my transaction history,transaction history
Deposit ₹900 into my account from UPI,pay to self
Can you fetch my last payments?,transaction history
Pay using the scanned QR code,pay via QR code
Make a payment of 500 to John,pay via contacts
Pay using the scanned QR code,pay via QR code
Pay 750 via emma@paytm,pay via UPI ID
Can you activate the QR scanner?,open QR code
Wire 2000 to 9876543210,bank transfer
Transfer 1000 using emma@paytm,pay via UPI ID
Display my QR code,show my QR code
Self-transfer ₹1500,pay to self
Send 750 to Alice,pay via contacts
Transfer money to my own account,pay to self
Can you activate the QR scanner?,open QR code
Bank transfer 2000 to 9876543210,bank transfer
Transfer 2000 using john@sbi,pay via UPI ID
Can you fetch my last payments?,transaction history
Make a payment of 2000 to Bob,pay via contacts
Can you fetch my last payments?,transaction history
I need to move ₹700 to another account of mine,pay to self
Transfer 2000 to Emma,pay via contacts
Deposit 250 into 1122334455,bank transfer
Send ₹3500 from my UPI to my own bank,pay to self
Scan a QR code to pay,pay via QR code
Bank transfer 2000 to 1122334455,bank transfer
Make a payment using QR,pay via QR code
I need my QR code for transactions,show my QR code
Can you activate the QR scanner?,open QR code
Send 2000 to John,pay via contacts
Make a UPI payment of 1000 to emma@paytm,pay via UPI ID
Open the QR code scanner,open QR code
Launch the QR code scanner,open QR code
Make a UPI payment of 2000 to bob@ybl,pay via UPI ID
Scan a QR code to pay,pay via QR code
Display my recent transactions,transaction history
Make a payment of 1000 to Alice,pay via contacts
Send 1000 to Bob,pay via contacts
Launch the QR code scanner,open QR code
Fund transfer to self ₹200,pay to self
Send 1000 to bob@ybl,pay via UPI ID
Can you fetch my payment QR code?,show my QR code
Can you pay 250 to Alice?,pay via contacts
Bank transfer 500 to 1122334455,bank transfer
Pay using the scanned QR code,pay via QR code
Pay 750 via bob@ybl,pay via UPI ID
Can you fetch my payment QR code?,show my QR code
Transfer 250 using bob@ybl,pay via UPI ID
Pay using the scanned QR code,pay via QR code
Transfer 2000 using emma@paytm,pay via UPI ID
Can you fetch my last payments?,transaction history
Transfer money to my own account,pay to self
Scan a QR code to pay,pay via QR code
Show my QR code for payment,show my QR code
Bank transfer 2000 to 5566778899,bank transfer
Display my recent transactions,transaction history
Deposit 250 into 5566778899,bank transfer
Move ₹5500 within my accounts,pay to self
Can you transfer 500 to 1234567890?,bank transfer
Wire 250 to 9876543210,bank transfer
Pay using the scanned QR code,pay via QR code
Pay 2000 via emma@paytm,pay via UPI ID
Pay ₹8000 into my own bank,pay to self
Make a UPI payment of 2000 to bob@ybl,pay via UPI ID
Display my QR code,show my QR code
Move ₹1000 from checking to savings,pay to self
Send 750 to Emma,pay via contacts
Shift ₹4500 from wallet to bank,pay to self
Can you process a QR code payment?,pay via QR code
I need to see my past transactions,transaction history
Move some funds to my personal account,pay to self
Make a payment using QR,pay via QR code
Can you fetch my payment QR code?,show my QR code
Make a payment of 250 to Emma,pay via contacts
Bank transfer 250 to 9876543210,bank transfer
Add ₹10000 to my secondary account,pay to self
Move some funds to my personal account,pay to self
Scan a QR code to pay,pay via QR code
Can you process a QR code payment?,pay via QR code
Can you fetch my payment QR code?,show my QR code
Move ₹1000 from checking to savings,pay to self
Make a UPI payment of 1000 to bob@ybl,pay via UPI ID
Display my QR code,show my QR code
Make a UPI payment of 500 to john@sbi,pay via UPI ID
Move ₹5500 within my accounts,pay to self
Make a UPI payment of 500 to bob@ybl,pay via UPI ID
Can you fetch my payment QR code?,show my QR code
Make a payment using QR,pay via QR code
Send 2000 to alice@upi,pay via UPI ID
Display my QR code,show my QR code
Can you transfer 250 to 1122334455?,bank transfer
Can you fetch my payment QR code?,show my QR code
I need to see my past transactions,transaction history
Make a UPI payment of 500 to emma@paytm,pay via UPI ID
Send 750 to bob@ybl,pay via UPI ID
Can you fetch my payment QR code?,show my QR code
Can you pay 500 to Emma?,pay via contacts
Deposit ₹2000 into my bank account,pay to self
Pay ₹8000 into my own bank,pay to self
Pay using the scanned QR code,pay via QR code
Can you fetch my last payments?,transaction history
Deposit 750 into 5566778899,bank transfer
Send 250 to john@sbi,pay via UPI ID
Transfer 250 using alice@upi,pay via UPI ID
I need my QR code for transactions,show my QR code
Display my recent transactions,transaction history
Can you process a QR code payment?,pay via QR code
Scan a QR code to pay,pay via QR code
Transfer 1000 using john@sbi,pay via UPI ID
Deposit 750 into 1234567890,bank transfer
Show my QR code for payment,show my QR code
Transfer 1000 to Emma,pay via contacts
Can you process a QR code payment?,pay via QR code
Launch the QR code scanner,open QR code
Transfer 500 using alice@upi,pay via UPI ID
Pay using the scanned QR code,pay via QR code
Pay using the scanned QR code,pay via QR code
Scan a QR code to pay,pay via QR code
Display my recent transactions,transaction history
Pay ₹8000 into my own bank,pay to self
Can you process a QR code payment?,pay via QR code
Make a payment of 2000 to Alice,pay via contacts
Can you pay 250 to Emma?,pay via contacts
Transfer 750 to John,pay via contacts
Make a UPI payment of 2000 to john@sbi,pay via UPI ID
Transfer 1000 to Bob,pay via contacts
Show my QR code for payment,show my QR code
Fund transfer to self ₹200,pay to self
Can you activate the QR scanner?,open QR code
Can you transfer 500 to 1122334455?,bank transfer
I want to pay myself ₹3000,pay to self
Self-transfer ₹1500,pay to self
I need to move ₹700 to another account of mine,pay to self
Make a UPI payment of 2000 to john@sbi,pay via UPI ID
Open the QR code scanner,open QR code
Pay 2000 via emma@paytm,pay via UPI ID
I want to pay myself ₹3000,pay to self
Display my QR code,show my QR code
Show my QR code for payment,show my QR code
Wire 250 to 1122334455,bank transfer
Can you activate the QR scanner?,open QR code
Can you transfer 1000 to 9876543210?,bank transfer
Shift ₹4500 from wallet to bank,pay to self
Send 750 to Alice,pay via contacts
Can I send ₹2500 to my own account?,pay to self
Deposit ₹2000 into my bank account,pay to self
Can you fetch my last payments?,transaction history
Pay using the scanned QR code,pay via QR code
Can you pay 250 to John?,pay via contacts
Send 2000 to Bob,pay via contacts
Send 2000 to Bob,pay via contacts
Send 1000 to Alice,pay via contacts
Send 2000 to Emma,pay via contacts
Send 1000 to John,pay via contacts
Add ₹10000 to my secondary account,pay to self
Open the QR code scanner,open QR code
I need my QR code for transactions,show my QR code
Pay 250 via emma@paytm,pay via UPI ID
Send 1000 to john@sbi,pay via UPI ID
Transfer 1000 to Bob,pay via contacts
Pay using the scanned QR code,pay via QR code
Make a payment of 250 to John,pay via contacts
Show my QR code for payment,show my QR code
Scan a QR code to pay,pay via QR code
Send ₹3500 from my UPI to my own bank,pay to self
Make a UPI payment of 500 to alice@upi,pay via UPI ID
I want to pay myself ₹3000,pay to self
Send 500 to bob@ybl,pay via UPI ID
Add ₹100 to my digital wallet,pay to self
Show my QR code for payment,show my QR code
I need my QR code for transactions,show my QR code
Wire 500 to 1122334455,bank transfer
Show my QR code for payment,show my QR code
Display my QR code,show my QR code
Can you transfer 250 to 1122334455?,bank transfer
Pay 500 via alice@upi,pay via UPI ID
Add ₹100 to my digital wallet,pay to self
Send 250 to Bob,pay via contacts
Make a payment of 2000 to Emma,pay via contacts
Can you fetch my last payments?,transaction history
Transfer 250 to John,pay via contacts
Send 2000 to john@sbi,pay via UPI ID
Scan a QR code to pay,pay via QR code
Move ₹5500 within my accounts,pay to self
Show my QR code for payment,show my QR code
Pay using the scanned QR code,pay via QR code
I need my QR code for transactions,show my QR code
Shift ₹4000 to my savings,pay to self
Fund transfer to self ₹200,pay to self
Make a payment of 750 to Alice,pay via contacts
Transfer 1000 to John,pay via contacts
Can you transfer 750 to 1234567890?,bank transfer
Launch the QR code scanner,open QR code
Pay ₹8000 into my own bank,pay to self
Can you process a QR code payment?,pay via QR code
Shift ₹4000 to my savings,pay to self
I need to scan a QR code,open QR code
Make a UPI payment of 250 to john@sbi,pay via UPI ID
Can you activate the QR scanner?,open QR code
Launch the QR code scanner,open QR code
Deposit ₹900 into my account from UPI,pay to self
Show my transaction history,transaction history
Make a payment of 750 to Emma,pay via contacts
Can you fetch my payment QR code?,show my QR code
Transfer 2000 to John,pay via contacts
Send 1000 to emma@paytm,pay via UPI ID
Transfer 2000 using alice@upi,pay via UPI ID
Open the QR code scanner,open QR code
Can you process a QR code payment?,pay via QR code
Deposit 2000 into 1234567890,bank transfer
Can you transfer 2000 to 5566778899?,bank transfer
I need to see my past transactions,transaction history
Send 750 to Alice,pay via contacts
Can you process a QR code payment?,pay via QR code
Deposit 1000 into 1234567890,bank transfer
Make a UPI payment of 2000 to bob@ybl,pay via UPI ID
Scan a QR code to pay,pay via QR code
Pay using the scanned QR code,pay via QR code
Send 500 to john@sbi,pay via UPI ID
Can you activate the QR scanner?,open QR code
I need to see my past transactions,transaction history
Bank transfer 750 to 1234567890,bank transfer
Send ₹500 to my savings account,pay to self
Move ₹1000 from checking to savings,pay to self
Send 1000 to Emma,pay via contacts
Make a payment of 500 to Emma,pay via contacts
Display my recent transactions,transaction history
Show my transaction history,transaction history
Send 1000 to alice@upi,pay via UPI ID
Open the QR code scanner,open QR code
Can you pay 500 to Bob?,pay via contacts
Show my transaction history,transaction history
Pay using the scanned QR code,pay via QR code
I need to scan a QR code,open QR code
Make a payment using QR,pay via QR code
Bank transfer 1000 to 5566778899,bank transfer
Deposit ₹900 into my account from UPI,pay to self
Display my QR code,show my QR code
Send 250 to bob@ybl,pay via UPI ID
Send 750 to Bob,pay via contacts
Wire 1000 to 9876543210,bank transfer
Add ₹100 to my digital wallet,pay to self
Can you pay 250 to Alice?,pay via contacts
Can you fetch my payment QR code?,show my QR code
Transfer 2000 to John,pay via contacts
Display my QR code,show my QR code
Can you activate the QR scanner?,open QR code
Make a payment using QR,pay via QR code
Bank transfer 2000 to 1234567890,bank transfer
I need to scan a QR code,open QR code
Pay ₹8000 into my own bank,pay to self
Make a UPI payment of 2000 to john@sbi,pay via UPI ID
Transfer 2000 using emma@paytm,pay via UPI ID
I need my QR code for transactions,show my QR code
Send 250 to alice@upi,pay via UPI ID
Can you process a QR code payment?,pay via QR code
Self-payment of ₹6000,pay to self
I need to scan a QR code,open QR code
Send 2000 to alice@upi,pay via UPI ID
Can I send ₹2500 to my own account?,pay to self
I need to see my past transactions,transaction history
Wire 750 to 9876543210,bank transfer
Send 2000 to John,pay via contacts
Transfer 500 using emma@paytm,pay via UPI ID
Send 750 to Bob,pay via contacts
Make a payment using QR,pay via QR code
Can you fetch my last payments?,transaction history
Open the QR code scanner,open QR code
Wire 750 to 1122334455,bank transfer
Make a payment of 2000 to Emma,pay via contacts
Can you fetch my payment QR code?,show my QR code
Show my QR code for payment,show my QR code
Can you process a QR code payment?,pay via QR code
Make a payment of 750 to Bob,pay via contacts
I need to scan a QR code,open QR code
Open the QR code scanner,open QR code
Can you transfer 250 to 5566778899?,bank transfer
Open the QR code scanner,open QR code
Deposit 500 into 1234567890,bank transfer
Wire 750 to 9876543210,bank transfer
Can you transfer 250 to 9876543210?,bank transfer
I want to pay myself ₹3000,pay to self
Transfer 500 to Emma,pay via contacts
Display my QR code,show my QR code
Move ₹1000 from checking to savings,pay to self
Display my QR code,show my QR code
Make a payment of 250 to Bob,pay via contacts
Display my QR code,show my QR code
Make a payment of 750 to Bob,pay via contacts
Send 250 to Alice,pay via contacts
I need to scan a QR code,open QR code
Transfer 750 to Emma,pay via contacts
Deposit ₹2000 into my bank account,pay to self
Send 500 to Bob,pay via contacts
Transfer 250 to Bob,pay via contacts
Display my QR code,show my QR code
Can you fetch my payment QR code?,show my QR code
Pay ₹8000 into my own bank,pay to self
Open the QR code scanner,open QR code
Send 500 to john@sbi,pay via UPI ID
I need my QR code for transactions,show my QR code
Wire 1000 to 5566778899,bank transfer
I need to see my past transactions,transaction history
Can you transfer 750 to 1234567890?,bank transfer
Transfer 2000 to John,pay via contacts
Pay using the scanned QR code,pay via QR code
Make a UPI payment of 250 to john@sbi,pay via UPI ID
Show my QR code for payment,show my QR code
I need my QR code for transactions,show my QR code
Show my QR code for payment,show my QR code
Transfer 250 to Bob,pay via contacts
I need my QR code for transactions,show my QR code
Can you fetch my last payments?,transaction history
Show my QR code for payment,show my QR code
Send 250 to Bob,pay via contacts
Wire 1000 to 5566778899,bank transfer
Open the QR code scanner,open QR code
Self-transfer ₹1500,pay to self
Make a payment of 750 to Bob,pay via contacts
Deposit 2000 into 5566778899,bank transfer
Transfer 250 using john@sbi,pay via UPI ID
I need my QR code for transactions,show my QR code
Can you process a QR code payment?,pay via QR code
Wire 250 to 1234567890,bank transfer
Deposit ₹2000 into my bank account,pay to self
Send 1000 to alice@upi,pay via UPI ID
Send 500 to alice@upi,pay via UPI ID
Send 500 to Alice,pay via contacts
Bank transfer 500 to 5566778899,bank transfer
Transfer money to my own account,pay to self
Make a UPI payment of 500 to emma@paytm,pay via UPI ID
Show my QR code for payment,show my QR code
Display my recent transactions,transaction history
Send ₹3500 from my UPI to my own bank,pay to self
Display my QR code,show my QR code
Make a payment of 750 to Emma,pay via contacts
Can you activate the QR scanner?,open QR code
Can you fetch my last payments?,transaction history
Pay using the scanned QR code,pay via QR code
Display my recent transactions,transaction history
Pay 750 via john@sbi,pay via UPI ID
I need my QR code for transactions,show my QR code
Make a UPI payment of 1000 to john@sbi,pay via UPI ID
Can you fetch my payment QR code?,show my QR code
Wire 500 to 1234567890,bank transfer
Send 2000 to bob@ybl,pay via UPI ID
Make a payment of 250 to Bob,pay via contacts
Can you process a QR code payment?,pay via QR code
Display my QR code,show my QR code
Launch the QR code scanner,open QR code
Make a payment using QR,pay via QR code
Send 2000 to Alice,pay via contacts
Shift ₹4000 to my savings,pay to self
Transfer 500 using john@sbi,pay via UPI ID
Self-payment of ₹6000,pay to self
Make a payment using QR,pay via QR code
Transfer 750 to John,pay via contacts
Can you fetch my payment QR code?,show my QR code
Show my transaction history,transaction history
Display my QR code,show my QR code
Bank transfer 500 to 1122334455,bank transfer
Make a payment using QR,pay via QR code
Can I transfer ₹5000 to myself?,pay to self
Show my transaction history,transaction history
Can you process a QR code payment?,pay via QR code
Make a UPI payment of 2000 to alice@upi,pay via UPI ID
Move ₹1000 from checking to savings,pay to self
Open the QR code scanner,open QR code
Can you activate the QR scanner?,open QR code
Can you fetch my payment QR code?,show my QR code
Can you process a QR code payment?,pay via QR code
Self-transfer ₹1500,pay to self
Display my QR code,show my QR code
Make a UPI payment of 250 to bob@ybl,pay via UPI ID
Can you fetch my payment QR code?,show my QR code
Wire 1000 to 1122334455,bank transfer
Make a UPI payment of 2000 to emma@paytm,pay via UPI ID
Can you process a QR code payment?,pay via QR code
I need my QR code for transactions,show my QR code
Display my recent transactions,transaction history
Make a UPI payment of 500 to bob@ybl,pay via UPI ID
Open the QR code scanner,open QR code
Show my transaction history,transaction history
Shift ₹4500 from wallet to bank,pay to self
Launch the QR code scanner,open QR code
Transfer 500 using bob@ybl,pay via UPI ID
Send 500 to john@sbi,pay via UPI ID
Can you transfer 1000 to 5566778899?,bank transfer
Can you process a QR code payment?,pay via QR code
Send 2000 to Emma,pay via contacts
Can you fetch my payment QR code?,show my QR code
Launch the QR code scanner,open QR code
Make a payment of 250 to Emma,pay via contacts
Transfer 2000 to John,pay via contacts
Transfer 250 to Bob,pay via contacts
Self-payment of ₹6000,pay to self
Display my QR code,show my QR code
Send 2000 to alice@upi,pay via UPI ID
Show my QR code for payment,show my QR code
Make a UPI payment of 1000 to alice@upi,pay via UPI ID
Can you transfer 500 to 1122334455?,bank transfer
Send 1000 to Bob,pay via contacts
Wire 500 to 1234567890,bank transfer
Can you fetch my last payments?,transaction history
Bank transfer 1000 to 1122334455,bank transfer
Wire 250 to 1122334455,bank transfer
I need to scan a QR code,open QR code
Transfer 750 using alice@upi,pay via UPI ID
Deposit 750 into 1234567890,bank transfer
I need to scan a QR code,open QR code
Bank transfer 1000 to 1234567890,bank transfer
Shift ₹4500 from wallet to bank,pay to self
I need my QR code for transactions,show my QR code
Make a payment of 750 to John,pay via contacts
Can you pay 2000 to Bob?,pay via contacts
Deposit 2000 into 1122334455,bank transfer
Can you fetch my last payments?,transaction history
Bank transfer 1000 to 5566778899,bank transfer
Launch the QR code scanner,open QR code
Transfer 750 using emma@paytm,pay via UPI ID
Can you fetch my payment QR code?,show my QR code
Make a UPI payment of 500 to john@sbi,pay via UPI ID
Can I send ₹2500 to my own account?,pay to self
Bank transfer 1000 to 9876543210,bank transfer
I need to scan a QR code,open QR code
Can you process a QR code payment?,pay via QR code
Can you pay 250 to Bob?,pay via contacts
I need to see my past transactions,transaction history
Send 2000 to emma@paytm,pay via UPI ID
Can you transfer 250 to 9876543210?,bank transfer
Pay 2000 via alice@upi,pay via UPI ID
I need to see my past transactions,transaction history
Shift ₹4500 from wallet to bank,pay to self
Launch the QR code scanner,open QR code
Open the QR code scanner,open QR code
Launch the QR code scanner,open QR code
Pay 2000 via bob@ybl,pay via UPI ID
Can you process a QR code payment?,pay via QR code
Open the QR code scanner,open QR code
Deposit ₹900 into my account from UPI,pay to self
Send 500 to emma@paytm,pay via UPI ID
Transfer 1000 using john@sbi,pay via UPI ID
Make a payment of 750 to John,pay via contacts
Can you process a QR code payment?,pay via QR code
Wire 250 to 9876543210,bank transfer
Transfer money to my own account,pay to self
I need my QR code for transactions,show my QR code
Pay using the scanned QR code,pay via QR code
Deposit ₹2000 into my bank account,pay to self
Scan a QR code to pay,pay via QR code
Send 250 to John,pay via contacts
Show my transaction history,transaction history
I need my QR code for transactions,show my QR code
Send 1000 to alice@upi,pay via UPI ID
Deposit ₹2000 into my bank account,pay to self
Launch the QR code scanner,open QR code
Display my recent transactions,transaction history
Bank transfer 1000 to 1234567890,bank transfer
Can you activate the QR scanner?,open QR code
Add ₹100 to my digital wallet,pay to self
Deposit ₹2000 into my bank account,pay to self
Deposit 500 into 9876543210,bank transfer
Pay using the scanned QR code,pay via QR code
Can you pay 2000 to Bob?,pay via contacts
Can you pay 2000 to Emma?,pay via contacts
Can you activate the QR scanner?,open QR code
Launch the QR code scanner,open QR code
Launch the QR code scanner,open QR code
Send 250 to John,pay via contacts
Send 2000 to john@sbi,pay via UPI ID
Fund transfer to self ₹200,pay to self
Open the QR code scanner,open QR code
Bank transfer 500 to 1122334455,bank transfer
Wire 2000 to 5566778899,bank transfer
Make a payment of 2000 to John,pay via contacts
Self-payment of ₹6000,pay to self
Display my recent transactions,transaction history
Can you pay 250 to John?,pay via contacts
Self-transfer ₹1500,pay to self
Show my transaction history,transaction history
Can you pay 500 to Emma?,pay via contacts
Can you fetch my payment QR code?,show my QR code
Can you fetch my last payments?,transaction history
Transfer 1000 to Bob,pay via contacts
Can you fetch my payment QR code?,show my QR code
I need to see my past transactions,transaction history
Transfer 1000 using bob@ybl,pay via UPI ID
Deposit 500 into 1122334455,bank transfer
Bank transfer 1000 to 1122334455,bank transfer
Can you activate the QR scanner?,open QR code
Show my QR code for payment,show my QR code
Can you process a QR code payment?,pay via QR code
Scan a QR code to pay,pay via QR code
Send 250 to Emma,pay via contacts
Display my recent transactions,transaction history
Transfer 2000 to John,pay via contacts
I need my QR code for transactions,show my QR code
Scan a QR code to pay,pay via QR code
Make a payment of 750 to Bob,pay via contacts
Pay 1000 via alice@upi,pay via UPI ID
Pay 2000 via emma@paytm,pay via UPI ID
Make a UPI payment of 750 to bob@ybl,pay via UPI ID
Scan a QR code to pay,pay via QR code
Can you process a QR code payment?,pay via QR code
Send ₹500 to my savings account,pay to self
Pay 500 via john@sbi,pay via UPI ID
Make a payment of 2000 to John,pay via contacts
Move ₹1000 from checking to savings,pay to self
Self-transfer ₹1500,pay to self
Make a payment of 250 to Bob,pay via contacts
Can you pay 2000 to Alice?,pay via contacts
I need my QR code for transactions,show my QR code
Send 250 to Emma,pay via contacts
Transfer 1000 to John,pay via contacts
I need to scan a QR code,open QR code
Make a payment of 1000 to Alice,pay via contacts
Make a UPI payment of 750 to bob@ybl,pay via UPI ID
Can you transfer 750 to 9876543210?,bank transfer
I need to see my past transactions,transaction history
Self-payment of ₹6000,pay to self
Make a payment of 500 to Alice,pay via contacts
Can I transfer ₹5000 to myself?,pay to self
I need to scan a QR code,open QR code
Pay 750 via bob@ybl,pay via UPI ID
Can you activate the QR scanner?,open QR code
Pay using the scanned QR code,pay via QR code
Scan a QR code to pay,pay via QR code
Can you fetch my payment QR code?,show my QR code
Deposit 1000 into 1234567890,bank transfer
Wire 500 to 5566778899,bank transfer
Can you fetch my last payments?,transaction history
I need my QR code for transactions,show my QR code
Launch the QR code scanner,open QR code
Can you fetch my last payments?,transaction history
Make a UPI payment of 750 to alice@upi,pay via UPI ID
Move some funds to my personal account,pay to self
Shift ₹4500 from wallet to bank,pay to self
Deposit ₹900 into my account from UPI,pay to self
I need to see my past transactions,transaction history
Can you fetch my last payments?,transaction history
Display my recent transactions,transaction history
Shift ₹4000 to my savings,pay to self
Make a payment using QR,pay via QR code
Pay ₹8000 into my own bank,pay to self
Show my QR code for payment,show my QR code
Transfer 250 using bob@ybl,pay via UPI ID
I need my QR code for transactions,show my QR code
Move some funds to my personal account,pay to self
Can you activate the QR scanner?,open QR code
Can you process a QR code payment?,pay via QR code
Wire 2000 to 9876543210,bank transfer
Show my transaction history,transaction history
Can you pay 2000 to Bob?,pay via contacts
I need my QR code for transactions,show my QR code
Scan a QR code to pay,pay via QR code
Open the QR code scanner,open QR code
Can you transfer 250 to 1122334455?,bank transfer
Can you process a QR code payment?,pay via QR code
Launch the QR code scanner,open QR code
Make a payment of 250 to Emma,pay via contacts
Show my transaction history,transaction history
Bank transfer 250 to 1234567890,bank transfer
Send 1000 to bob@ybl,pay via UPI ID
Can you process a QR code payment?,pay via QR code
Send 750 to Alice,pay via contacts
Open the QR code scanner,open QR code
Deposit ₹2000 into my bank account,pay to self
Make a UPI payment of 500 to john@sbi,pay via UPI ID
I need to see my past transactions,transaction history
Bank transfer 2000 to 1234567890,bank transfer
Make a payment of 250 to Emma,pay via contacts
Display my recent transactions,transaction history
Pay ₹8000 into my own bank,pay to self
Send ₹500 to my savings account,pay to self
Open the QR code scanner,open QR code
Pay ₹8000 into my own bank,pay to self
Transfer money to my own account,pay to self
I need to see my past transactions,transaction history
Launch the QR code scanner,open QR code
Transfer 2000 to Alice,pay via contacts
Transfer money to my own account,pay to self
Open the QR code scanner,open QR code
Launch the QR code scanner,open QR code
I need to scan a QR code,open QR code
Show my QR code for payment,show my QR code
Wire 2000 to 1122334455,bank transfer
Can you fetch my payment QR code?,show my QR code
Pay 250 via john@sbi,pay via UPI ID
Add ₹10000 to my secondary account,pay to self
I need to see my past transactions,transaction history
Move ₹5500 within my accounts,pay to self
Show my transaction history,transaction history
Open the QR code scanner,open QR code
Deposit 2000 into 9876543210,bank transfer
Deposit ₹2000 into my bank account,pay to self
Display my QR code,show my QR code
Can you transfer 250 to 9876543210?,bank transfer
Can you fetch my payment QR code?,show my QR code
Can you fetch my last payments?,transaction history
Can you transfer 2000 to 5566778899?,bank transfer
Send 1000 to John,pay via contacts
Bank transfer 1000 to 9876543210,bank transfer
Transfer 500 to Bob,pay via contacts
Launch the QR code scanner,open QR code
Display my recent transactions,transaction history
Can you activate the QR scanner?,open QR code
Bank transfer 1000 to 9876543210,bank transfer
Can you fetch my payment QR code?,show my QR code
Launch the QR code scanner,open QR code
Bank transfer 250 to 9876543210,bank transfer
Make a payment of 500 to John,pay via contacts
Make a payment of 1000 to John,pay via contacts
Can you transfer 1000 to 1234567890?,bank transfer
Make a payment of 500 to Bob,pay via contacts
Open the QR code scanner,open QR code
Can you fetch my payment QR code?,show my QR code
Pay 2000 via bob@ybl,pay via UPI ID
Launch the QR code scanner,open QR code
Wire 1000 to 5566778899,bank transfer
Can you fetch my last payments?,transaction history
I need to scan a QR code,open QR code
Can you activate the QR scanner?,open QR code
Launch the QR code scanner,open QR code
Show my QR code for payment,show my QR code
Display my recent transactions,transaction history
Show my transaction history,transaction history
Make a payment using QR,pay via QR code
Transfer 500 to John,pay via contacts
Move ₹5500 within my accounts,pay to self
Transfer 500 to Emma,pay via contacts
Launch the QR code scanner,open QR code
Make a payment using QR,pay via QR code
Can you transfer 2000 to 1122334455?,bank transfer
Can you pay 500 to Bob?,pay via contacts
Shift ₹4000 to my savings,pay to self
Bank transfer 2000 to 1122334455,bank transfer
Pay using the scanned QR code,pay via QR code
Can you pay 2000 to Emma?,pay via contacts
Add ₹100 to my digital wallet,pay to self
Make a UPI payment of 1000 to alice@upi,pay via UPI ID
Display my recent transactions,transaction history
Can you transfer 2000 to 5566778899?,bank transfer
Can you process a QR code payment?,pay via QR code
Pay using the scanned QR code,pay via QR code
Can you fetch my payment QR code?,show my QR code
Pay ₹8000 into my own bank,pay to self
Make a payment of 2000 to Emma,pay via contacts
Shift ₹4500 from wallet to bank,pay to self
Send 250 to Alice,pay via contacts
I need to move ₹700 to another account of mine,pay to self
Can you fetch my last payments?,transaction history
Make a payment of 1000 to Alice,pay via contacts
Scan a QR code to pay,pay via QR code
I need my QR code for transactions,show my QR code
Make a UPI payment of 750 to bob@ybl,pay via UPI ID
Can you fetch my payment QR code?,show my QR code
Scan a QR code to pay,pay via QR code
Move ₹5500 within my accounts,pay to self
Can you activate the QR scanner?,open QR code
Can you transfer 500 to 5566778899?,bank transfer
Transfer 500 to Emma,pay via contacts
Can you fetch my payment QR code?,show my QR code
Transfer 1000 to Bob,pay via contacts
Fund transfer to self ₹200,pay to self
Pay using the scanned QR code,pay via QR code
Open the QR code scanner,open QR code
Can I send ₹2500 to my own account?,pay to self
Open the QR code scanner,open QR code
Pay 500 via john@sbi,pay via UPI ID
Make a UPI payment of 1000 to bob@ybl,pay via UPI ID
Can you transfer 500 to 1122334455?,bank transfer
Can you fetch my payment QR code?,show my QR code
Shift ₹4500 from wallet to bank,pay to self
Send ₹3500 from my UPI to my own bank,pay to self
Can you process a QR code payment?,pay via QR code
I need to see my past transactions,transaction history
Can you activate the QR scanner?,open QR code
Deposit 750 into 1234567890,bank transfer
Open the QR code scanner,open QR code
Pay ₹8000 into my own bank,pay to self
Show my QR code for payment,show my QR code
Bank transfer 750 to 1122334455,bank transfer
Transfer 750 to Bob,pay via contacts
Can you fetch my last payments?,transaction history
Scan a QR code to pay,pay via QR code
Bank transfer 250 to 9876543210,bank transfer
Shift ₹4000 to my savings,pay to self
Show my transaction history,transaction history
Can you activate the QR scanner?,open QR code
Make a UPI payment of 1000 to emma@paytm,pay via UPI ID
I need to see my past transactions,transaction history
Make a payment using QR,pay via QR code
Can you fetch my last payments?,transaction history
Launch the QR code scanner,open QR code
Deposit 250 into 9876543210,bank transfer
Deposit 1000 into 5566778899,bank transfer
Self-payment of ₹6000,pay to self
Self-payment of ₹6000,pay to self
Shift ₹4000 to my savings,pay to self
Make a payment of 1000 to Bob,pay via contacts
Add ₹10000 to my secondary account,pay to self
Transfer 250 using alice@upi,pay via UPI ID
Transfer money to my own account,pay to self
I need to see my past transactions,transaction history
Display my QR code,show my QR code
Open the QR code scanner,open QR code
Launch the QR code scanner,open QR code
Can you process a QR code payment?,pay via QR code
Make a UPI payment of 2000 to alice@upi,pay via UPI ID
Shift ₹4000 to my savings,pay to self
Deposit 250 into 5566778899,bank transfer
I need my QR code for transactions,show my QR code
Pay using the scanned QR code,pay via QR code
Can you fetch my payment QR code?,show my QR code
Pay 750 via emma@paytm,pay via UPI ID
Transfer 250 to Emma,pay via contacts
Can you pay 1000 to Alice?,pay via contacts
Send ₹500 to my savings account,pay to self
I need to see my past transactions,transaction history
Show my transaction history,transaction history
I need to see my past transactions,transaction history
Make a payment of 750 to Emma,pay via contacts
Display my QR code,show my QR code
Bank transfer 1000 to 5566778899,bank transfer
I need to see my past transactions,transaction history
Display my recent transactions,transaction history
Can you fetch my payment QR code?,show my QR code
Can you fetch my last payments?,transaction history
Send ₹500 to my savings account,pay to self
I need to scan a QR code,open QR code
Bank transfer 500 to 9876543210,bank transfer
Can you fetch my last payments?,transaction history
I need to see my past transactions,transaction history
Bank transfer 2000 to 1234567890,bank transfer
Open the QR code scanner,open QR code
Make a payment using QR,pay via QR code
Show my transaction history,transaction history
Transfer 750 to John,pay via contacts
I need to see my past transactions,transaction history
Can you activate the QR scanner?,open QR code
Send 500 to alice@upi,pay via UPI ID
Show my transaction history,transaction history
I need my QR code for transactions,show my QR code
Can you transfer 2000 to 9876543210?,bank transfer
Can you fetch my payment QR code?,show my QR code
Make a payment using QR,pay via QR code
I need to see my past transactions,transaction history
Show my QR code for payment,show my QR code
Open the QR code scanner,open QR code
Bank transfer 750 to 9876543210,bank transfer
Pay 1000 via emma@paytm,pay via UPI ID
Transfer money to my own account,pay to self
Display my recent transactions,transaction history
Display my recent transactions,transaction history
Launch the QR code scanner,open QR code
Show my QR code for payment,show my QR code
Pay 500 via alice@upi,pay via UPI ID
Can you activate the QR scanner?,open QR code
Can I send ₹2500 to my own account?,pay to self
Make a payment of 2000 to John,pay via contacts
Send 1000 to Emma,pay via contacts
Can you activate the QR scanner?,open QR code
Display my recent transactions,transaction history
Show my transaction history,transaction history
Launch the QR code scanner,open QR code
I need to scan a QR code,open QR code
Pay using the scanned QR code,pay via QR code
I need my QR code for transactions,show my QR code
Make a payment using QR,pay via QR code
Send ₹3500 from my UPI to my own bank,pay to self
Transfer 750 to John,pay via contacts
Scan a QR code to pay,pay via QR code
Display my recent transactions,transaction history
Pay using the scanned QR code,pay via QR code
I need to scan a QR code,open QR code
Send 500 to John,pay via contacts
Make a payment of 750 to Alice,pay via contacts
Display my QR code,show my QR code
Transfer 750 using bob@ybl,pay via UPI ID
I need to move ₹700 to another account of mine,pay to self
Can you fetch my last payments?,transaction history
Scan a QR code to pay,pay via QR code
I need to move ₹700 to another account of mine,pay to self
Can you fetch my last payments?,transaction history
Bank transfer 1000 to 1122334455,bank transfer
Scan a QR code to pay,pay via QR code
Display my recent transactions,transaction history
Transfer 1000 using bob@ybl,pay via UPI ID
Send 500 to Emma,pay via contacts
Can I transfer ₹5000 to myself?,pay to self
Can you transfer 2000 to 9876543210?,bank transfer
Scan a QR code to pay,pay via QR code
Transfer 2000 to Bob,pay via contacts
Self-payment of ₹6000,pay to self
Deposit 250 into 1234567890,bank transfer
Open the QR code scanner,open QR code
Fund transfer to self ₹200,pay to self
Open the QR code scanner,open QR code
Can you fetch my payment QR code?,show my QR code
Open the QR code scanner,open QR code
Pay 2000 via alice@upi,pay via UPI ID
Can you fetch my payment QR code?,show my QR code
Can you transfer 500 to 1234567890?,bank transfer
Show my transaction history,transaction history
Self-payment of ₹6000,pay to self
Show my transaction history,transaction history
Display my recent transactions,transaction history
Send 500 to alice@upi,pay via UPI ID
I need my QR code for transactions,show my QR code
Can you fetch my payment QR code?,show my QR code
Can you process a QR code payment?,pay via QR code
Can you transfer 500 to 9876543210?,bank transfer
Shift ₹4500 from wallet to bank,pay to self
Self-transfer ₹1500,pay to self
Pay 500 via emma@paytm,pay via UPI ID
Self-payment of ₹6000,pay to self
Can you fetch my payment QR code?,show my QR code
Pay 500 via alice@upi,pay via UPI ID
I need to see my past transactions,transaction history
Can you process a QR code payment?,pay via QR code
Make a payment using QR,pay via QR code
Deposit ₹900 into my account from UPI,pay to self
Send 2000 to emma@paytm,pay via UPI ID
Open the QR code scanner,open QR code
Can you process a QR code payment?,pay via QR code
Display my recent transactions,transaction history
Send 500 to alice@upi,pay via UPI ID
Send 250 to Alice,pay via contacts
Can you fetch my payment QR code?,show my QR code
Deposit 1000 into 1122334455,bank transfer
Show my transaction history,transaction history
Display my QR code,show my QR code
Bank transfer 2000 to 5566778899,bank transfer
Deposit 2000 into 1234567890,bank transfer
Make a UPI payment of 250 to john@sbi,pay via UPI ID
Show my transaction history,transaction history
Wire 250 to 1234567890,bank transfer
Can you activate the QR scanner?,open QR code
Can you activate the QR scanner?,open QR code
Show my QR code for payment,show my QR code
Show my transaction history,transaction history
Display my QR code,show my QR code
Wire 500 to 5566778899,bank transfer
Send 1000 to John,pay via contacts
Make a payment using QR,pay via QR code
Can you transfer 250 to 1122334455?,bank transfer
Move ₹1000 from checking to savings,pay to self
Can you fetch my payment QR code?,show my QR code
Send 500 to alice@upi,pay via UPI ID
Wire 750 to 5566778899,bank transfer
Transfer 500 to Alice,pay via contacts
Make a payment using QR,pay via QR code
Open the QR code scanner,open QR code
Send 1000 to bob@ybl,pay via UPI ID
Bank transfer 500 to 1122334455,bank transfer
Make a UPI payment of 500 to emma@paytm,pay via UPI ID
Transfer money to my own account,pay to self
Scan a QR code to pay,pay via QR code
I need my QR code for transactions,show my QR code
Show my QR code for payment,show my QR code
Transfer money to my own account,pay to self
Display my recent transactions,transaction history
I need to see my past transactions,transaction history
Can you pay 750 to Emma?,pay via contacts
Show my QR code for payment,show my QR code
Shift ₹4000 to my savings,pay to self
I need my QR code for transactions,show my QR code
Can you transfer 2000 to 9876543210?,bank transfer
I need to move ₹700 to another account of mine,pay to self
Can you process a QR code payment?,pay via QR code
Send 750 to emma@paytm,pay via UPI ID
Shift ₹4500 from wallet to bank,pay to self
I need my QR code for transactions,show my QR code
Wire 1000 to 5566778899,bank transfer
Transfer 1000 to Alice,pay via contacts
Display my QR code,show my QR code
Self-payment of ₹6000,pay to self
Make a payment using QR,pay via QR code
Pay using the scanned QR code,pay via QR code
Wire 250 to 9876543210,bank transfer
I need to scan a QR code,open QR code
Open the QR code scanner,open QR code
Open the QR code scanner,open QR code
Can you process a QR code payment?,pay via QR code
Show my QR code for payment,show my QR code
Can you fetch my payment QR code?,show my QR code
Can you activate the QR scanner?,open QR code
I need to see my past transactions,transaction history
Show my QR code for payment,show my QR code
Can you activate the QR scanner?,open QR code
Display my QR code,show my QR code
Launch the QR code scanner,open QR code
Open the QR code scanner,open QR code
Make a payment of 2000 to John,pay via contacts
Can you process a QR code payment?,pay via QR code
Make a payment using QR,pay via QR code
Send 750 to emma@paytm,pay via UPI ID
Deposit 500 into 9876543210,bank transfer
Send 1000 to bob@ybl,pay via UPI ID
Can you fetch my last payments?,transaction history
Can you fetch my last payments?,transaction history
Display my QR code,show my QR code
Can you activate the QR scanner?,open QR code
I need to scan a QR code,open QR code
Make a UPI payment of 1000 to john@sbi,pay via UPI ID
Scan a QR code to pay,pay via QR code
Pay using the scanned QR code,pay via QR code
Make a UPI payment of 250 to bob@ybl,pay via UPI ID
Show my transaction history,transaction history
Transfer 250 to Alice,pay via contacts
Wire 2000 to 1234567890,bank transfer
Bank transfer 750 to 9876543210,bank transfer
I need my QR code for transactions,show my QR code
Fund transfer to self ₹200,pay to self
Make a payment using QR,pay via QR code
Transfer 250 using bob@ybl,pay via UPI ID
I need to see my past transactions,transaction history
Move ₹5500 within my accounts,pay to self
Send 250 to Emma,pay via contacts
Display my QR code,show my QR code
Open the QR code scanner,open QR code
Make a UPI payment of 1000 to john@sbi,pay via UPI ID
Launch the QR code scanner,open QR code
Make a UPI payment of 500 to john@sbi,pay via UPI ID
Pay using the scanned QR code,pay via QR code
I need to see my past transactions,transaction history
I need to scan a QR code,open QR code
Can you activate the QR scanner?,open QR code
Transfer 500 to John,pay via contacts
I need to see my past transactions,transaction history
Show my QR code for payment,show my QR code
Open the QR code scanner,open QR code
Can I send ₹2500 to my own account?,pay to self
Pay using the scanned QR code,pay via QR code
I need my QR code for transactions,show my QR code
Transfer 2000 using alice@upi,pay via UPI ID
Make a UPI payment of 500 to bob@ybl,pay via UPI ID
Transfer 750 using alice@upi,pay via UPI ID
Send 500 to alice@upi,pay via UPI ID
Launch the QR code scanner,open QR code
I need my QR code for transactions,show my QR code
Make a UPI payment of 250 to emma@paytm,pay via UPI ID
Make a payment using QR,pay via QR code
Transfer 250 using alice@upi,pay via UPI ID
Display my QR code,show my QR code
Can you fetch my payment QR code?,show my QR code
Send 500 to john@sbi,pay via UPI ID
Transfer 1000 using alice@upi,pay via UPI ID
Pay using the scanned QR code,pay via QR code
Show my QR code for payment,show my QR code
Can I transfer ₹5000 to myself?,pay to self
Display my recent transactions,transaction history
Scan a QR code to pay,pay via QR code
I need my QR code for transactions,show my QR code
Display my recent transactions,transaction history
I need my QR code for transactions,show my QR code
I need my QR code for transactions,show my QR code
Display my QR code,show my QR code
Send ₹3500 from my UPI to my own bank,pay to self
Scan a QR code to pay,pay via QR code
Can you process a QR code payment?,pay via QR code
Add ₹100 to my digital wallet,pay to self
Can you transfer 750 to 1234567890?,bank transfer
Send 2000 to bob@ybl,pay via UPI ID
I need my QR code for transactions,show my QR code
Make a payment using QR,pay via QR code
Send 1000 to Alice,pay via contacts
Send 750 to bob@ybl,pay via UPI ID
Wire 750 to 1234567890,bank transfer
Shift ₹4500 from wallet to bank,pay to self
Can you fetch my last payments?,transaction history
Can you process a QR code payment?,pay via QR code
Show my QR code for payment,show my QR code
Pay 250 via bob@ybl,pay via UPI ID
Make a payment using QR,pay via QR code
Scan a QR code to pay,pay via QR code
Can you process a QR code payment?,pay via QR code
Bank transfer 250 to 1122334455,bank transfer
Bank transfer 1000 to 9876543210,bank transfer
Transfer 500 using bob@ybl,pay via UPI ID
I need to scan a QR code,open QR code
Can you pay 750 to Alice?,pay via contacts
Send 750 to alice@upi,pay via UPI ID
Wire 1000 to 5566778899,bank transfer
Scan a QR code to pay,pay via QR code
Add ₹100 to my digital wallet,pay to self
Show my QR code for payment,show my QR code
Launch the QR code scanner,open QR code
Send 500 to emma@paytm,pay via UPI ID
Send 250 to john@sbi,pay via UPI ID
Launch the QR code scanner,open QR code
I need to move ₹700 to another account of mine,pay to self
Can you fetch my payment QR code?,show my QR code
I need my QR code for transactions,show my QR code
Show my QR code for payment,show my QR code
Show my transaction history,transaction history
I want to pay myself ₹3000,pay to self
Self-payment of ₹6000,pay to self
Deposit 250 into 5566778899,bank transfer
Show my transaction history,transaction history
Can you fetch my payment QR code?,show my QR code
Pay using the scanned QR code,pay via QR code
Deposit 250 into 1234567890,bank transfer
Can you transfer 250 to 1234567890?,bank transfer
Send 1000 to Emma,pay via contacts
Display my recent transactions,transaction history
Can you activate the QR scanner?,open QR code
Bank transfer 250 to 9876543210,bank transfer
Can you pay 1000 to John?,pay via contacts
Launch the QR code scanner,open QR code
I need to see my past transactions,transaction history
Bank transfer 2000 to 1234567890,bank transfer
Can you pay 750 to Alice?,pay via contacts
Can you activate the QR scanner?,open QR code
Pay using the scanned QR code,pay via QR code
Send ₹500 to my savings account,pay to self
Show my transaction history,transaction history
Make a payment using QR,pay via QR code
Open the QR code scanner,open QR code
Display my recent transactions,transaction history
Can you activate the QR scanner?,open QR code
Pay using the scanned QR code,pay via QR code
Make a UPI payment of 500 to bob@ybl,pay via UPI ID
I need to scan a QR code,open QR code
Show my QR code for payment,show my QR code
Send 1000 to John,pay via contacts
I need my QR code for transactions,show my QR code
Can you fetch my payment QR code?,show my QR code
Move ₹5500 within my accounts,pay to self
I need to move ₹700 to another account of mine,pay to self
I need to scan a QR code,open QR code
Can you fetch my payment QR code?,show my QR code
Open the QR code scanner,open QR code
Can you fetch my payment QR code?,show my QR code
Make a payment using QR,pay via QR code
Shift ₹4500 from wallet to bank,pay to self
Show my QR code for payment,show my QR code
Make a payment of 750 to John,pay via contacts
Bank transfer 2000 to 1122334455,bank transfer
Make a UPI payment of 750 to bob@ybl,pay via UPI ID
Make a UPI payment of 750 to emma@paytm,pay via UPI ID
Make a payment of 500 to John,pay via contacts
I need to see my past transactions,transaction history
I need to see my past transactions,transaction history
Launch the QR code scanner,open QR code
Display my QR code,show my QR code
Move ₹1000 from checking to savings,pay to self
I need my QR code for transactions,show my QR code
Display my QR code,show my QR code
Send 250 to Emma,pay via contacts
Make a payment of 250 to John,pay via contacts
Make a UPI payment of 750 to emma@paytm,pay via UPI ID
I need to see my past transactions,transaction history
Wire 750 to 1122334455,bank transfer
Scan a QR code to pay,pay via QR code
Deposit 500 into 5566778899,bank transfer
Transfer 1000 using alice@upi,pay via UPI ID
Make a UPI payment of 500 to alice@upi,pay via UPI ID
I need my QR code for transactions,show my QR code
Deposit ₹900 into my account from UPI,pay to self
Scan a QR code to pay,pay via QR code
Transfer 500 to Bob,pay via contacts
Scan a QR code to pay,pay via QR code
Transfer 750 to Emma,pay via contacts
Open the QR code scanner,open QR code
I need to see my past transactions,transaction history
I need to see my past transactions,transaction history
Bank transfer 2000 to 9876543210,bank transfer
I need to see my past transactions,transaction history
Make a UPI payment of 250 to alice@upi,pay via UPI ID
Send 500 to Bob,pay via contacts
Pay 500 via emma@paytm,pay via UPI ID
Transfer 500 to John,pay via contacts
Wire 250 to 1122334455,bank transfer
Can I transfer ₹5000 to myself?,pay to self
Bank transfer 2000 to 9876543210,bank transfer
Pay 2000 via emma@paytm,pay via UPI ID
Transfer 750 using bob@ybl,pay via UPI ID
Shift ₹4000 to my savings,pay to self
Can you fetch my payment QR code?,show my QR code
Can you process a QR code payment?,pay via QR code
Bank transfer 750 to 5566778899,bank transfer
I need to move ₹700 to another account of mine,pay to self
Scan a QR code to pay,pay via QR code
Can you fetch my payment QR code?,show my QR code
Display my recent transactions,transaction history
Display my QR code,show my QR code
Add ₹100 to my digital wallet,pay to self
Make a UPI payment of 250 to alice@upi,pay via UPI ID
Make a payment using QR,pay via QR code
Send 750 to john@sbi,pay via UPI ID
Shift ₹4000 to my savings,pay to self
Send 250 to john@sbi,pay via UPI ID
Move ₹1000 from checking to savings,pay to self
Can you fetch my last payments?,transaction history
Can you pay 1000 to Bob?,pay via contacts
Shift ₹4500 from wallet to bank,pay to self
Show my transaction history,transaction history
Can you process a QR code payment?,pay via QR code
Bank transfer 750 to 9876543210,bank transfer
Send 1000 to alice@upi,pay via UPI ID
Can you fetch my payment QR code?,show my QR code
Send 2000 to John,pay via contacts
Can you process a QR code payment?,pay via QR code
Can you process a QR code payment?,pay via QR code
Can you process a QR code payment?,pay via QR code
Can you fetch my last payments?,transaction history
Can you process a QR code payment?,pay via QR code
Transfer 250 to John,pay via contacts
Make a UPI payment of 250 to alice@upi,pay via UPI ID
Can you fetch my last payments?,transaction history
Transfer 1000 using john@sbi,pay via UPI ID
Make a payment using QR,pay via QR code
Add ₹10000 to my secondary account,pay to self
Scan a QR code to pay,pay via QR code
Send 1000 to Emma,pay via contacts
Can you fetch my payment QR code?,show my QR code
Send 500 to Alice,pay via contacts
Transfer 1000 using emma@paytm,pay via UPI ID
Deposit 250 into 1234567890,bank transfer
Display my QR code,show my QR code
Pay 2000 via john@sbi,pay via UPI ID
Can I transfer ₹5000 to myself?,pay to self
Add ₹10000 to my secondary account,pay to self
I need my QR code for transactions,show my QR code
Make a payment of 2000 to Alice,pay via contacts
Can you transfer 750 to 5566778899?,bank transfer
Make a UPI payment of 1000 to emma@paytm,pay via UPI ID
Can you pay 750 to Bob?,pay via contacts
Scan a QR code to pay,pay via QR code
Scan a QR code to pay,pay via QR code
Send 750 to bob@ybl,pay via UPI ID
Can you fetch my last payments?,transaction history
Show my QR code for payment,show my QR code
Can you transfer 750 to 1234567890?,bank transfer
I need to scan a QR code,open QR code
Show my transaction history,transaction history
Launch the QR code scanner,open QR code
Make a payment using QR,pay via QR code
I need to scan a QR code,open QR code
Can you fetch my payment QR code?,show my QR code
Display my QR code,show my QR code
Can you fetch my payment QR code?,show my QR code
I need to move ₹700 to another account of mine,pay to self
Wire 2000 to 1122334455,bank transfer
Show my QR code for payment,show my QR code
I need to scan a QR code,open QR code
Pay 500 via john@sbi,pay via UPI ID
Scan a QR code to pay,pay via QR code
Make a payment of 1000 to Bob,pay via contacts
Show my QR code for payment,show my QR code
I need to scan a QR code,open QR code
Launch the QR code scanner,open QR code
Can you pay 250 to Emma?,pay via contacts
Send 250 to Alice,pay via contacts
Launch the QR code scanner,open QR code
Make a payment using QR,pay via QR code
Send 2000 to emma@paytm,pay via UPI ID
Pay 250 via emma@paytm,pay via UPI ID
Can I transfer ₹5000 to myself?,pay to self
Open the QR code scanner,open QR code
Can you fetch my payment QR code?,show my QR code
Pay 750 via emma@paytm,pay via UPI ID
Scan a QR code to pay,pay via QR code
Make a UPI payment of 750 to john@sbi,pay via UPI ID
Can you fetch my payment QR code?,show my QR code
I need my QR code for transactions,show my QR code
Shift ₹4000 to my savings,pay to self
Launch the QR code scanner,open QR code
Can you activate the QR scanner?,open QR code
Display my QR code,show my QR code
Deposit 250 into 1122334455,bank transfer
Make a payment of 1000 to Emma,pay via contacts
Make a payment using QR,pay via QR code
Make a payment using QR,pay via QR code
Make a UPI payment of 500 to bob@ybl,pay via UPI ID
Can I transfer ₹5000 to myself?,pay to self
Pay 250 via alice@upi,pay via UPI ID
Wire 2000 to 1122334455,bank transfer
Scan a QR code to pay,pay via QR code
Can you fetch my payment QR code?,show my QR code
Deposit 250 into 1122334455,bank transfer
Can you pay 750 to John?,pay via contacts
Open the QR code scanner,open QR code
Can you activate the QR scanner?,open QR code
I need to scan a QR code,open QR code
I need my QR code for transactions,show my QR code
Can you pay 2000 to Alice?,pay via contacts
Can you fetch my last payments?,transaction history
Show my QR code for payment,show my QR code
Show my QR code for payment,show my QR code
Launch the QR code scanner,open QR code
Transfer 250 using john@sbi,pay via UPI ID
Display my QR code,show my QR code
Make a payment using QR,pay via QR code
I need my QR code for transactions,show my QR code
Can you transfer 500 to 1122334455?,bank transfer
Can you fetch my payment QR code?,show my QR code
Can you transfer 500 to 5566778899?,bank transfer
Can you fetch my payment QR code?,show my QR code
Can you process a QR code payment?,pay via QR code
I need to scan a QR code,open QR code
Launch the QR code scanner,open QR code
Launch the QR code scanner,open QR code
Transfer 750 using alice@upi,pay via UPI ID
Deposit 2000 into 9876543210,bank transfer
Transfer 2000 using bob@ybl,pay via UPI ID
Scan a QR code to pay,pay via QR code
Deposit 500 into 1234567890,bank transfer
Make a payment of 750 to Emma,pay via contacts
I need to scan a QR code,open QR code
Can you fetch my last payments?,transaction history
Wire 2000 to 1234567890,bank transfer
Make a payment using QR,pay via QR code
Bank transfer 1000 to 1122334455,bank transfer
Can I send ₹2500 to my own account?,pay to self
Transfer 250 using john@sbi,pay via UPI ID
Make a payment of 2000 to Alice,pay via contacts
Bank transfer 1000 to 5566778899,bank transfer
Send 750 to Bob,pay via contacts
Self-transfer ₹1500,pay to self
Display my recent transactions,transaction history
Show my transaction history,transaction history
Make a UPI payment of 500 to bob@ybl,pay via UPI ID
Can you process a QR code payment?,pay via QR code
Shift ₹4500 from wallet to bank,pay to self
Show my QR code for payment,show my QR code
Shift ₹4000 to my savings,pay to self
Bank transfer 1000 to 1234567890,bank transfer
Can you fetch my payment QR code?,show my QR code
Can you fetch my payment QR code?,show my QR code
Display my recent transactions,transaction history
I need to scan a QR code,open QR code
Can you fetch my last payments?,transaction history
Send 500 to Emma,pay via contacts
Deposit 500 into 1234567890,bank transfer
Bank transfer 2000 to 1234567890,bank transfer
Make a UPI payment of 250 to bob@ybl,pay via UPI ID
Can you activate the QR scanner?,open QR code
I need to see my past transactions,transaction history
Transfer 750 to Bob,pay via contacts
Wire 1000 to 1122334455,bank transfer
Make a UPI payment of 750 to emma@paytm,pay via UPI ID
Scan a QR code to pay,pay via QR code
I need my QR code for transactions,show my QR code
Deposit 2000 into 9876543210,bank transfer
Can you fetch my last payments?,transaction history
Launch the QR code scanner,open QR code
Open the QR code scanner,open QR code
Show my QR code for payment,show my QR code
Transfer 750 using emma@paytm,pay via UPI ID
Deposit ₹900 into my account from UPI,pay to self
Transfer 2000 using bob@ybl,pay via UPI ID
Transfer 500 using alice@upi,pay via UPI ID
Can you process a QR code payment?,pay via QR code
Add ₹10000 to my secondary account,pay to self
Open the QR code scanner,open QR code
Move ₹1000 from checking to savings,pay to self
Display my QR code,show my QR code
Wire 750 to 9876543210,bank transfer
Launch the QR code scanner,open QR code
Self-payment of ₹6000,pay to self
Move ₹1000 from checking to savings,pay to self
Transfer 2000 using emma@paytm,pay via UPI ID
Make a UPI payment of 500 to john@sbi,pay via UPI ID
Add ₹10000 to my secondary account,pay to self
Wire 1000 to 1122334455,bank transfer
Add ₹10000 to my secondary account,pay to self
Transfer money to my own account,pay to self
Pay 2000 via alice@upi,pay via UPI ID
I need my QR code for transactions,show my QR code
I need to scan a QR code,open QR code
Show my QR code for payment,show my QR code
Make a payment of 500 to John,pay via contacts
Can you activate the QR scanner?,open QR code
Can you fetch my last payments?,transaction history
Make a payment of 2000 to Emma,pay via contacts
Display my recent transactions,transaction history
I need to see my past transactions,transaction history
Show my transaction history,transaction history
Show my QR code for payment,show my QR code
Transfer 250 using emma@paytm,pay via UPI ID
I need to see my past transactions,transaction history
Pay 500 via alice@upi,pay via UPI ID
Pay using the scanned QR code,pay via QR code
Scan a QR code to pay,pay via QR code
Can you process a QR code payment?,pay via QR code
Make a UPI payment of 500 to emma@paytm,pay via UPI ID
Open the QR code scanner,open QR code
Pay 1000 via alice@upi,pay via UPI ID
Transfer 250 to Alice,pay via contacts
I need to see my past transactions,transaction history
Make a payment using QR,pay via QR code
Launch the QR code scanner,open QR code
I need to scan a QR code,open QR code
Pay using the scanned QR code,pay via QR code
Can you activate the QR scanner?,open QR code
Make a UPI payment of 2000 to bob@ybl,pay via UPI ID
Display my recent transactions,transaction history
Deposit 750 into 5566778899,bank transfer
Show my transaction history,transaction history
Launch the QR code scanner,open QR code
Can I transfer ₹5000 to myself?,pay to self
Open the QR code scanner,open QR code
Send 750 to alice@upi,pay via UPI ID
Launch the QR code scanner,open QR code
Display my recent transactions,transaction history
Move ₹5500 within my accounts,pay to self
Send 2000 to Bob,pay via contacts
Can you process a QR code payment?,pay via QR code
Make a UPI payment of 2000 to emma@paytm,pay via UPI ID
I need to see my past transactions,transaction history
Transfer 1000 using emma@paytm,pay via UPI ID
Bank transfer 2000 to 9876543210,bank transfer
Transfer 250 using emma@paytm,pay via UPI ID
Can you transfer 250 to 9876543210?,bank transfer
Can you activate the QR scanner?,open QR code
Can I send ₹2500 to my own account?,pay to self
Display my recent transactions,transaction history
Scan a QR code to pay,pay via QR code
Pay using the scanned QR code,pay via QR code
Can you activate the QR scanner?,open QR code
Bank transfer 2000 to 1234567890,bank transfer
Deposit 750 into 5566778899,bank transfer
Transfer 250 to Alice,pay via contacts
Bank transfer 250 to 1234567890,bank transfer
Display my QR code,show my QR code
Make a payment of 750 to John,pay via contacts
Can you process a QR code payment?,pay via QR code
Show my transaction history,transaction history
Make a UPI payment of 1000 to alice@upi,pay via UPI ID
Send 250 to alice@upi,pay via UPI ID
Can you activate the QR scanner?,open QR code
Send 2000 to Bob,pay via contacts
Display my QR code,show my QR code
Can you transfer 2000 to 1234567890?,bank transfer
Bank transfer 250 to 1234567890,bank transfer
Pay 1000 via bob@ybl,pay via UPI ID
Can you pay 2000 to Emma?,pay via contacts
Can you fetch my payment QR code?,show my QR code
I need to scan a QR code,open QR code
Deposit 750 into 1122334455,bank transfer
Can you activate the QR scanner?,open QR code
Can you fetch my last payments?,transaction history
I need my QR code for transactions,show my QR code
I need to scan a QR code,open QR code
Make a payment of 1000 to John,pay via contacts
Make a payment of 500 to Alice,pay via contacts
Can you fetch my last payments?,transaction history
Bank transfer 250 to 9876543210,bank transfer
Display my QR code,show my QR code
Move ₹1000 from checking to savings,pay to self
Transfer 1000 using bob@ybl,pay via UPI ID
I need my QR code for transactions,show my QR code
Pay 1000 via emma@paytm,pay via UPI ID
Show my QR code for payment,show my QR code
Make a payment of 750 to Emma,pay via contacts
Bank transfer 750 to 9876543210,bank transfer
Transfer 1000 using bob@ybl,pay via UPI ID
Self-transfer ₹1500,pay to self
I need my QR code for transactions,show my QR code
Can you activate the QR scanner?,open QR code
Can you pay 250 to Emma?,pay via contacts
Transfer 2000 using bob@ybl,pay via UPI ID
Pay using the scanned QR code,pay via QR code
Move ₹1000 from checking to savings,pay to self
Can you transfer 250 to 1234567890?,bank transfer
Can you pay 750 to Alice?,pay via contacts
Send 750 to bob@ybl,pay via UPI ID
Self-transfer ₹1500,pay to self
Make a UPI payment of 500 to alice@upi,pay via UPI ID
Scan a QR code to pay,pay via QR code
Make a payment using QR,pay via QR code
Can you fetch my last payments?,transaction history
Send 500 to Alice,pay via contacts
Can you transfer 2000 to 9876543210?,bank transfer
Display my recent transactions,transaction history
Send 500 to Alice,pay via contacts
Self-transfer ₹1500,pay to self
I need to move ₹700 to another account of mine,pay to self
I need to see my past transactions,transaction history
Self-transfer ₹1500,pay to self
Move ₹5500 within my accounts,pay to self
Can you fetch my last payments?,transaction history
Can I transfer ₹5000 to myself?,pay to self
Make a payment using QR,pay via QR code
Add ₹10000 to my secondary account,pay to self
Can you process a QR code payment?,pay via QR code
Show my QR code for payment,show my QR code
Can you fetch my last payments?,transaction history
Display my QR code,show my QR code
I need to scan a QR code,open QR code
Make a payment using QR,pay via QR code
Scan a QR code to pay,pay via QR code
Show my transaction history,transaction history
Make a UPI payment of 250 to emma@paytm,pay via UPI ID
Can you process a QR code payment?,pay via QR code
Can you pay 250 to Alice?,pay via contacts
Move some funds to my personal account,pay to self
Can you pay 1000 to Alice?,pay via contacts
Pay 750 via emma@paytm,pay via UPI ID
Pay 2000 via alice@upi,pay via UPI ID
Open the QR code scanner,open QR code
Send 1000 to Alice,pay via contacts
Scan a QR code to pay,pay via QR code
Can you fetch my payment QR code?,show my QR code
Shift ₹4500 from wallet to bank,pay to self
I need to see my past transactions,transaction history
Deposit 500 into 1234567890,bank transfer
Display my recent transactions,transaction history
Open the QR code scanner,open QR code
Open the QR code scanner,open QR code
Show my QR code for payment,show my QR code
Make a payment using QR,pay via QR code
Scan a QR code to pay,pay via QR code
Can you pay 250 to Alice?,pay via contacts
Move ₹5500 within my accounts,pay to self
Bank transfer 500 to 5566778899,bank transfer
Make a UPI payment of 750 to bob@ybl,pay via UPI ID
Can you pay 500 to Alice?,pay via contacts
Shift ₹4000 to my savings,pay to self
Self-payment of ₹6000,pay to self
Can you fetch my payment QR code?,show my QR code
Display my recent transactions,transaction history
Scan a QR code to pay,pay via QR code
Bank transfer 750 to 1122334455,bank transfer
Pay using the scanned QR code,pay via QR code
I want to pay myself ₹3000,pay to self
Transfer 2000 using emma@paytm,pay via UPI ID
Open the QR code scanner,open QR code
Transfer 1000 using john@sbi,pay via UPI ID
Make a payment of 750 to Bob,pay via contacts
